-- --------------------------------------------------------
-- Host:                         127.0.0.1
-- Server version:               10.1.38-MariaDB - mariadb.org binary distribution
-- Server OS:                    Win64
-- HeidiSQL Version:             10.1.0.5464
-- --------------------------------------------------------

/*!40101 SET @OLD_CHARACTER_SET_CLIENT=@@CHARACTER_SET_CLIENT */;
/*!40101 SET NAMES utf8 */;
/*!50503 SET NAMES utf8mb4 */;
/*!40014 SET @OLD_FOREIGN_KEY_CHECKS=@@FOREIGN_KEY_CHECKS, FOREIGN_KEY_CHECKS=0 */;
/*!40101 SET @OLD_SQL_MODE=@@SQL_MODE, SQL_MODE='NO_AUTO_VALUE_ON_ZERO' */;


-- Dumping database structure for essentialmode
CREATE DATABASE IF NOT EXISTS `essentialmode` /*!40100 DEFAULT CHARACTER SET utf8mb4 COLLATE utf8mb4_bin */;
USE `essentialmode`;

-- Dumping structure for table essentialmode.addon_account
CREATE TABLE IF NOT EXISTS `addon_account` (
  `name` varchar(60) COLLATE utf8mb4_bin NOT NULL,
  `label` varchar(255) COLLATE utf8mb4_bin NOT NULL,
  `shared` int(11) NOT NULL,
  PRIMARY KEY (`name`)
) ENGINE=InnoDB DEFAULT CHARSET=utf8mb4 COLLATE=utf8mb4_bin;

-- Dumping data for table essentialmode.addon_account: ~11 rows (approximately)
/*!40000 ALTER TABLE `addon_account` DISABLE KEYS */;
INSERT INTO `addon_account` (`name`, `label`, `shared`) VALUES
	('bank_savings', 'Bank Savings', 0),
	('caution', 'caution', 0),
	('property_black_money', 'Money Sale Property', 0),
	('society_ambulance', 'EMS', 1),
	('society_banker', 'Bank', 1),
	('society_cardealer', 'Cardealer', 1),
	('society_cartel', 'Cartel', 1),
	('society_mecano', 'Mechanic', 1),
	('society_police', 'Police', 1),
	('society_realestateagent', 'Real Estate Company', 1),
	('society_taxi', 'Taxi', 1);
/*!40000 ALTER TABLE `addon_account` ENABLE KEYS */;

-- Dumping structure for table essentialmode.addon_account_data
CREATE TABLE IF NOT EXISTS `addon_account_data` (
  `id` int(11) NOT NULL AUTO_INCREMENT,
  `account_name` varchar(255) COLLATE utf8mb4_bin DEFAULT NULL,
  `money` double NOT NULL,
  `owner` varchar(255) COLLATE utf8mb4_bin DEFAULT NULL,
  PRIMARY KEY (`id`)
) ENGINE=InnoDB AUTO_INCREMENT=259 DEFAULT CHARSET=utf8mb4 COLLATE=utf8mb4_bin;

-- Dumping data for table essentialmode.addon_account_data: ~257 rows (approximately)
/*!40000 ALTER TABLE `addon_account_data` DISABLE KEYS */;
INSERT INTO `addon_account_data` (`id`, `account_name`, `money`, `owner`) VALUES
	(1, 'society_ambulance', 0, NULL),
	(2, 'society_banker', 0, NULL),
	(3, 'society_cardealer', 0, NULL),
	(4, 'society_cartel', 0, NULL),
	(6, 'society_mecano', 0, NULL),
	(7, 'society_police', 600, NULL),
	(8, 'society_realestateagent', 0, NULL),
	(9, 'society_taxi', 0, NULL),
	(10, 'bank_savings', 0, 'steam:11000010a44d3fb'),
	(11, 'property_black_money', 0, 'steam:11000010a44d3fb'),
	(12, 'caution', 0, 'steam:11000010a44d3fb'),
	(13, 'bank_savings', 0, 'steam:110000115986142'),
	(14, 'caution', 0, 'steam:110000115986142'),
	(15, 'property_black_money', 0, 'steam:110000115986142'),
	(16, 'bank_savings', 0, 'steam:110000116557693'),
	(17, 'caution', 0, 'steam:110000116557693'),
	(18, 'property_black_money', 0, 'steam:110000116557693'),
	(19, 'bank_savings', 0, 'steam:11000010deddfd7'),
	(20, 'caution', 0, 'steam:11000010deddfd7'),
	(21, 'property_black_money', 0, 'steam:11000010deddfd7'),
	(22, 'caution', 0, 'steam:11000011129537c'),
	(23, 'bank_savings', 0, 'steam:11000011129537c'),
	(24, 'property_black_money', 0, 'steam:11000011129537c'),
	(25, 'bank_savings', 0, 'steam:1100001020d3eed'),
	(26, 'caution', 0, 'steam:1100001020d3eed'),
	(27, 'property_black_money', 0, 'steam:1100001020d3eed'),
	(28, 'bank_savings', 0, 'steam:11000010662e9c6'),
	(29, 'caution', 0, 'steam:11000010662e9c6'),
	(30, 'property_black_money', 0, 'steam:11000010662e9c6'),
	(31, 'bank_savings', 0, 'steam:11000010601b981'),
	(32, 'caution', 0, 'steam:11000010601b981'),
	(33, 'property_black_money', 0, 'steam:11000010601b981'),
	(34, 'bank_savings', 0, 'steam:110000102b061cf'),
	(35, 'caution', 0, 'steam:110000102b061cf'),
	(36, 'property_black_money', 0, 'steam:110000102b061cf'),
	(37, 'bank_savings', 0, 'steam:1100001123a2c90'),
	(38, 'caution', 220, 'steam:1100001123a2c90'),
	(39, 'property_black_money', 0, 'steam:1100001123a2c90'),
	(40, 'bank_savings', 0, 'steam:110000109c9813a'),
	(41, 'caution', 0, 'steam:110000109c9813a'),
	(42, 'property_black_money', 0, 'steam:110000109c9813a'),
	(43, 'bank_savings', 0, 'steam:1100001124879e8'),
	(44, 'caution', 0, 'steam:1100001124879e8'),
	(45, 'property_black_money', 0, 'steam:1100001124879e8'),
	(46, 'bank_savings', 0, 'steam:110000112e28479'),
	(47, 'caution', 0, 'steam:110000112e28479'),
	(48, 'property_black_money', 0, 'steam:110000112e28479'),
	(49, 'bank_savings', 0, 'steam:11000010770908b'),
	(50, 'caution', 0, 'steam:11000010770908b'),
	(51, 'property_black_money', 0, 'steam:11000010770908b'),
	(52, 'bank_savings', 0, 'steam:11000011a5ebd58'),
	(53, 'caution', 0, 'steam:11000011a5ebd58'),
	(54, 'property_black_money', 0, 'steam:11000011a5ebd58'),
	(55, 'bank_savings', 0, 'steam:1100001337ae8c9'),
	(56, 'caution', 0, 'steam:1100001337ae8c9'),
	(57, 'property_black_money', 0, 'steam:1100001337ae8c9'),
	(58, 'bank_savings', 0, 'steam:110000136e96830'),
	(59, 'caution', 0, 'steam:110000136e96830'),
	(60, 'property_black_money', 0, 'steam:110000136e96830'),
	(61, 'caution', 0, 'steam:11000010f459450'),
	(62, 'bank_savings', 0, 'steam:11000010f459450'),
	(63, 'property_black_money', 0, 'steam:11000010f459450'),
	(64, 'bank_savings', 0, 'steam:11000013732c0c8'),
	(65, 'caution', 0, 'steam:11000013732c0c8'),
	(66, 'property_black_money', 0, 'steam:11000013732c0c8'),
	(67, 'bank_savings', 0, 'steam:1100001366d82fe'),
	(68, 'caution', 0, 'steam:1100001366d82fe'),
	(69, 'property_black_money', 0, 'steam:1100001366d82fe'),
	(70, 'bank_savings', 0, 'steam:11000010f685783'),
	(71, 'caution', 0, 'steam:11000010f685783'),
	(72, 'property_black_money', 0, 'steam:11000010f685783'),
	(73, 'bank_savings', 0, 'steam:1100001048bc9c5'),
	(74, 'caution', 0, 'steam:1100001048bc9c5'),
	(75, 'property_black_money', 0, 'steam:1100001048bc9c5'),
	(76, 'bank_savings', 0, 'steam:1100001060d204f'),
	(77, 'caution', 0, 'steam:1100001060d204f'),
	(78, 'property_black_money', 0, 'steam:1100001060d204f'),
	(79, 'bank_savings', 0, 'steam:110000111bf0044'),
	(80, 'caution', 0, 'steam:110000111bf0044'),
	(81, 'property_black_money', 0, 'steam:110000111bf0044'),
	(82, 'bank_savings', 0, 'steam:11000010a586332'),
	(83, 'caution', 0, 'steam:11000010a586332'),
	(84, 'property_black_money', 0, 'steam:11000010a586332'),
	(85, 'bank_savings', 0, 'steam:110000107cb08f9'),
	(86, 'caution', 0, 'steam:110000107cb08f9'),
	(87, 'property_black_money', 0, 'steam:110000107cb08f9'),
	(88, 'bank_savings', 0, 'steam:11000010538aa64'),
	(89, 'caution', 0, 'steam:11000010538aa64'),
	(90, 'property_black_money', 0, 'steam:11000010538aa64'),
	(91, 'bank_savings', 0, 'steam:11000011b56bae5'),
	(92, 'caution', 0, 'steam:11000011b56bae5'),
	(93, 'property_black_money', 0, 'steam:11000011b56bae5'),
	(94, 'bank_savings', 0, 'steam:11000011915c28b'),
	(95, 'caution', 0, 'steam:11000011915c28b'),
	(96, 'property_black_money', 0, 'steam:11000011915c28b'),
	(97, 'bank_savings', 0, 'steam:11000010e0f2322'),
	(98, 'caution', 0, 'steam:11000010e0f2322'),
	(99, 'property_black_money', 0, 'steam:11000010e0f2322'),
	(100, 'bank_savings', 0, 'steam:110000111c08cda'),
	(101, 'caution', 0, 'steam:110000111c08cda'),
	(102, 'property_black_money', 0, 'steam:110000111c08cda'),
	(103, 'property_black_money', 0, 'steam:1100001126d6569'),
	(104, 'bank_savings', 0, 'steam:1100001126d6569'),
	(105, 'caution', 0, 'steam:1100001126d6569'),
	(106, 'bank_savings', 0, 'steam:11000013726a6fe'),
	(107, 'caution', 0, 'steam:11000013726a6fe'),
	(108, 'property_black_money', 0, 'steam:11000013726a6fe'),
	(109, 'bank_savings', 0, 'steam:11000011aa170fd'),
	(110, 'caution', 0, 'steam:11000011aa170fd'),
	(111, 'property_black_money', 0, 'steam:11000011aa170fd'),
	(112, 'bank_savings', 0, 'steam:110000115e493c8'),
	(113, 'caution', 0, 'steam:110000115e493c8'),
	(114, 'property_black_money', 0, 'steam:110000115e493c8'),
	(115, 'bank_savings', 0, 'steam:11000011221b487'),
	(116, 'caution', 0, 'steam:11000011221b487'),
	(117, 'property_black_money', 0, 'steam:11000011221b487'),
	(118, 'bank_savings', 0, 'steam:1100001081f7334'),
	(119, 'caution', 0, 'steam:1100001081f7334'),
	(120, 'property_black_money', 0, 'steam:1100001081f7334'),
	(121, 'bank_savings', 0, 'steam:110000106929182'),
	(122, 'caution', 0, 'steam:110000106929182'),
	(123, 'property_black_money', 0, 'steam:110000106929182'),
	(124, 'bank_savings', 0, 'steam:11000010b560d5d'),
	(125, 'caution', 0, 'steam:11000010b560d5d'),
	(126, 'property_black_money', 0, 'steam:11000010b560d5d'),
	(127, 'bank_savings', 0, 'steam:110000136d86cde'),
	(128, 'caution', 0, 'steam:110000136d86cde'),
	(129, 'property_black_money', 0, 'steam:110000136d86cde'),
	(130, 'bank_savings', 0, 'steam:11000013b119c53'),
	(131, 'caution', 0, 'steam:11000013b119c53'),
	(132, 'property_black_money', 0, 'steam:11000013b119c53'),
	(133, 'bank_savings', 0, 'steam:1100001057027c6'),
	(134, 'caution', 0, 'steam:1100001057027c6'),
	(135, 'property_black_money', 0, 'steam:1100001057027c6'),
	(136, 'bank_savings', 0, 'steam:110000103e5543f'),
	(137, 'caution', 0, 'steam:110000103e5543f'),
	(138, 'property_black_money', 0, 'steam:110000103e5543f'),
	(139, 'bank_savings', 0, 'steam:11000010b8a1158'),
	(140, 'property_black_money', 0, 'steam:11000010b8a1158'),
	(141, 'caution', 2000, 'steam:11000010b8a1158'),
	(142, 'bank_savings', 0, 'steam:1100001057e070e'),
	(143, 'property_black_money', 0, 'steam:1100001057e070e'),
	(144, 'caution', 0, 'steam:1100001057e070e'),
	(145, 'bank_savings', 0, 'steam:1100001066c265d'),
	(146, 'caution', 0, 'steam:1100001066c265d'),
	(147, 'property_black_money', 0, 'steam:1100001066c265d'),
	(148, 'caution', 0, 'steam:110000105f9f2da'),
	(149, 'property_black_money', 0, 'steam:110000105f9f2da'),
	(150, 'bank_savings', 0, 'steam:110000105f9f2da'),
	(151, 'bank_savings', 0, 'steam:110000117ace785'),
	(152, 'caution', 0, 'steam:110000117ace785'),
	(153, 'property_black_money', 0, 'steam:110000117ace785'),
	(154, 'bank_savings', 0, 'steam:110000100b83113'),
	(155, 'caution', 0, 'steam:110000100b83113'),
	(156, 'property_black_money', 0, 'steam:110000100b83113'),
	(157, 'bank_savings', 0, 'steam:11000011338901d'),
	(158, 'caution', 0, 'steam:11000011338901d'),
	(159, 'property_black_money', 0, 'steam:11000011338901d'),
	(160, 'property_black_money', 0, 'steam:11000010723c135'),
	(161, 'bank_savings', 0, 'steam:11000010723c135'),
	(162, 'caution', 0, 'steam:11000010723c135'),
	(163, 'bank_savings', 0, 'steam:110000107a24fa1'),
	(164, 'caution', 0, 'steam:110000107a24fa1'),
	(165, 'property_black_money', 0, 'steam:110000107a24fa1'),
	(166, 'bank_savings', 0, 'steam:110000136344c46'),
	(167, 'caution', 0, 'steam:110000136344c46'),
	(168, 'property_black_money', 0, 'steam:110000136344c46'),
	(169, 'bank_savings', 0, 'steam:11000010f0d0a35'),
	(170, 'caution', 0, 'steam:11000010f0d0a35'),
	(171, 'property_black_money', 0, 'steam:11000010f0d0a35'),
	(172, 'bank_savings', 0, 'steam:110000105128a8c'),
	(173, 'caution', 0, 'steam:110000105128a8c'),
	(174, 'property_black_money', 0, 'steam:110000105128a8c'),
	(175, 'bank_savings', 0, 'steam:11000010a3b2583'),
	(176, 'caution', 0, 'steam:11000010a3b2583'),
	(177, 'property_black_money', 0, 'steam:11000010a3b2583'),
	(178, 'bank_savings', 0, 'steam:110000105dc7164'),
	(179, 'caution', 0, 'steam:110000105dc7164'),
	(180, 'property_black_money', 0, 'steam:110000105dc7164'),
	(181, 'bank_savings', 0, 'steam:11000010a105523'),
	(182, 'caution', 0, 'steam:11000010a105523'),
	(183, 'property_black_money', 0, 'steam:11000010a105523'),
	(184, 'bank_savings', 0, 'steam:11000010ccf37ca'),
	(185, 'caution', 0, 'steam:11000010ccf37ca'),
	(186, 'property_black_money', 0, 'steam:11000010ccf37ca'),
	(187, 'bank_savings', 0, 'steam:11000010584aa40'),
	(188, 'caution', 0, 'steam:11000010584aa40'),
	(189, 'property_black_money', 0, 'steam:11000010584aa40'),
	(190, 'bank_savings', 0, 'steam:110000110e7f810'),
	(191, 'caution', 0, 'steam:110000110e7f810'),
	(192, 'property_black_money', 0, 'steam:110000110e7f810'),
	(193, 'bank_savings', 0, 'steam:11000010502c8dd'),
	(194, 'caution', 0, 'steam:11000010502c8dd'),
	(195, 'property_black_money', 0, 'steam:11000010502c8dd'),
	(196, 'bank_savings', 0, 'steam:11000010fc1fd64'),
	(197, 'caution', 0, 'steam:11000010fc1fd64'),
	(198, 'property_black_money', 0, 'steam:11000010fc1fd64'),
	(199, 'bank_savings', 0, 'steam:110000104cba75c'),
	(200, 'caution', 0, 'steam:110000104cba75c'),
	(201, 'property_black_money', 0, 'steam:110000104cba75c'),
	(202, 'bank_savings', 0, 'steam:110000131e418d6'),
	(203, 'caution', 0, 'steam:110000131e418d6'),
	(204, 'property_black_money', 0, 'steam:110000131e418d6'),
	(205, 'bank_savings', 0, 'steam:110000103cb67f0'),
	(206, 'caution', 0, 'steam:110000103cb67f0'),
	(207, 'property_black_money', 0, 'steam:110000103cb67f0'),
	(208, 'bank_savings', 0, 'steam:11000013319a446'),
	(209, 'caution', 0, 'steam:11000013319a446'),
	(210, 'property_black_money', 0, 'steam:11000013319a446'),
	(211, 'bank_savings', 0, 'steam:110000100d56d75'),
	(212, 'caution', 0, 'steam:110000100d56d75'),
	(213, 'property_black_money', 0, 'steam:110000100d56d75'),
	(214, 'bank_savings', 0, 'steam:110000138c2c651'),
	(215, 'property_black_money', 0, 'steam:110000138c2c651'),
	(216, 'caution', 0, 'steam:110000138c2c651'),
	(217, 'bank_savings', 0, 'steam:11000010edab357'),
	(218, 'caution', 0, 'steam:11000010edab357'),
	(219, 'property_black_money', 0, 'steam:11000010edab357'),
	(220, 'bank_savings', 0, 'steam:110000100020401'),
	(221, 'caution', 0, 'steam:110000100020401'),
	(222, 'property_black_money', 0, 'steam:110000100020401'),
	(223, 'bank_savings', 0, 'steam:110000101bf4db7'),
	(224, 'caution', 0, 'steam:110000101bf4db7'),
	(225, 'property_black_money', 0, 'steam:110000101bf4db7'),
	(226, 'bank_savings', 0, 'steam:11000010b2c0fc7'),
	(227, 'caution', 0, 'steam:11000010b2c0fc7'),
	(228, 'property_black_money', 0, 'steam:11000010b2c0fc7'),
	(229, 'bank_savings', 0, 'steam:1100001151b9041'),
	(230, 'caution', 0, 'steam:1100001151b9041'),
	(231, 'property_black_money', 0, 'steam:1100001151b9041'),
	(232, 'bank_savings', 0, 'steam:11000010c765b9e'),
	(233, 'caution', 0, 'steam:11000010c765b9e'),
	(234, 'property_black_money', 0, 'steam:11000010c765b9e'),
	(235, 'bank_savings', 0, 'steam:1100001073d9ce8'),
	(236, 'caution', 0, 'steam:1100001073d9ce8'),
	(237, 'property_black_money', 0, 'steam:1100001073d9ce8'),
	(238, 'bank_savings', 0, 'steam:11000010cb47682'),
	(239, 'caution', 0, 'steam:11000010cb47682'),
	(240, 'property_black_money', 0, 'steam:11000010cb47682'),
	(241, 'bank_savings', 0, 'steam:11000010659c823'),
	(242, 'caution', 2000, 'steam:11000010659c823'),
	(243, 'property_black_money', 0, 'steam:11000010659c823'),
	(244, 'bank_savings', 0, 'steam:1100001166c3189'),
	(245, 'caution', 0, 'steam:1100001166c3189'),
	(246, 'property_black_money', 0, 'steam:1100001166c3189'),
	(247, 'bank_savings', 0, 'steam:110000111998809'),
	(248, 'caution', 0, 'steam:110000111998809'),
	(249, 'property_black_money', 0, 'steam:110000111998809'),
	(250, 'bank_savings', 0, 'steam:1100001009e56e3'),
	(251, 'property_black_money', 0, 'steam:1100001009e56e3'),
	(252, 'caution', 0, 'steam:1100001009e56e3'),
	(253, 'bank_savings', 0, 'steam:110000116369cd9'),
	(254, 'caution', 0, 'steam:110000116369cd9'),
	(255, 'property_black_money', 0, 'steam:110000116369cd9'),
	(256, 'bank_savings', 0, 'steam:1100001366d9112'),
	(257, 'caution', 0, 'steam:1100001366d9112'),
	(258, 'property_black_money', 0, 'steam:1100001366d9112');
/*!40000 ALTER TABLE `addon_account_data` ENABLE KEYS */;

-- Dumping structure for table essentialmode.addon_inventory
CREATE TABLE IF NOT EXISTS `addon_inventory` (
  `name` varchar(60) COLLATE utf8mb4_bin NOT NULL,
  `label` varchar(255) COLLATE utf8mb4_bin NOT NULL,
  `shared` int(11) NOT NULL,
  PRIMARY KEY (`name`)
) ENGINE=InnoDB DEFAULT CHARSET=utf8mb4 COLLATE=utf8mb4_bin;

-- Dumping data for table essentialmode.addon_inventory: ~7 rows (approximately)
/*!40000 ALTER TABLE `addon_inventory` DISABLE KEYS */;
INSERT INTO `addon_inventory` (`name`, `label`, `shared`) VALUES
	('property', 'Property', 0),
	('society_ambulance', 'EMS', 1),
	('society_cardealer', 'Cardealer', 1),
	('society_cartel', 'Cartel', 1),
	('society_mecano', 'Mechanic', 1),
	('society_police', 'Police', 1),
	('society_taxi', 'Taxi', 1);
/*!40000 ALTER TABLE `addon_inventory` ENABLE KEYS */;

-- Dumping structure for table essentialmode.addon_inventory_items
CREATE TABLE IF NOT EXISTS `addon_inventory_items` (
  `id` int(11) NOT NULL AUTO_INCREMENT,
  `inventory_name` varchar(255) COLLATE utf8mb4_bin NOT NULL,
  `name` varchar(255) COLLATE utf8mb4_bin NOT NULL,
  `count` int(11) NOT NULL,
  `owner` varchar(60) COLLATE utf8mb4_bin DEFAULT NULL,
  PRIMARY KEY (`id`)
) ENGINE=InnoDB DEFAULT CHARSET=utf8mb4 COLLATE=utf8mb4_bin;

-- Dumping data for table essentialmode.addon_inventory_items: ~0 rows (approximately)
/*!40000 ALTER TABLE `addon_inventory_items` DISABLE KEYS */;
/*!40000 ALTER TABLE `addon_inventory_items` ENABLE KEYS */;

-- Dumping structure for table essentialmode.billing
CREATE TABLE IF NOT EXISTS `billing` (
  `id` int(11) NOT NULL AUTO_INCREMENT,
  `identifier` varchar(255) COLLATE utf8mb4_bin NOT NULL,
  `sender` varchar(255) COLLATE utf8mb4_bin NOT NULL,
  `target_type` varchar(50) COLLATE utf8mb4_bin NOT NULL,
  `target` varchar(255) COLLATE utf8mb4_bin NOT NULL,
  `label` varchar(255) COLLATE utf8mb4_bin NOT NULL,
  `amount` int(11) NOT NULL,
  PRIMARY KEY (`id`)
) ENGINE=InnoDB AUTO_INCREMENT=2 DEFAULT CHARSET=utf8mb4 COLLATE=utf8mb4_bin;

-- Dumping data for table essentialmode.billing: ~0 rows (approximately)
/*!40000 ALTER TABLE `billing` DISABLE KEYS */;
/*!40000 ALTER TABLE `billing` ENABLE KEYS */;

-- Dumping structure for table essentialmode.cardealer_vehicles
CREATE TABLE IF NOT EXISTS `cardealer_vehicles` (
  `id` int(11) NOT NULL AUTO_INCREMENT,
  `vehicle` varchar(255) COLLATE utf8mb4_bin NOT NULL,
  `price` int(11) NOT NULL,
  PRIMARY KEY (`id`)
) ENGINE=InnoDB DEFAULT CHARSET=utf8mb4 COLLATE=utf8mb4_bin;

-- Dumping data for table essentialmode.cardealer_vehicles: ~0 rows (approximately)
/*!40000 ALTER TABLE `cardealer_vehicles` DISABLE KEYS */;
/*!40000 ALTER TABLE `cardealer_vehicles` ENABLE KEYS */;

-- Dumping structure for table essentialmode.characters
CREATE TABLE IF NOT EXISTS `characters` (
  `id` int(11) NOT NULL AUTO_INCREMENT,
  `identifier` varchar(255) COLLATE utf8mb4_bin NOT NULL,
  `firstname` varchar(255) COLLATE utf8mb4_bin NOT NULL,
  `lastname` varchar(255) COLLATE utf8mb4_bin NOT NULL,
  `dateofbirth` varchar(255) COLLATE utf8mb4_bin NOT NULL,
  `sex` varchar(1) COLLATE utf8mb4_bin NOT NULL DEFAULT 'M',
  `height` varchar(128) COLLATE utf8mb4_bin NOT NULL,
  PRIMARY KEY (`id`)
) ENGINE=InnoDB AUTO_INCREMENT=88 DEFAULT CHARSET=utf8mb4 COLLATE=utf8mb4_bin;

-- Dumping data for table essentialmode.characters: ~87 rows (approximately)
/*!40000 ALTER TABLE `characters` DISABLE KEYS */;
INSERT INTO `characters` (`id`, `identifier`, `firstname`, `lastname`, `dateofbirth`, `sex`, `height`) VALUES
	(1, 'steam:11000010a44d3fb', 'Skorpan', 'Hamilton', '1989-11-11', 'm', '189'),
	(2, 'steam:110000115986142', 'John ', 'Doe', '06/09/1982', 'm', '150'),
	(3, 'steam:110000116557693', 'Alex', 'Doe', '1990/5/5', 'm', '140'),
	(4, 'steam:11000010deddfd7', 'Natas', 'Nis', '1994-04-30', 'm', '160'),
	(5, 'steam:11000011129537c', 'Kevin', 'Vermont', '1991/5/8', 'm', '170'),
	(6, 'steam:1100001020d3eed', 'Bob', 'Baldman', '27081984', 'm', '200'),
	(7, 'steam:11000010662e9c6', 'Eric', 'Smith', '1989/04/24', 'm', '200'),
	(8, 'steam:11000010601b981', 'Frozen', 'Willy', '1996-11-10', 'm', '185'),
	(9, 'steam:110000102b061cf', 'Jason', 'Hamilton', '19921213', 'm', '169'),
	(10, 'steam:1100001123a2c90', 'Goofy ', 'Goober', '1971/12/25', 'm', '150'),
	(11, 'steam:1100001124879e8', 'Patrik', 'Nertigel', '1999-12-08', 'm', '178'),
	(12, 'steam:110000112e28479', 'Adolf', 'Strauss', '1991-12-28', 'm', '200'),
	(13, 'steam:110000109c9813a', 'Timothy', 'Horton', '1995/01/01', 'm', '190'),
	(14, 'steam:110000102b061cf', 'Jason', 'Hamilton', '19921213', 'm', '169'),
	(15, 'steam:11000010770908b', 'Flaco', 'Turner', '1998/01/05', 'm', '185'),
	(16, 'steam:11000011a5ebd58', 'Tom', 'Carter', '1995-04-09', 'm', '180'),
	(17, 'steam:1100001337ae8c9', 'Ethan', 'Joss', '2000/06/15', 'm', '170'),
	(18, 'steam:110000136e96830', 'Mike', 'Junt', '1999/09/09', 'm', '180'),
	(19, 'steam:11000010f459450', 'Elvio', 'Carpio', '19900624', 'm', '160'),
	(20, 'steam:11000013732c0c8', 'David', 'Walker', '12/18/1990', 'm', '180'),
	(21, 'steam:1100001366d82fe', 'Damien', 'Marley', '6/2/98', 'm', '180'),
	(22, 'steam:1100001048bc9c5', 'Marlos', 'Farlig', '1996/6/12', 'm', '170'),
	(23, 'steam:1100001060d204f', 'Thomas', 'Schnoz', '1988-01-10', 'm', '185'),
	(24, 'steam:110000111bf0044', 'Bob', 'Miller', '1990/05/18', 'm', '160'),
	(25, 'steam:11000010a586332', 'Andi', 'Bastard', '1999/12/12', 'f', '180'),
	(26, 'steam:110000107cb08f9', 'Andy', 'Styler', '19930202', 'm', '190'),
	(27, 'steam:11000010538aa64', 'Will', 'Steel', '1990-01-01', 'm', '190'),
	(28, 'steam:11000011b56bae5', 'John', 'Smith', '1974/01/01', 'm', '150'),
	(29, 'steam:11000011915c28b', 'MOHAMMED ', 'NIGGERS', '1893 11 12', 'm', '200'),
	(30, 'steam:11000010e0f2322', 'Mad', 'Dawg', '1999-01-24', 'm', '160'),
	(31, 'steam:110000111c08cda', 'Linzi', 'Prat', '05/30/1989', 'f', '170'),
	(32, 'steam:1100001126d6569', 'The', 'Fsd', '1278-89-67', 'm', '160'),
	(33, 'steam:110000111c08cda', 'Linzi', 'Prat', '05/30/1989', 'f', '170'),
	(34, 'steam:11000013726a6fe', 'John', 'Jay', '03/14/1996', 'm', '160'),
	(35, 'steam:11000011aa170fd', 'Ben', 'Dover', '1997-07-21', 'm', '155'),
	(36, 'steam:110000115e493c8', 'Rawr', 'Jibby', '1980/04/15', 'm', '200'),
	(37, 'steam:11000011221b487', 'Jesser', 'Msekni', '1992-09-12', 'm', '179'),
	(38, 'steam:110000107cb08f9', 'Willy', 'Oboy', '19930202', 'm', '190'),
	(39, 'steam:1100001081f7334', 'Dale', 'Kennedy', '1990/02/12', 'm', '171'),
	(40, 'steam:110000106929182', 'Dwayne', 'Kennedy', '12/03/1990', 'm', '200'),
	(41, 'steam:11000010b560d5d', 'Duke', 'Hirst', '1990', 'm', '200'),
	(42, 'steam:110000136d86cde', 'Tyrone', 'Smith', '2000/10/04', 'm', '170'),
	(43, 'steam:110000136d86cde', 'Tyrone', 'Smith', '2000/10/04', 'm', '170'),
	(44, 'steam:110000115e493c8', 'Rawr', 'Jibby', '1980/04/15', 'm', '200'),
	(45, 'steam:11000013b119c53', 'Boon ', 'Bundy', '1000/05/29', 'm', '140'),
	(46, 'steam:1100001057027c6', 'Frank', 'Wilson', '1997/10/21', 'm', '200'),
	(47, 'steam:110000103e5543f', 'Alexander', 'Lee', '03/21/1975', 'm', '183'),
	(48, 'steam:11000010b8a1158', 'Bob', 'Brown', '1991', 'm', '166'),
	(49, 'steam:1100001057e070e', 'Tony', 'Gangi', '1992-11-17', 'm', '185'),
	(50, 'steam:1100001066c265d', 'Bobby', 'McSwagger', '1111111', 'm', '169'),
	(51, 'steam:110000105f9f2da', 'Brightly', 'Pel', '1993/22/09', 'm', '170'),
	(52, 'steam:110000117ace785', 'Jalal', 'Dice', '1988-10-12', 'm', '180'),
	(53, 'steam:110000100b83113', 'Steven', 'Snipes', '1989-02-23', 'm', '150'),
	(54, 'steam:11000011338901d', 'Razor', 'Jackson', '1997-03-12', 'm', '160'),
	(55, 'steam:11000010723c135', 'Hernandez', 'Cortez', '2000-01-17', 'm', '180'),
	(56, 'steam:110000107a24fa1', 'John', 'Cooper', '01/02/1980', 'm', '200'),
	(57, 'steam:110000136344c46', 'Preacher', 'Lawson', '1999/04/20', 'm', '169'),
	(58, 'steam:11000010f0d0a35', 'Jimbo', 'Slice', '1990 10 10', 'm', '180'),
	(59, 'steam:110000105128a8c', 'Adrian', 'Waters', '1990-01-03', 'm', '160'),
	(60, 'steam:110000105dc7164', 'Jake', 'Swift', '1988-06-06', 'm', '200'),
	(61, 'steam:11000010a105523', 'Kristen', 'Swift', '1988-04-04', 'f', '160'),
	(62, 'steam:11000010a3b2583', 'Timothy', 'Swift', '1990-11-06', 'm', '170'),
	(63, 'steam:11000010ccf37ca', 'James', 'Diaz', '1990-05-03', 'm', '200'),
	(64, 'steam:11000010584aa40', 'Anderson', 'Drew', '1955-06-15', 'm', '191'),
	(65, 'steam:110000110e7f810', 'Jim', 'Nloan', '98/04/20', 'm', '197'),
	(66, 'steam:11000010502c8dd', 'Jonh', 'Doe', '2000/12/12', 'm', '200'),
	(67, 'steam:110000105dc7164', 'Jake', 'Swift', '1988-06-06', 'm', '200'),
	(68, 'steam:11000010fc1fd64', 'Kenneth', 'Rober', '06/15/1988', 'm', '170'),
	(69, 'steam:110000105dc7164', 'Jake', 'Swift', '1988-06-06', 'm', '200'),
	(70, 'steam:11000010502c8dd', 'Jonh', 'Doe', '2000/12/12', 'm', '200'),
	(71, 'steam:110000104cba75c', 'Billy', 'Shaw', '1991-12-12', 'm', '200'),
	(72, 'steam:110000131e418d6', 'Kalvin', 'Kenard', '1991-01-10', 'm', '199'),
	(73, 'steam:11000013319a446', 'Austin', 'Granger', '2000/05/10', 'm', '172'),
	(74, 'steam:110000138c2c651', 'Frank', 'Castle', '1983/05/12', 'm', '200'),
	(75, 'steam:11000010edab357', 'Luis', 'Moura', '1998-01-10', 'm', '190'),
	(76, 'steam:110000100020401', 'Jaraah', 'Davis', '1980-10-06', 'm', '200'),
	(77, 'steam:110000101bf4db7', 'Andiy', 'Goon', '19930719', 'm', '193'),
	(78, 'steam:1100001151b9041', 'Afefe', 'Aefefe', '1/01/199', 'm', '157'),
	(79, 'steam:11000010c765b9e', 'Memphis', 'Raines', '1969-06-09', 'm', '169'),
	(80, 'steam:1100001073d9ce8', 'Pelmeni', 'God', '5-5-97', 'm', '180'),
	(81, 'steam:110000101bf4db7', 'Andiy', 'Goon', '19930719', 'm', '193'),
	(82, 'steam:11000010cb47682', 'Franky', 'Guapo', '19910204', 'm', '150'),
	(83, 'steam:11000010659c823', 'Daniel', 'Rooikat', '1990/10/5', 'm', '150'),
	(84, 'steam:1100001166c3189', 'Edward', 'Smith', '1995-01-04', 'm', '178'),
	(85, 'steam:110000111998809', 'James', 'Morrison', '19951004', 'm', '190'),
	(86, 'steam:1100001009e56e3', 'Jason', 'Salvatore', '28/02/1990', 'm', '190'),
	(87, 'steam:110000116369cd9', 'Mona', 'Lenartson', '19990917', 'f', '156');
/*!40000 ALTER TABLE `characters` ENABLE KEYS */;

-- Dumping structure for table essentialmode.datastore
CREATE TABLE IF NOT EXISTS `datastore` (
  `name` varchar(60) COLLATE utf8mb4_bin NOT NULL,
  `label` varchar(255) COLLATE utf8mb4_bin NOT NULL,
  `shared` int(11) NOT NULL,
  PRIMARY KEY (`name`)
) ENGINE=InnoDB DEFAULT CHARSET=utf8mb4 COLLATE=utf8mb4_bin;

-- Dumping data for table essentialmode.datastore: ~10 rows (approximately)
/*!40000 ALTER TABLE `datastore` DISABLE KEYS */;
INSERT INTO `datastore` (`name`, `label`, `shared`) VALUES
	('property', 'Property', 0),
	('society_ambulance', 'EMS', 1),
	('society_cartel', 'Cartel', 1),
	('society_mafia2', 'Mafia2', 1),
	('society_police', 'Police', 1),
	('society_taxi', 'Taxi', 1),
	('user_ears', 'Ears', 0),
	('user_glasses', 'Glasses', 0),
	('user_helmet', 'Helmet', 0),
	('user_mask', 'Mask', 0);
/*!40000 ALTER TABLE `datastore` ENABLE KEYS */;

-- Dumping structure for table essentialmode.datastore_data
CREATE TABLE IF NOT EXISTS `datastore_data` (
  `id` int(11) NOT NULL AUTO_INCREMENT,
  `name` varchar(60) COLLATE utf8mb4_bin NOT NULL,
  `owner` varchar(60) COLLATE utf8mb4_bin DEFAULT NULL,
  `data` longtext COLLATE utf8mb4_bin,
  PRIMARY KEY (`id`),
  UNIQUE KEY `unique_datastore_owner_name` (`owner`,`name`),
  KEY `index_datastore_name` (`name`)
) ENGINE=InnoDB AUTO_INCREMENT=421 DEFAULT CHARSET=utf8mb4 COLLATE=utf8mb4_bin;

-- Dumping data for table essentialmode.datastore_data: ~420 rows (approximately)
/*!40000 ALTER TABLE `datastore_data` DISABLE KEYS */;
INSERT INTO `datastore_data` (`id`, `name`, `owner`, `data`) VALUES
	(1, 'society_ambulance', NULL, '{}'),
	(2, 'society_cartel', NULL, '{}'),
	(3, 'society_mafia2', NULL, '{}'),
	(4, 'society_police', NULL, '{}'),
	(5, 'society_taxi', NULL, '{}'),
	(6, 'user_ears', 'steam:11000010a44d3fb', '{}'),
	(7, 'property', 'steam:11000010a44d3fb', '{}'),
	(8, 'user_glasses', 'steam:11000010a44d3fb', '{}'),
	(9, 'user_mask', 'steam:11000010a44d3fb', '{}'),
	(10, 'user_helmet', 'steam:11000010a44d3fb', '{}'),
	(11, 'property', 'steam:110000115986142', '{}'),
	(12, 'user_ears', 'steam:110000115986142', '{}'),
	(13, 'user_glasses', 'steam:110000115986142', '{}'),
	(14, 'user_mask', 'steam:110000115986142', '{}'),
	(15, 'user_helmet', 'steam:110000115986142', '{}'),
	(16, 'property', 'steam:110000116557693', '{}'),
	(17, 'user_ears', 'steam:110000116557693', '{}'),
	(18, 'user_glasses', 'steam:110000116557693', '{}'),
	(19, 'user_mask', 'steam:110000116557693', '{}'),
	(20, 'user_helmet', 'steam:110000116557693', '{}'),
	(21, 'user_ears', 'steam:11000010deddfd7', '{}'),
	(22, 'property', 'steam:11000010deddfd7', '{}'),
	(23, 'user_glasses', 'steam:11000010deddfd7', '{}'),
	(24, 'user_helmet', 'steam:11000010deddfd7', '{}'),
	(25, 'user_mask', 'steam:11000010deddfd7', '{}'),
	(26, 'property', 'steam:11000011129537c', '{}'),
	(27, 'user_ears', 'steam:11000011129537c', '{}'),
	(28, 'user_glasses', 'steam:11000011129537c', '{}'),
	(29, 'user_helmet', 'steam:11000011129537c', '{}'),
	(30, 'user_mask', 'steam:11000011129537c', '{}'),
	(31, 'property', 'steam:1100001020d3eed', '{}'),
	(32, 'user_ears', 'steam:1100001020d3eed', '{}'),
	(33, 'user_glasses', 'steam:1100001020d3eed', '{}'),
	(34, 'user_helmet', 'steam:1100001020d3eed', '{}'),
	(35, 'user_mask', 'steam:1100001020d3eed', '{}'),
	(36, 'user_ears', 'steam:11000010662e9c6', '{}'),
	(37, 'user_glasses', 'steam:11000010662e9c6', '{}'),
	(38, 'property', 'steam:11000010662e9c6', '{}'),
	(39, 'user_helmet', 'steam:11000010662e9c6', '{}'),
	(40, 'user_mask', 'steam:11000010662e9c6', '{}'),
	(41, 'property', 'steam:11000010601b981', '{}'),
	(42, 'user_ears', 'steam:11000010601b981', '{}'),
	(43, 'user_glasses', 'steam:11000010601b981', '{}'),
	(44, 'user_helmet', 'steam:11000010601b981', '{}'),
	(45, 'user_mask', 'steam:11000010601b981', '{}'),
	(46, 'property', 'steam:110000102b061cf', '{}'),
	(47, 'user_glasses', 'steam:110000102b061cf', '{}'),
	(48, 'user_helmet', 'steam:110000102b061cf', '{}'),
	(49, 'user_ears', 'steam:110000102b061cf', '{}'),
	(50, 'user_mask', 'steam:110000102b061cf', '{}'),
	(51, 'property', 'steam:1100001123a2c90', '{}'),
	(52, 'user_ears', 'steam:1100001123a2c90', '{}'),
	(53, 'user_glasses', 'steam:1100001123a2c90', '{}'),
	(54, 'user_helmet', 'steam:1100001123a2c90', '{}'),
	(55, 'user_mask', 'steam:1100001123a2c90', '{}'),
	(56, 'property', 'steam:110000109c9813a', '{}'),
	(57, 'user_glasses', 'steam:110000109c9813a', '{}'),
	(58, 'user_helmet', 'steam:110000109c9813a', '{}'),
	(59, 'user_mask', 'steam:110000109c9813a', '{}'),
	(60, 'user_ears', 'steam:110000109c9813a', '{}'),
	(61, 'property', 'steam:1100001124879e8', '{}'),
	(62, 'user_ears', 'steam:1100001124879e8', '{}'),
	(63, 'user_glasses', 'steam:1100001124879e8', '{}'),
	(64, 'user_helmet', 'steam:1100001124879e8', '{}'),
	(65, 'user_mask', 'steam:1100001124879e8', '{}'),
	(66, 'property', 'steam:110000112e28479', '{}'),
	(67, 'user_ears', 'steam:110000112e28479', '{}'),
	(68, 'user_glasses', 'steam:110000112e28479', '{}'),
	(69, 'user_helmet', 'steam:110000112e28479', '{}'),
	(70, 'user_mask', 'steam:110000112e28479', '{}'),
	(71, 'property', 'steam:11000010770908b', '{"dressing":[{"skin":{"eye_color":0,"chest_3":0,"blush_2":0,"helmet_2":7,"sun_1":0,"bracelets_1":-1,"lipstick_4":0,"eyebrows_1":33,"bodyb_2":0,"chest_2":0,"moles_2":5,"tshirt_1":35,"bodyb_1":0,"makeup_1":0,"chain_1":11,"shoes_2":0,"watches_2":0,"chest_1":0,"lipstick_2":0,"torso_2":0,"hair_color_2":0,"decals_1":0,"bracelets_2":0,"eyebrows_4":0,"moles_1":4,"bproof_1":0,"age_2":0,"hair_1":19,"makeup_4":0,"ears_2":0,"shoes_1":10,"pants_1":53,"age_1":0,"mask_2":0,"skin":0,"blemishes_1":0,"face":0,"ears_1":-1,"beard_1":11,"chain_2":2,"beard_2":8,"helmet_1":-1,"makeup_2":0,"hair_color_1":5,"decals_2":0,"lipstick_3":0,"torso_1":104,"eyebrows_2":8,"complexion_2":0,"eyebrows_3":5,"sex":0,"blush_3":0,"blemishes_2":0,"mask_1":0,"bproof_2":0,"blush_1":0,"sun_2":0,"pants_2":0,"beard_3":5,"glasses_1":3,"beard_4":0,"arms_2":0,"tshirt_2":0,"complexion_1":0,"makeup_3":0,"hair_2":0,"bags_2":0,"bags_1":0,"lipstick_1":0,"watches_1":3,"arms":1,"glasses_2":9},"label":"yeezus"}]}'),
	(72, 'user_ears', 'steam:11000010770908b', '{}'),
	(73, 'user_glasses', 'steam:11000010770908b', '{}'),
	(74, 'user_helmet', 'steam:11000010770908b', '{}'),
	(75, 'user_mask', 'steam:11000010770908b', '{}'),
	(76, 'property', 'steam:11000011a5ebd58', '{}'),
	(77, 'user_ears', 'steam:11000011a5ebd58', '{}'),
	(78, 'user_glasses', 'steam:11000011a5ebd58', '{}'),
	(79, 'user_helmet', 'steam:11000011a5ebd58', '{}'),
	(80, 'user_mask', 'steam:11000011a5ebd58', '{}'),
	(81, 'property', 'steam:1100001337ae8c9', '{}'),
	(82, 'user_ears', 'steam:1100001337ae8c9', '{}'),
	(83, 'user_glasses', 'steam:1100001337ae8c9', '{}'),
	(84, 'user_helmet', 'steam:1100001337ae8c9', '{}'),
	(85, 'user_mask', 'steam:1100001337ae8c9', '{}'),
	(86, 'property', 'steam:110000136e96830', '{}'),
	(87, 'user_glasses', 'steam:110000136e96830', '{}'),
	(88, 'user_ears', 'steam:110000136e96830', '{}'),
	(89, 'user_mask', 'steam:110000136e96830', '{}'),
	(90, 'user_helmet', 'steam:110000136e96830', '{}'),
	(91, 'property', 'steam:11000010f459450', '{}'),
	(92, 'user_glasses', 'steam:11000010f459450', '{}'),
	(93, 'user_ears', 'steam:11000010f459450', '{}'),
	(94, 'user_mask', 'steam:11000010f459450', '{}'),
	(95, 'user_helmet', 'steam:11000010f459450', '{}'),
	(96, 'property', 'steam:11000013732c0c8', '{}'),
	(97, 'user_ears', 'steam:11000013732c0c8', '{}'),
	(98, 'user_glasses', 'steam:11000013732c0c8', '{}'),
	(99, 'user_helmet', 'steam:11000013732c0c8', '{}'),
	(100, 'user_mask', 'steam:11000013732c0c8', '{}'),
	(101, 'user_glasses', 'steam:1100001366d82fe', '{}'),
	(102, 'user_ears', 'steam:1100001366d82fe', '{}'),
	(103, 'user_helmet', 'steam:1100001366d82fe', '{}'),
	(104, 'property', 'steam:1100001366d82fe', '{}'),
	(105, 'user_mask', 'steam:1100001366d82fe', '{}'),
	(106, 'property', 'steam:11000010f685783', '{}'),
	(107, 'user_glasses', 'steam:11000010f685783', '{}'),
	(108, 'user_helmet', 'steam:11000010f685783', '{}'),
	(109, 'user_ears', 'steam:11000010f685783', '{}'),
	(110, 'user_mask', 'steam:11000010f685783', '{}'),
	(111, 'property', 'steam:1100001048bc9c5', '{}'),
	(112, 'user_ears', 'steam:1100001048bc9c5', '{}'),
	(113, 'user_glasses', 'steam:1100001048bc9c5', '{}'),
	(114, 'user_helmet', 'steam:1100001048bc9c5', '{}'),
	(115, 'user_mask', 'steam:1100001048bc9c5', '{}'),
	(116, 'property', 'steam:1100001060d204f', '{}'),
	(117, 'user_helmet', 'steam:1100001060d204f', '{}'),
	(118, 'user_mask', 'steam:1100001060d204f', '{}'),
	(119, 'user_glasses', 'steam:1100001060d204f', '{}'),
	(120, 'user_ears', 'steam:1100001060d204f', '{}'),
	(121, 'property', 'steam:110000111bf0044', '{}'),
	(122, 'user_ears', 'steam:110000111bf0044', '{}'),
	(123, 'user_glasses', 'steam:110000111bf0044', '{}'),
	(124, 'user_helmet', 'steam:110000111bf0044', '{}'),
	(125, 'user_mask', 'steam:110000111bf0044', '{}'),
	(126, 'property', 'steam:11000010a586332', '{}'),
	(127, 'user_ears', 'steam:11000010a586332', '{}'),
	(128, 'user_glasses', 'steam:11000010a586332', '{}'),
	(129, 'user_mask', 'steam:11000010a586332', '{}'),
	(130, 'user_helmet', 'steam:11000010a586332', '{}'),
	(131, 'property', 'steam:110000107cb08f9', '{}'),
	(132, 'user_ears', 'steam:110000107cb08f9', '{}'),
	(133, 'user_glasses', 'steam:110000107cb08f9', '{}'),
	(134, 'user_helmet', 'steam:110000107cb08f9', '{}'),
	(135, 'user_mask', 'steam:110000107cb08f9', '{}'),
	(136, 'property', 'steam:11000010538aa64', '{}'),
	(137, 'user_ears', 'steam:11000010538aa64', '{}'),
	(138, 'user_glasses', 'steam:11000010538aa64', '{}'),
	(139, 'user_helmet', 'steam:11000010538aa64', '{}'),
	(140, 'user_mask', 'steam:11000010538aa64', '{}'),
	(141, 'property', 'steam:11000011b56bae5', '{}'),
	(142, 'user_glasses', 'steam:11000011b56bae5', '{}'),
	(143, 'user_helmet', 'steam:11000011b56bae5', '{}'),
	(144, 'user_mask', 'steam:11000011b56bae5', '{}'),
	(145, 'user_ears', 'steam:11000011b56bae5', '{}'),
	(146, 'user_ears', 'steam:11000011915c28b', '{}'),
	(147, 'property', 'steam:11000011915c28b', '{}'),
	(148, 'user_glasses', 'steam:11000011915c28b', '{}'),
	(149, 'user_helmet', 'steam:11000011915c28b', '{}'),
	(150, 'user_mask', 'steam:11000011915c28b', '{}'),
	(151, 'property', 'steam:11000010e0f2322', '{}'),
	(152, 'user_ears', 'steam:11000010e0f2322', '{}'),
	(153, 'user_glasses', 'steam:11000010e0f2322', '{}'),
	(154, 'user_helmet', 'steam:11000010e0f2322', '{}'),
	(155, 'user_mask', 'steam:11000010e0f2322', '{}'),
	(156, 'property', 'steam:110000111c08cda', '{}'),
	(157, 'user_ears', 'steam:110000111c08cda', '{}'),
	(158, 'user_glasses', 'steam:110000111c08cda', '{}'),
	(159, 'user_helmet', 'steam:110000111c08cda', '{}'),
	(160, 'user_mask', 'steam:110000111c08cda', '{}'),
	(161, 'user_ears', 'steam:1100001126d6569', '{}'),
	(162, 'property', 'steam:1100001126d6569', '{}'),
	(163, 'user_glasses', 'steam:1100001126d6569', '{}'),
	(164, 'user_helmet', 'steam:1100001126d6569', '{}'),
	(165, 'user_mask', 'steam:1100001126d6569', '{}'),
	(166, 'property', 'steam:11000013726a6fe', '{}'),
	(167, 'user_ears', 'steam:11000013726a6fe', '{}'),
	(168, 'user_glasses', 'steam:11000013726a6fe', '{}'),
	(169, 'user_helmet', 'steam:11000013726a6fe', '{}'),
	(170, 'user_mask', 'steam:11000013726a6fe', '{}'),
	(171, 'property', 'steam:11000011aa170fd', '{}'),
	(172, 'user_ears', 'steam:11000011aa170fd', '{}'),
	(173, 'user_glasses', 'steam:11000011aa170fd', '{}'),
	(174, 'user_mask', 'steam:11000011aa170fd', '{}'),
	(175, 'user_helmet', 'steam:11000011aa170fd', '{}'),
	(176, 'property', 'steam:110000115e493c8', '{}'),
	(177, 'user_ears', 'steam:110000115e493c8', '{}'),
	(178, 'user_glasses', 'steam:110000115e493c8', '{}'),
	(179, 'user_helmet', 'steam:110000115e493c8', '{}'),
	(180, 'user_mask', 'steam:110000115e493c8', '{}'),
	(181, 'property', 'steam:11000011221b487', '{}'),
	(182, 'user_ears', 'steam:11000011221b487', '{}'),
	(183, 'user_glasses', 'steam:11000011221b487', '{}'),
	(184, 'user_helmet', 'steam:11000011221b487', '{}'),
	(185, 'user_mask', 'steam:11000011221b487', '{}'),
	(186, 'property', 'steam:1100001081f7334', '{}'),
	(187, 'user_glasses', 'steam:1100001081f7334', '{}'),
	(188, 'user_helmet', 'steam:1100001081f7334', '{}'),
	(189, 'user_mask', 'steam:1100001081f7334', '{}'),
	(190, 'user_ears', 'steam:1100001081f7334', '{}'),
	(191, 'property', 'steam:110000106929182', '{}'),
	(192, 'user_ears', 'steam:110000106929182', '{}'),
	(193, 'user_mask', 'steam:110000106929182', '{}'),
	(194, 'user_helmet', 'steam:110000106929182', '{}'),
	(195, 'user_glasses', 'steam:110000106929182', '{}'),
	(196, 'user_glasses', 'steam:11000010b560d5d', '{}'),
	(197, 'property', 'steam:11000010b560d5d', '{}'),
	(198, 'user_ears', 'steam:11000010b560d5d', '{}'),
	(199, 'user_helmet', 'steam:11000010b560d5d', '{}'),
	(200, 'user_mask', 'steam:11000010b560d5d', '{}'),
	(201, 'property', 'steam:110000136d86cde', '{}'),
	(202, 'user_ears', 'steam:110000136d86cde', '{}'),
	(203, 'user_helmet', 'steam:110000136d86cde', '{}'),
	(204, 'user_mask', 'steam:110000136d86cde', '{}'),
	(205, 'user_glasses', 'steam:110000136d86cde', '{}'),
	(206, 'property', 'steam:11000013b119c53', '{}'),
	(207, 'user_glasses', 'steam:11000013b119c53', '{}'),
	(208, 'user_mask', 'steam:11000013b119c53', '{}'),
	(209, 'user_helmet', 'steam:11000013b119c53', '{}'),
	(210, 'user_ears', 'steam:11000013b119c53', '{}'),
	(211, 'user_ears', 'steam:1100001057027c6', '{}'),
	(212, 'user_glasses', 'steam:1100001057027c6', '{}'),
	(213, 'user_helmet', 'steam:1100001057027c6', '{}'),
	(214, 'property', 'steam:1100001057027c6', '{}'),
	(215, 'user_mask', 'steam:1100001057027c6', '{}'),
	(216, 'property', 'steam:110000103e5543f', '{}'),
	(217, 'user_ears', 'steam:110000103e5543f', '{}'),
	(218, 'user_glasses', 'steam:110000103e5543f', '{}'),
	(219, 'user_helmet', 'steam:110000103e5543f', '{}'),
	(220, 'user_mask', 'steam:110000103e5543f', '{}'),
	(221, 'property', 'steam:11000010b8a1158', '{}'),
	(222, 'user_ears', 'steam:11000010b8a1158', '{}'),
	(223, 'user_glasses', 'steam:11000010b8a1158', '{}'),
	(224, 'user_helmet', 'steam:11000010b8a1158', '{}'),
	(225, 'user_mask', 'steam:11000010b8a1158', '{}'),
	(226, 'property', 'steam:1100001057e070e', '{}'),
	(227, 'user_ears', 'steam:1100001057e070e', '{}'),
	(228, 'user_glasses', 'steam:1100001057e070e', '{}'),
	(229, 'user_helmet', 'steam:1100001057e070e', '{}'),
	(230, 'user_mask', 'steam:1100001057e070e', '{}'),
	(231, 'property', 'steam:1100001066c265d', '{}'),
	(232, 'user_ears', 'steam:1100001066c265d', '{}'),
	(233, 'user_glasses', 'steam:1100001066c265d', '{}'),
	(234, 'user_mask', 'steam:1100001066c265d', '{}'),
	(235, 'user_helmet', 'steam:1100001066c265d', '{}'),
	(236, 'property', 'steam:110000105f9f2da', '{}'),
	(237, 'user_ears', 'steam:110000105f9f2da', '{}'),
	(238, 'user_glasses', 'steam:110000105f9f2da', '{}'),
	(239, 'user_helmet', 'steam:110000105f9f2da', '{}'),
	(240, 'user_mask', 'steam:110000105f9f2da', '{}'),
	(241, 'user_ears', 'steam:110000117ace785', '{}'),
	(242, 'user_glasses', 'steam:110000117ace785', '{}'),
	(243, 'property', 'steam:110000117ace785', '{}'),
	(244, 'user_helmet', 'steam:110000117ace785', '{}'),
	(245, 'user_mask', 'steam:110000117ace785', '{}'),
	(246, 'property', 'steam:110000100b83113', '{}'),
	(247, 'user_ears', 'steam:110000100b83113', '{}'),
	(248, 'user_helmet', 'steam:110000100b83113', '{}'),
	(249, 'user_mask', 'steam:110000100b83113', '{}'),
	(250, 'user_glasses', 'steam:110000100b83113', '{}'),
	(251, 'property', 'steam:11000011338901d', '{}'),
	(252, 'user_ears', 'steam:11000011338901d', '{}'),
	(253, 'user_helmet', 'steam:11000011338901d', '{}'),
	(254, 'user_glasses', 'steam:11000011338901d', '{}'),
	(255, 'user_mask', 'steam:11000011338901d', '{}'),
	(256, 'property', 'steam:11000010723c135', '{}'),
	(257, 'user_glasses', 'steam:11000010723c135', '{}'),
	(258, 'user_helmet', 'steam:11000010723c135', '{}'),
	(259, 'user_mask', 'steam:11000010723c135', '{}'),
	(260, 'user_ears', 'steam:11000010723c135', '{}'),
	(261, 'property', 'steam:110000107a24fa1', '{}'),
	(262, 'user_ears', 'steam:110000107a24fa1', '{}'),
	(263, 'user_glasses', 'steam:110000107a24fa1', '{}'),
	(264, 'user_helmet', 'steam:110000107a24fa1', '{}'),
	(265, 'user_mask', 'steam:110000107a24fa1', '{}'),
	(266, 'property', 'steam:110000136344c46', '{}'),
	(267, 'user_helmet', 'steam:110000136344c46', '{}'),
	(268, 'user_glasses', 'steam:110000136344c46', '{}'),
	(269, 'user_ears', 'steam:110000136344c46', '{}'),
	(270, 'user_mask', 'steam:110000136344c46', '{}'),
	(271, 'property', 'steam:11000010f0d0a35', '{}'),
	(272, 'user_ears', 'steam:11000010f0d0a35', '{}'),
	(273, 'user_glasses', 'steam:11000010f0d0a35', '{}'),
	(274, 'user_helmet', 'steam:11000010f0d0a35', '{}'),
	(275, 'user_mask', 'steam:11000010f0d0a35', '{}'),
	(276, 'property', 'steam:110000105128a8c', '{}'),
	(277, 'user_ears', 'steam:110000105128a8c', '{}'),
	(278, 'user_glasses', 'steam:110000105128a8c', '{}'),
	(279, 'user_helmet', 'steam:110000105128a8c', '{}'),
	(280, 'user_mask', 'steam:110000105128a8c', '{}'),
	(281, 'property', 'steam:11000010a3b2583', '{}'),
	(282, 'user_helmet', 'steam:11000010a3b2583', '{}'),
	(283, 'user_mask', 'steam:11000010a3b2583', '{}'),
	(284, 'user_glasses', 'steam:11000010a3b2583', '{}'),
	(285, 'user_ears', 'steam:11000010a3b2583', '{}'),
	(286, 'property', 'steam:110000105dc7164', '{}'),
	(287, 'user_ears', 'steam:110000105dc7164', '{}'),
	(288, 'user_glasses', 'steam:110000105dc7164', '{}'),
	(289, 'user_mask', 'steam:110000105dc7164', '{}'),
	(290, 'user_helmet', 'steam:110000105dc7164', '{}'),
	(291, 'property', 'steam:11000010a105523', '{}'),
	(292, 'user_ears', 'steam:11000010a105523', '{}'),
	(293, 'user_glasses', 'steam:11000010a105523', '{}'),
	(294, 'user_helmet', 'steam:11000010a105523', '{}'),
	(295, 'user_mask', 'steam:11000010a105523', '{}'),
	(296, 'property', 'steam:11000010ccf37ca', '{}'),
	(297, 'user_ears', 'steam:11000010ccf37ca', '{}'),
	(298, 'user_glasses', 'steam:11000010ccf37ca', '{}'),
	(299, 'user_helmet', 'steam:11000010ccf37ca', '{}'),
	(300, 'user_mask', 'steam:11000010ccf37ca', '{}'),
	(301, 'property', 'steam:11000010584aa40', '{}'),
	(302, 'user_ears', 'steam:11000010584aa40', '{}'),
	(303, 'user_glasses', 'steam:11000010584aa40', '{}'),
	(304, 'user_helmet', 'steam:11000010584aa40', '{}'),
	(305, 'user_mask', 'steam:11000010584aa40', '{}'),
	(306, 'property', 'steam:110000110e7f810', '{}'),
	(307, 'user_helmet', 'steam:110000110e7f810', '{}'),
	(308, 'user_glasses', 'steam:110000110e7f810', '{}'),
	(309, 'user_ears', 'steam:110000110e7f810', '{}'),
	(310, 'user_mask', 'steam:110000110e7f810', '{}'),
	(311, 'property', 'steam:11000010502c8dd', '{}'),
	(312, 'user_ears', 'steam:11000010502c8dd', '{}'),
	(313, 'user_glasses', 'steam:11000010502c8dd', '{}'),
	(314, 'user_helmet', 'steam:11000010502c8dd', '{}'),
	(315, 'user_mask', 'steam:11000010502c8dd', '{}'),
	(316, 'property', 'steam:11000010fc1fd64', '{}'),
	(317, 'user_ears', 'steam:11000010fc1fd64', '{}'),
	(318, 'user_glasses', 'steam:11000010fc1fd64', '{}'),
	(319, 'user_helmet', 'steam:11000010fc1fd64', '{}'),
	(320, 'user_mask', 'steam:11000010fc1fd64', '{}'),
	(321, 'property', 'steam:110000104cba75c', '{}'),
	(322, 'user_ears', 'steam:110000104cba75c', '{}'),
	(323, 'user_helmet', 'steam:110000104cba75c', '{}'),
	(324, 'user_glasses', 'steam:110000104cba75c', '{}'),
	(325, 'user_mask', 'steam:110000104cba75c', '{}'),
	(326, 'property', 'steam:110000131e418d6', '{}'),
	(327, 'user_ears', 'steam:110000131e418d6', '{}'),
	(328, 'user_glasses', 'steam:110000131e418d6', '{}'),
	(329, 'user_helmet', 'steam:110000131e418d6', '{}'),
	(330, 'user_mask', 'steam:110000131e418d6', '{}'),
	(331, 'property', 'steam:110000103cb67f0', '{}'),
	(332, 'user_ears', 'steam:110000103cb67f0', '{}'),
	(333, 'user_glasses', 'steam:110000103cb67f0', '{}'),
	(334, 'user_helmet', 'steam:110000103cb67f0', '{}'),
	(335, 'user_mask', 'steam:110000103cb67f0', '{}'),
	(336, 'property', 'steam:11000013319a446', '{}'),
	(337, 'user_ears', 'steam:11000013319a446', '{}'),
	(338, 'user_glasses', 'steam:11000013319a446', '{}'),
	(339, 'user_helmet', 'steam:11000013319a446', '{}'),
	(340, 'user_mask', 'steam:11000013319a446', '{}'),
	(341, 'property', 'steam:110000100d56d75', '{}'),
	(342, 'user_glasses', 'steam:110000100d56d75', '{}'),
	(343, 'user_ears', 'steam:110000100d56d75', '{}'),
	(344, 'user_helmet', 'steam:110000100d56d75', '{}'),
	(345, 'user_mask', 'steam:110000100d56d75', '{}'),
	(346, 'user_glasses', 'steam:110000138c2c651', '{}'),
	(347, 'user_helmet', 'steam:110000138c2c651', '{}'),
	(348, 'property', 'steam:110000138c2c651', '{}'),
	(349, 'user_mask', 'steam:110000138c2c651', '{}'),
	(350, 'user_ears', 'steam:110000138c2c651', '{}'),
	(351, 'property', 'steam:11000010edab357', '{}'),
	(352, 'user_ears', 'steam:11000010edab357', '{}'),
	(353, 'user_glasses', 'steam:11000010edab357', '{}'),
	(354, 'user_helmet', 'steam:11000010edab357', '{}'),
	(355, 'user_mask', 'steam:11000010edab357', '{}'),
	(356, 'property', 'steam:110000100020401', '{}'),
	(357, 'user_ears', 'steam:110000100020401', '{}'),
	(358, 'user_glasses', 'steam:110000100020401', '{}'),
	(359, 'user_helmet', 'steam:110000100020401', '{}'),
	(360, 'user_mask', 'steam:110000100020401', '{}'),
	(361, 'property', 'steam:110000101bf4db7', '{}'),
	(362, 'user_ears', 'steam:110000101bf4db7', '{}'),
	(363, 'user_glasses', 'steam:110000101bf4db7', '{}'),
	(364, 'user_helmet', 'steam:110000101bf4db7', '{}'),
	(365, 'user_mask', 'steam:110000101bf4db7', '{}'),
	(366, 'property', 'steam:11000010b2c0fc7', '{}'),
	(367, 'user_ears', 'steam:11000010b2c0fc7', '{}'),
	(368, 'user_glasses', 'steam:11000010b2c0fc7', '{}'),
	(369, 'user_helmet', 'steam:11000010b2c0fc7', '{}'),
	(370, 'user_mask', 'steam:11000010b2c0fc7', '{}'),
	(371, 'property', 'steam:1100001151b9041', '{}'),
	(372, 'user_ears', 'steam:1100001151b9041', '{}'),
	(373, 'user_glasses', 'steam:1100001151b9041', '{}'),
	(374, 'user_helmet', 'steam:1100001151b9041', '{}'),
	(375, 'user_mask', 'steam:1100001151b9041', '{}'),
	(376, 'property', 'steam:11000010c765b9e', '{}'),
	(377, 'user_ears', 'steam:11000010c765b9e', '{}'),
	(378, 'user_glasses', 'steam:11000010c765b9e', '{}'),
	(379, 'user_helmet', 'steam:11000010c765b9e', '{}'),
	(380, 'user_mask', 'steam:11000010c765b9e', '{}'),
	(381, 'property', 'steam:1100001073d9ce8', '{}'),
	(382, 'user_helmet', 'steam:1100001073d9ce8', '{}'),
	(383, 'user_glasses', 'steam:1100001073d9ce8', '{}'),
	(384, 'user_ears', 'steam:1100001073d9ce8', '{}'),
	(385, 'user_mask', 'steam:1100001073d9ce8', '{}'),
	(386, 'property', 'steam:11000010cb47682', '{}'),
	(387, 'user_ears', 'steam:11000010cb47682', '{}'),
	(388, 'user_helmet', 'steam:11000010cb47682', '{}'),
	(389, 'user_glasses', 'steam:11000010cb47682', '{}'),
	(390, 'user_mask', 'steam:11000010cb47682', '{}'),
	(391, 'property', 'steam:11000010659c823', '{}'),
	(392, 'user_glasses', 'steam:11000010659c823', '{}'),
	(393, 'user_helmet', 'steam:11000010659c823', '{}'),
	(394, 'user_mask', 'steam:11000010659c823', '{}'),
	(395, 'user_ears', 'steam:11000010659c823', '{}'),
	(396, 'property', 'steam:1100001166c3189', '{}'),
	(397, 'user_ears', 'steam:1100001166c3189', '{}'),
	(398, 'user_glasses', 'steam:1100001166c3189', '{}'),
	(399, 'user_helmet', 'steam:1100001166c3189', '{}'),
	(400, 'user_mask', 'steam:1100001166c3189', '{}'),
	(401, 'property', 'steam:110000111998809', '{}'),
	(402, 'user_ears', 'steam:110000111998809', '{}'),
	(403, 'user_glasses', 'steam:110000111998809', '{}'),
	(404, 'user_helmet', 'steam:110000111998809', '{}'),
	(405, 'user_mask', 'steam:110000111998809', '{}'),
	(406, 'property', 'steam:1100001009e56e3', '{}'),
	(407, 'user_ears', 'steam:1100001009e56e3', '{}'),
	(408, 'user_glasses', 'steam:1100001009e56e3', '{}'),
	(409, 'user_helmet', 'steam:1100001009e56e3', '{}'),
	(410, 'user_mask', 'steam:1100001009e56e3', '{}'),
	(411, 'property', 'steam:110000116369cd9', '{}'),
	(412, 'user_ears', 'steam:110000116369cd9', '{}'),
	(413, 'user_glasses', 'steam:110000116369cd9', '{}'),
	(414, 'user_helmet', 'steam:110000116369cd9', '{}'),
	(415, 'user_mask', 'steam:110000116369cd9', '{}'),
	(416, 'property', 'steam:1100001366d9112', '{}'),
	(417, 'user_ears', 'steam:1100001366d9112', '{}'),
	(418, 'user_helmet', 'steam:1100001366d9112', '{}'),
	(419, 'user_glasses', 'steam:1100001366d9112', '{}'),
	(420, 'user_mask', 'steam:1100001366d9112', '{}');
/*!40000 ALTER TABLE `datastore_data` ENABLE KEYS */;

-- Dumping structure for table essentialmode.fine_types
CREATE TABLE IF NOT EXISTS `fine_types` (
  `id` int(11) NOT NULL AUTO_INCREMENT,
  `label` varchar(255) COLLATE utf8mb4_bin DEFAULT NULL,
  `amount` int(11) DEFAULT NULL,
  `category` int(11) DEFAULT NULL,
  PRIMARY KEY (`id`)
) ENGINE=InnoDB AUTO_INCREMENT=53 DEFAULT CHARSET=utf8mb4 COLLATE=utf8mb4_bin;

-- Dumping data for table essentialmode.fine_types: ~52 rows (approximately)
/*!40000 ALTER TABLE `fine_types` DISABLE KEYS */;
INSERT INTO `fine_types` (`id`, `label`, `amount`, `category`) VALUES
	(1, 'Misuse of a horn', 30, 0),
	(2, 'Illegally Crossing a continuous Line', 40, 0),
	(3, 'Driving on the wrong side of the road', 250, 0),
	(4, 'Illegal U-Turn', 250, 0),
	(5, 'Illegally Driving Off-road', 170, 0),
	(6, 'Refusing a Lawful Command', 30, 0),
	(7, 'Illegally Stopping a Vehicle', 150, 0),
	(8, 'Illegal Parking', 70, 0),
	(9, 'Failing to Yield to the right', 70, 0),
	(10, 'Failure to comply with Vehicle Information', 90, 0),
	(11, 'Failing to stop at a Stop Sign ', 105, 0),
	(12, 'Failing to stop at a Red Light', 130, 0),
	(13, 'Illegal Passing', 100, 0),
	(14, 'Driving an illegal Vehicle', 100, 0),
	(15, 'Driving without a License', 1500, 0),
	(16, 'Hit and Run', 800, 0),
	(17, 'Exceeding Speeds Over < 5 mph', 90, 0),
	(18, 'Exceeding Speeds Over 5-15 mph', 120, 0),
	(19, 'Exceeding Speeds Over 15-30 mph', 180, 0),
	(20, 'Exceeding Speeds Over > 30 mph', 300, 0),
	(21, 'Impeding traffic flow', 110, 1),
	(22, 'Public Intoxication', 90, 1),
	(23, 'Disorderly conduct', 90, 1),
	(24, 'Obstruction of Justice', 130, 1),
	(25, 'Insults towards Civilans', 75, 1),
	(26, 'Disrespecting of an LEO', 110, 1),
	(27, 'Verbal Threat towards a Civilan', 90, 1),
	(28, 'Verbal Threat towards an LEO', 150, 1),
	(29, 'Providing False Information', 250, 1),
	(30, 'Attempt of Corruption', 1500, 1),
	(31, 'Brandishing a weapon in city Limits', 120, 2),
	(32, 'Brandishing a Lethal Weapon in city Limits', 300, 2),
	(33, 'No Firearms License', 600, 2),
	(34, 'Possession of an Illegal Weapon', 700, 2),
	(35, 'Possession of Burglary Tools', 300, 2),
	(36, 'Grand Theft Auto', 1800, 2),
	(37, 'Intent to Sell/Distrube of an illegal Substance', 1500, 2),
	(38, 'Frabrication of an Illegal Substance', 1500, 2),
	(39, 'Possession of an Illegal Substance ', 650, 2),
	(40, 'Kidnapping of a Civilan', 1500, 2),
	(41, 'Kidnapping of an LEO', 2000, 2),
	(42, 'Robbery', 650, 2),
	(43, 'Armed Robbery of a Store', 650, 2),
	(44, 'Armed Robbery of a Bank', 1500, 2),
	(45, 'Assault on a Civilian', 2000, 3),
	(46, 'Assault of an LEO', 2500, 3),
	(47, 'Attempt of Murder of a Civilian', 3000, 3),
	(48, 'Attempt of Murder of an LEO', 5000, 3),
	(49, 'Murder of a Civilian', 10000, 3),
	(50, 'Murder of an LEO', 30000, 3),
	(51, 'Involuntary manslaughter', 1800, 3),
	(52, 'Fraud', 2000, 2);
/*!40000 ALTER TABLE `fine_types` ENABLE KEYS */;

-- Dumping structure for table essentialmode.fine_types_cartel
CREATE TABLE IF NOT EXISTS `fine_types_cartel` (
  `id` int(11) NOT NULL AUTO_INCREMENT,
  `label` varchar(255) COLLATE utf8mb4_bin DEFAULT NULL,
  `amount` int(11) DEFAULT NULL,
  `category` int(11) DEFAULT NULL,
  PRIMARY KEY (`id`)
) ENGINE=InnoDB AUTO_INCREMENT=8 DEFAULT CHARSET=utf8mb4 COLLATE=utf8mb4_bin;

-- Dumping data for table essentialmode.fine_types_cartel: ~7 rows (approximately)
/*!40000 ALTER TABLE `fine_types_cartel` DISABLE KEYS */;
INSERT INTO `fine_types_cartel` (`id`, `label`, `amount`, `category`) VALUES
	(1, 'Raket', 3000, 0),
	(2, 'Raket', 5000, 0),
	(3, 'Raket', 10000, 1),
	(4, 'Raket', 20000, 1),
	(5, 'Raket', 50000, 2),
	(6, 'Raket', 150000, 3),
	(7, 'Raket', 350000, 3);
/*!40000 ALTER TABLE `fine_types_cartel` ENABLE KEYS */;

-- Dumping structure for table essentialmode.items
CREATE TABLE IF NOT EXISTS `items` (
  `name` varchar(50) COLLATE utf8mb4_bin NOT NULL,
  `label` varchar(50) COLLATE utf8mb4_bin NOT NULL,
  `limit` int(11) NOT NULL DEFAULT '-1',
  `rare` int(11) NOT NULL DEFAULT '0',
  `can_remove` int(11) NOT NULL DEFAULT '1',
  PRIMARY KEY (`name`)
) ENGINE=InnoDB DEFAULT CHARSET=utf8mb4 COLLATE=utf8mb4_bin;

-- Dumping data for table essentialmode.items: ~54 rows (approximately)
/*!40000 ALTER TABLE `items` DISABLE KEYS */;
INSERT INTO `items` (`name`, `label`, `limit`, `rare`, `can_remove`) VALUES
	('alive_chicken', 'living chicken', 20, 0, 1),
	('bag', 'Bag', 1, 0, 1),
	('bandage', 'Bandage', 20, 0, 1),
	('blowpipe', 'Blowtorch', 20, 0, 1),
	('bulletproof', 'Bulletproof Vest', 1, 0, 1),
	('carokit', 'Body Kit', 6, 0, 1),
	('carotool', 'Tools', 8, 0, 1),
	('clip', 'Ammobox', 5, 0, 1),
	('clothe', 'cloth', 40, 0, 1),
	('coke', 'Coke', 420, 0, 1),
	('coke_pooch', 'Bag of coke', 50, 0, 1),
	('copper', 'copper', 56, 0, 1),
	('cutted_wood', 'cut wood', 20, 0, 1),
	('diamond', 'diamond', 50, 0, 1),
	('donut', 'Donut', 6, 0, 1),
	('essence', 'gas', 24, 0, 1),
	('fabric', 'fabric', 80, 0, 1),
	('fish', 'Fish', 100, 0, 1),
	('fishbait', 'Fish Bait', 30, 0, 1),
	('fishingrod', 'Fishing Rod', 2, 0, 1),
	('fixkit', 'Repair Kit', 20, 0, 1),
	('fixtool', 'Repair Tools', 12, 0, 1),
	('gazbottle', 'Gas Bottle', 20, 0, 1),
	('gold', 'gold', 21, 0, 1),
	('iron', 'iron', 42, 0, 1),
	('jewels', 'Jewels', -1, 0, 1),
	('medikit', 'Medikit', 25, 0, 1),
	('meth', 'Meth', 420, 0, 1),
	('meth_pooch', 'Bag of meth', 50, 0, 1),
	('moneywashid', 'Moneywash ticket', -1, 0, 1),
	('opium', 'Opium', 420, 0, 1),
	('opium_pooch', 'Bag of opium', 50, 0, 1),
	('oxygen_mask', 'Diving Mask', 2, 0, 1),
	('packaged_chicken', 'chicken fillet', 100, 0, 1),
	('packaged_plank', 'packaged wood', 100, 0, 1),
	('petrol', 'oil', 24, 0, 1),
	('petrol_raffin', 'processed oil', 24, 0, 1),
	('picnic', 'Picnic Kit', 1, 0, 1),
	('pistol', 'WEAPON_PISTOL', 1, 0, 1),
	('redgull', 'Redgull', 4, 0, 1),
	('repairkit', 'Repairkit', 10, 0, 1),
	('rose', 'Red Rose', 1, 0, 1),
	('sandwich', 'Sandwich', 5, 0, 1),
	('shark', 'Shark', -1, 0, 1),
	('slaughtered_chicken', 'slaughtered chicken', 20, 0, 1),
	('stone', 'stone', 7, 0, 1),
	('turtle', 'Sea Turtle', 3, 0, 1),
	('turtlebait', 'Turtle Bait', 10, 0, 1),
	('umbrella', 'Umbrella', 2, 0, 1),
	('washed_stone', 'washed stone', 7, 0, 1),
	('weed', 'Weed', 420, 0, 1),
	('weed_pooch', 'Bag of weed', 50, 0, 1),
	('wood', 'wood', 20, 0, 1),
	('wool', 'wool', 40, 0, 1);
/*!40000 ALTER TABLE `items` ENABLE KEYS */;

-- Dumping structure for table essentialmode.jobs
CREATE TABLE IF NOT EXISTS `jobs` (
  `name` varchar(50) COLLATE utf8mb4_bin NOT NULL,
  `label` varchar(50) COLLATE utf8mb4_bin DEFAULT NULL,
  `whitelisted` tinyint(1) NOT NULL DEFAULT '0',
  PRIMARY KEY (`name`)
) ENGINE=InnoDB DEFAULT CHARSET=utf8mb4 COLLATE=utf8mb4_bin;

-- Dumping data for table essentialmode.jobs: ~17 rows (approximately)
/*!40000 ALTER TABLE `jobs` DISABLE KEYS */;
INSERT INTO `jobs` (`name`, `label`, `whitelisted`) VALUES
	('ambulance', 'EMS', 1),
	('banker', 'Banker', 1),
	('banksecurity', 'banksecurity', 0),
	('cardealer', 'Cardealer', 1),
	('cartel', 'Cartel', 1),
	('fisherman', 'Fisherman', 0),
	('fueler', 'Fueler', 0),
	('lumberjack', 'Lumberjack', 0),
	('mecano', 'Mechanic', 1),
	('miner', 'Miner', 0),
	('police', 'Police', 1),
	('realestateagent', 'Realtor', 1),
	('reporter', 'Reporter', 0),
	('slaughterer', 'Butcher', 0),
	('tailor', 'Tailor', 0),
	('taxi', 'Taxi', 0),
	('unemployed', 'Unemployed', 0);
/*!40000 ALTER TABLE `jobs` ENABLE KEYS */;

-- Dumping structure for table essentialmode.job_grades
CREATE TABLE IF NOT EXISTS `job_grades` (
  `id` int(11) NOT NULL AUTO_INCREMENT,
  `job_name` varchar(50) COLLATE utf8mb4_bin DEFAULT NULL,
  `grade` int(11) NOT NULL,
  `name` varchar(50) COLLATE utf8mb4_bin NOT NULL,
  `label` varchar(50) COLLATE utf8mb4_bin NOT NULL,
  `salary` int(11) NOT NULL,
  `skin_male` longtext COLLATE utf8mb4_bin NOT NULL,
  `skin_female` longtext COLLATE utf8mb4_bin NOT NULL,
  PRIMARY KEY (`id`)
) ENGINE=InnoDB AUTO_INCREMENT=53 DEFAULT CHARSET=utf8mb4 COLLATE=utf8mb4_bin;

-- Dumping data for table essentialmode.job_grades: ~45 rows (approximately)
/*!40000 ALTER TABLE `job_grades` DISABLE KEYS */;
INSERT INTO `job_grades` (`id`, `job_name`, `grade`, `name`, `label`, `salary`, `skin_male`, `skin_female`) VALUES
	(1, 'unemployed', 0, 'unemployed', 'Unemployed', 100, '{}', '{}'),
	(2, 'lumberjack', 0, 'employee', 'Employee', 150, '{}', '{}'),
	(3, 'fisherman', 0, 'employee', 'Employee', 150, '{}', '{}'),
	(4, 'fueler', 0, 'employee', 'Employee', 150, '{}', '{}'),
	(5, 'reporter', 0, 'employee', 'Employee', 150, '{}', '{}'),
	(6, 'tailor', 0, 'employee', 'Employee', 150, '{"mask_1":0,"arms":1,"glasses_1":0,"hair_color_2":4,"makeup_1":0,"face":19,"glasses":0,"mask_2":0,"makeup_3":0,"skin":29,"helmet_2":0,"lipstick_4":0,"sex":0,"torso_1":24,"makeup_2":0,"bags_2":0,"chain_2":0,"ears_1":-1,"bags_1":0,"bproof_1":0,"shoes_2":0,"lipstick_2":0,"chain_1":0,"tshirt_1":0,"eyebrows_3":0,"pants_2":0,"beard_4":0,"torso_2":0,"beard_2":6,"ears_2":0,"hair_2":0,"shoes_1":36,"tshirt_2":0,"beard_3":0,"hair_1":2,"hair_color_1":0,"pants_1":48,"helmet_1":-1,"bproof_2":0,"eyebrows_4":0,"eyebrows_2":0,"decals_1":0,"age_2":0,"beard_1":5,"shoes":10,"lipstick_1":0,"eyebrows_1":0,"glasses_2":0,"makeup_4":0,"decals_2":0,"lipstick_3":0,"age_1":0}', '{"mask_1":0,"arms":5,"glasses_1":5,"hair_color_2":4,"makeup_1":0,"face":19,"glasses":0,"mask_2":0,"makeup_3":0,"skin":29,"helmet_2":0,"lipstick_4":0,"sex":1,"torso_1":52,"makeup_2":0,"bags_2":0,"chain_2":0,"ears_1":-1,"bags_1":0,"bproof_1":0,"shoes_2":1,"lipstick_2":0,"chain_1":0,"tshirt_1":23,"eyebrows_3":0,"pants_2":0,"beard_4":0,"torso_2":0,"beard_2":6,"ears_2":0,"hair_2":0,"shoes_1":42,"tshirt_2":4,"beard_3":0,"hair_1":2,"hair_color_1":0,"pants_1":36,"helmet_1":-1,"bproof_2":0,"eyebrows_4":0,"eyebrows_2":0,"decals_1":0,"age_2":0,"beard_1":5,"shoes":10,"lipstick_1":0,"eyebrows_1":0,"glasses_2":0,"makeup_4":0,"decals_2":0,"lipstick_3":0,"age_1":0}'),
	(7, 'miner', 0, 'employee', 'Employee', 150, '{"tshirt_2":1,"ears_1":8,"glasses_1":15,"torso_2":0,"ears_2":2,"glasses_2":3,"shoes_2":1,"pants_1":75,"shoes_1":51,"bags_1":0,"helmet_2":0,"pants_2":7,"torso_1":71,"tshirt_1":59,"arms":2,"bags_2":0,"helmet_1":0}', '{}'),
	(8, 'slaughterer', 0, 'employee', 'Employee', 150, '{"age_1":0,"glasses_2":0,"beard_1":5,"decals_2":0,"beard_4":0,"shoes_2":0,"tshirt_2":0,"lipstick_2":0,"hair_2":0,"arms":67,"pants_1":36,"skin":29,"eyebrows_2":0,"shoes":10,"helmet_1":-1,"lipstick_1":0,"helmet_2":0,"hair_color_1":0,"glasses":0,"makeup_4":0,"makeup_1":0,"hair_1":2,"bproof_1":0,"bags_1":0,"mask_1":0,"lipstick_3":0,"chain_1":0,"eyebrows_4":0,"sex":0,"torso_1":56,"beard_2":6,"shoes_1":12,"decals_1":0,"face":19,"lipstick_4":0,"tshirt_1":15,"mask_2":0,"age_2":0,"eyebrows_3":0,"chain_2":0,"glasses_1":0,"ears_1":-1,"bags_2":0,"ears_2":0,"torso_2":0,"bproof_2":0,"makeup_2":0,"eyebrows_1":0,"makeup_3":0,"pants_2":0,"beard_3":0,"hair_color_2":4}', '{"age_1":0,"glasses_2":0,"beard_1":5,"decals_2":0,"beard_4":0,"shoes_2":0,"tshirt_2":0,"lipstick_2":0,"hair_2":0,"arms":72,"pants_1":45,"skin":29,"eyebrows_2":0,"shoes":10,"helmet_1":-1,"lipstick_1":0,"helmet_2":0,"hair_color_1":0,"glasses":0,"makeup_4":0,"makeup_1":0,"hair_1":2,"bproof_1":0,"bags_1":0,"mask_1":0,"lipstick_3":0,"chain_1":0,"eyebrows_4":0,"sex":1,"torso_1":49,"beard_2":6,"shoes_1":24,"decals_1":0,"face":19,"lipstick_4":0,"tshirt_1":9,"mask_2":0,"age_2":0,"eyebrows_3":0,"chain_2":0,"glasses_1":5,"ears_1":-1,"bags_2":0,"ears_2":0,"torso_2":0,"bproof_2":0,"makeup_2":0,"eyebrows_1":0,"makeup_3":0,"pants_2":0,"beard_3":0,"hair_color_2":4}'),
	(9, 'ambulance', 0, 'ambulance', 'Jr. EMT', 400, '{"tshirt_2":0,"hair_color_1":5,"glasses_2":3,"shoes":9,"torso_2":3,"hair_color_2":0,"pants_1":24,"glasses_1":4,"hair_1":2,"sex":0,"decals_2":0,"tshirt_1":15,"helmet_1":8,"helmet_2":0,"arms":92,"face":19,"decals_1":60,"torso_1":13,"hair_2":0,"skin":34,"pants_2":5}', '{"tshirt_2":3,"decals_2":0,"glasses":0,"hair_1":2,"torso_1":73,"shoes":1,"hair_color_2":0,"glasses_1":19,"skin":13,"face":6,"pants_2":5,"tshirt_1":75,"pants_1":37,"helmet_1":57,"torso_2":0,"arms":14,"sex":1,"glasses_2":0,"decals_1":0,"hair_2":0,"helmet_2":0,"hair_color_1":0}'),
	(10, 'ambulance', 1, 'doctor', 'EMT', 450, '{"tshirt_2":0,"hair_color_1":5,"glasses_2":3,"shoes":9,"torso_2":3,"hair_color_2":0,"pants_1":24,"glasses_1":4,"hair_1":2,"sex":0,"decals_2":0,"tshirt_1":15,"helmet_1":8,"helmet_2":0,"arms":92,"face":19,"decals_1":60,"torso_1":13,"hair_2":0,"skin":34,"pants_2":5}', '{"tshirt_2":3,"decals_2":0,"glasses":0,"hair_1":2,"torso_1":73,"shoes":1,"hair_color_2":0,"glasses_1":19,"skin":13,"face":6,"pants_2":5,"tshirt_1":75,"pants_1":37,"helmet_1":57,"torso_2":0,"arms":14,"sex":1,"glasses_2":0,"decals_1":0,"hair_2":0,"helmet_2":0,"hair_color_1":0}'),
	(11, 'ambulance', 2, 'chief_doctor', 'Sr. EMT', 500, '{"tshirt_2":0,"hair_color_1":5,"glasses_2":3,"shoes":9,"torso_2":3,"hair_color_2":0,"pants_1":24,"glasses_1":4,"hair_1":2,"sex":0,"decals_2":0,"tshirt_1":15,"helmet_1":8,"helmet_2":0,"arms":92,"face":19,"decals_1":60,"torso_1":13,"hair_2":0,"skin":34,"pants_2":5}', '{"tshirt_2":3,"decals_2":0,"glasses":0,"hair_1":2,"torso_1":73,"shoes":1,"hair_color_2":0,"glasses_1":19,"skin":13,"face":6,"pants_2":5,"tshirt_1":75,"pants_1":37,"helmet_1":57,"torso_2":0,"arms":14,"sex":1,"glasses_2":0,"decals_1":0,"hair_2":0,"helmet_2":0,"hair_color_1":0}'),
	(12, 'ambulance', 3, 'boss', 'EMT Supervisor', 600, '{"tshirt_2":0,"hair_color_1":5,"glasses_2":3,"shoes":9,"torso_2":3,"hair_color_2":0,"pants_1":24,"glasses_1":4,"hair_1":2,"sex":0,"decals_2":0,"tshirt_1":15,"helmet_1":8,"helmet_2":0,"arms":92,"face":19,"decals_1":60,"torso_1":13,"hair_2":0,"skin":34,"pants_2":5}', '{"tshirt_2":3,"decals_2":0,"glasses":0,"hair_1":2,"torso_1":73,"shoes":1,"hair_color_2":0,"glasses_1":19,"skin":13,"face":6,"pants_2":5,"tshirt_1":75,"pants_1":37,"helmet_1":57,"torso_2":0,"arms":14,"sex":1,"glasses_2":0,"decals_1":0,"hair_2":0,"helmet_2":0,"hair_color_1":0}'),
	(13, 'banker', 0, 'advisor', 'Advisor', 150, '{}', '{}'),
	(14, 'banker', 1, 'banker', 'Banker', 200, '{}', '{}'),
	(15, 'banker', 2, 'business_banker', 'Business Banker', 250, '{}', '{}'),
	(16, 'banker', 3, 'trader', 'Trader', 300, '{}', '{}'),
	(17, 'banker', 4, 'boss', 'Lead Banker', 400, '{}', '{}'),
	(18, 'banksecurity', 0, 'employee', 'banksecurity', 200, '{"tshirt_1":60,"torso_1":130,"arms":31,"pants_1":25,"glasses_1":0,"decals_2":0,"hair_color_2":0,"helmet_2":0,"hair_color_1":0,"face":2,"glasses_2":0,"torso_2":0,"shoes":63,"hair_1":0,"skin":0,"sex":0,"glasses_1":19,"pants_2":0,"hair_2":0,"decals_1":0,"tshirt_2":0,"helmet_1":65}', '{"tshirt_1":60,"torso_1":0,"arms":68,"pants_1":25,"glasses_1":0,"decals_2":0,"hair_color_2":0,"helmet_2":0,"hair_color_1":0,"face":27,"glasses_2":0,"torso_2":0,"shoes":63,"hair_1":5,"skin":0,"sex":1,"glasses_1":15,"pants_2":0,"hair_2":0,"decals_1":0,"tshirt_2":0,"helmet_1":65}'),
	(19, 'cartel', 0, 'soldato', 'Soldier', 120, '{}', '{}'),
	(20, 'cartel', 1, 'capo', 'Mercenary', 170, '{}', '{}'),
	(21, 'cartel', 2, 'consigliere', 'Experienced', 220, '{}', '{}'),
	(22, 'cartel', 3, 'boss', 'Boss', 300, '{}', '{}'),
	(29, 'mecano', 0, 'recrue', 'Recruit', 400, '{}', '{}'),
	(30, 'mecano', 1, 'novice', 'Novice', 450, '{}', '{}'),
	(31, 'mecano', 2, 'experimente', 'Experienced', 500, '{}', '{}'),
	(32, 'mecano', 3, 'chief', 'Leader', 550, '{}', '{}'),
	(33, 'mecano', 4, 'boss', 'Boss', 650, '{}', '{}'),
	(34, 'police', 0, 'recruit', 'Recruit', 1000, '{}', '{}'),
	(35, 'police', 1, 'officer', 'Officer', 1100, '{}', '{}'),
	(36, 'police', 2, 'sergeant', 'Sergeant', 1200, '{}', '{}'),
	(37, 'police', 3, 'lieutenant', 'Lieutenant', 1300, '{}', '{}'),
	(38, 'police', 4, 'boss', 'Chief', 1500, '{}', '{}'),
	(39, 'realestateagent', 0, 'location', 'Renting Agent', 150, '{}', '{}'),
	(40, 'realestateagent', 1, 'vendeur', 'Agent', 200, '{}', '{}'),
	(41, 'realestateagent', 2, 'gestion', 'Management', 250, '{}', '{}'),
	(42, 'realestateagent', 3, 'boss', 'Broker', 350, '{}', '{}'),
	(43, 'taxi', 0, 'recrue', 'Recruit', 125, '{"hair_2":0,"hair_color_2":0,"torso_1":32,"bags_1":0,"helmet_2":0,"chain_2":0,"eyebrows_3":0,"makeup_3":0,"makeup_2":0,"tshirt_1":31,"makeup_1":0,"bags_2":0,"makeup_4":0,"eyebrows_4":0,"chain_1":0,"lipstick_4":0,"bproof_2":0,"hair_color_1":0,"decals_2":0,"pants_2":0,"age_2":0,"glasses_2":0,"ears_2":0,"arms":27,"lipstick_1":0,"ears_1":-1,"mask_2":0,"sex":0,"lipstick_3":0,"helmet_1":-1,"shoes_2":0,"beard_2":0,"beard_1":0,"lipstick_2":0,"beard_4":0,"glasses_1":0,"bproof_1":0,"mask_1":0,"decals_1":1,"hair_1":0,"eyebrows_2":0,"beard_3":0,"age_1":0,"tshirt_2":0,"skin":0,"torso_2":0,"eyebrows_1":0,"face":0,"shoes_1":10,"pants_1":24}', '{"hair_2":0,"hair_color_2":0,"torso_1":57,"bags_1":0,"helmet_2":0,"chain_2":0,"eyebrows_3":0,"makeup_3":0,"makeup_2":0,"tshirt_1":38,"makeup_1":0,"bags_2":0,"makeup_4":0,"eyebrows_4":0,"chain_1":0,"lipstick_4":0,"bproof_2":0,"hair_color_1":0,"decals_2":0,"pants_2":1,"age_2":0,"glasses_2":0,"ears_2":0,"arms":21,"lipstick_1":0,"ears_1":-1,"mask_2":0,"sex":1,"lipstick_3":0,"helmet_1":-1,"shoes_2":0,"beard_2":0,"beard_1":0,"lipstick_2":0,"beard_4":0,"glasses_1":5,"bproof_1":0,"mask_1":0,"decals_1":1,"hair_1":0,"eyebrows_2":0,"beard_3":0,"age_1":0,"tshirt_2":0,"skin":0,"torso_2":0,"eyebrows_1":0,"face":0,"shoes_1":49,"pants_1":11}'),
	(44, 'taxi', 1, 'novice', 'Cabby', 150, '{"hair_2":0,"hair_color_2":0,"torso_1":32,"bags_1":0,"helmet_2":0,"chain_2":0,"eyebrows_3":0,"makeup_3":0,"makeup_2":0,"tshirt_1":31,"makeup_1":0,"bags_2":0,"makeup_4":0,"eyebrows_4":0,"chain_1":0,"lipstick_4":0,"bproof_2":0,"hair_color_1":0,"decals_2":0,"pants_2":0,"age_2":0,"glasses_2":0,"ears_2":0,"arms":27,"lipstick_1":0,"ears_1":-1,"mask_2":0,"sex":0,"lipstick_3":0,"helmet_1":-1,"shoes_2":0,"beard_2":0,"beard_1":0,"lipstick_2":0,"beard_4":0,"glasses_1":0,"bproof_1":0,"mask_1":0,"decals_1":1,"hair_1":0,"eyebrows_2":0,"beard_3":0,"age_1":0,"tshirt_2":0,"skin":0,"torso_2":0,"eyebrows_1":0,"face":0,"shoes_1":10,"pants_1":24}', '{"hair_2":0,"hair_color_2":0,"torso_1":57,"bags_1":0,"helmet_2":0,"chain_2":0,"eyebrows_3":0,"makeup_3":0,"makeup_2":0,"tshirt_1":38,"makeup_1":0,"bags_2":0,"makeup_4":0,"eyebrows_4":0,"chain_1":0,"lipstick_4":0,"bproof_2":0,"hair_color_1":0,"decals_2":0,"pants_2":1,"age_2":0,"glasses_2":0,"ears_2":0,"arms":21,"lipstick_1":0,"ears_1":-1,"mask_2":0,"sex":1,"lipstick_3":0,"helmet_1":-1,"shoes_2":0,"beard_2":0,"beard_1":0,"lipstick_2":0,"beard_4":0,"glasses_1":5,"bproof_1":0,"mask_1":0,"decals_1":1,"hair_1":0,"eyebrows_2":0,"beard_3":0,"age_1":0,"tshirt_2":0,"skin":0,"torso_2":0,"eyebrows_1":0,"face":0,"shoes_1":49,"pants_1":11}'),
	(45, 'taxi', 2, 'experimente', 'Experienced', 175, '{"hair_2":0,"hair_color_2":0,"torso_1":26,"bags_1":0,"helmet_2":0,"chain_2":0,"eyebrows_3":0,"makeup_3":0,"makeup_2":0,"tshirt_1":57,"makeup_1":0,"bags_2":0,"makeup_4":0,"eyebrows_4":0,"chain_1":0,"lipstick_4":0,"bproof_2":0,"hair_color_1":0,"decals_2":0,"pants_2":4,"age_2":0,"glasses_2":0,"ears_2":0,"arms":11,"lipstick_1":0,"ears_1":-1,"mask_2":0,"sex":0,"lipstick_3":0,"helmet_1":-1,"shoes_2":0,"beard_2":0,"beard_1":0,"lipstick_2":0,"beard_4":0,"glasses_1":0,"bproof_1":0,"mask_1":0,"decals_1":0,"hair_1":0,"eyebrows_2":0,"beard_3":0,"age_1":0,"tshirt_2":0,"skin":0,"torso_2":0,"eyebrows_1":0,"face":0,"shoes_1":10,"pants_1":24}', '{"hair_2":0,"hair_color_2":0,"torso_1":57,"bags_1":0,"helmet_2":0,"chain_2":0,"eyebrows_3":0,"makeup_3":0,"makeup_2":0,"tshirt_1":38,"makeup_1":0,"bags_2":0,"makeup_4":0,"eyebrows_4":0,"chain_1":0,"lipstick_4":0,"bproof_2":0,"hair_color_1":0,"decals_2":0,"pants_2":1,"age_2":0,"glasses_2":0,"ears_2":0,"arms":21,"lipstick_1":0,"ears_1":-1,"mask_2":0,"sex":1,"lipstick_3":0,"helmet_1":-1,"shoes_2":0,"beard_2":0,"beard_1":0,"lipstick_2":0,"beard_4":0,"glasses_1":5,"bproof_1":0,"mask_1":0,"decals_1":1,"hair_1":0,"eyebrows_2":0,"beard_3":0,"age_1":0,"tshirt_2":0,"skin":0,"torso_2":0,"eyebrows_1":0,"face":0,"shoes_1":49,"pants_1":11}'),
	(46, 'taxi', 3, 'uber', 'Uber Cabby', 48, '{"hair_2":0,"hair_color_2":0,"torso_1":26,"bags_1":0,"helmet_2":0,"chain_2":0,"eyebrows_3":0,"makeup_3":0,"makeup_2":0,"tshirt_1":57,"makeup_1":0,"bags_2":0,"makeup_4":0,"eyebrows_4":0,"chain_1":0,"lipstick_4":0,"bproof_2":0,"hair_color_1":0,"decals_2":0,"pants_2":4,"age_2":0,"glasses_2":0,"ears_2":0,"arms":11,"lipstick_1":0,"ears_1":-1,"mask_2":0,"sex":0,"lipstick_3":0,"helmet_1":-1,"shoes_2":0,"beard_2":0,"beard_1":0,"lipstick_2":0,"beard_4":0,"glasses_1":0,"bproof_1":0,"mask_1":0,"decals_1":0,"hair_1":0,"eyebrows_2":0,"beard_3":0,"age_1":0,"tshirt_2":0,"skin":0,"torso_2":0,"eyebrows_1":0,"face":0,"shoes_1":10,"pants_1":24}', '{"hair_2":0,"hair_color_2":0,"torso_1":57,"bags_1":0,"helmet_2":0,"chain_2":0,"eyebrows_3":0,"makeup_3":0,"makeup_2":0,"tshirt_1":38,"makeup_1":0,"bags_2":0,"makeup_4":0,"eyebrows_4":0,"chain_1":0,"lipstick_4":0,"bproof_2":0,"hair_color_1":0,"decals_2":0,"pants_2":1,"age_2":0,"glasses_2":0,"ears_2":0,"arms":21,"lipstick_1":0,"ears_1":-1,"mask_2":0,"sex":1,"lipstick_3":0,"helmet_1":-1,"shoes_2":0,"beard_2":0,"beard_1":0,"lipstick_2":0,"beard_4":0,"glasses_1":5,"bproof_1":0,"mask_1":0,"decals_1":1,"hair_1":0,"eyebrows_2":0,"beard_3":0,"age_1":0,"tshirt_2":0,"skin":0,"torso_2":0,"eyebrows_1":0,"face":0,"shoes_1":49,"pants_1":11}'),
	(47, 'taxi', 4, 'boss', 'Lead Cabby', 0, '{"hair_2":0,"hair_color_2":0,"torso_1":29,"bags_1":0,"helmet_2":0,"chain_2":0,"eyebrows_3":0,"makeup_3":0,"makeup_2":0,"tshirt_1":31,"makeup_1":0,"bags_2":0,"makeup_4":0,"eyebrows_4":0,"chain_1":0,"lipstick_4":0,"bproof_2":0,"hair_color_1":0,"decals_2":0,"pants_2":4,"age_2":0,"glasses_2":0,"ears_2":0,"arms":1,"lipstick_1":0,"ears_1":-1,"mask_2":0,"sex":0,"lipstick_3":0,"helmet_1":-1,"shoes_2":0,"beard_2":0,"beard_1":0,"lipstick_2":0,"beard_4":0,"glasses_1":0,"bproof_1":0,"mask_1":0,"decals_1":0,"hair_1":0,"eyebrows_2":0,"beard_3":0,"age_1":0,"tshirt_2":0,"skin":0,"torso_2":4,"eyebrows_1":0,"face":0,"shoes_1":10,"pants_1":24}', '{"hair_2":0,"hair_color_2":0,"torso_1":57,"bags_1":0,"helmet_2":0,"chain_2":0,"eyebrows_3":0,"makeup_3":0,"makeup_2":0,"tshirt_1":38,"makeup_1":0,"bags_2":0,"makeup_4":0,"eyebrows_4":0,"chain_1":0,"lipstick_4":0,"bproof_2":0,"hair_color_1":0,"decals_2":0,"pants_2":1,"age_2":0,"glasses_2":0,"ears_2":0,"arms":21,"lipstick_1":0,"ears_1":-1,"mask_2":0,"sex":1,"lipstick_3":0,"helmet_1":-1,"shoes_2":0,"beard_2":0,"beard_1":0,"lipstick_2":0,"beard_4":0,"glasses_1":5,"bproof_1":0,"mask_1":0,"decals_1":1,"hair_1":0,"eyebrows_2":0,"beard_3":0,"age_1":0,"tshirt_2":0,"skin":0,"torso_2":0,"eyebrows_1":0,"face":0,"shoes_1":49,"pants_1":11}'),
	(48, 'cardealer', 0, 'recruit', 'Recruit', 0, '{}', '{}'),
	(49, 'cardealer', 1, 'novice', 'Novice', 0, '{}', '{}'),
	(50, 'cardealer', 2, 'experienced', 'Experienced', 0, '{}', '{}'),
	(51, 'cardealer', 3, 'boss', 'Boss', 0, '{}', '{}');
/*!40000 ALTER TABLE `job_grades` ENABLE KEYS */;

-- Dumping structure for table essentialmode.licenses
CREATE TABLE IF NOT EXISTS `licenses` (
  `type` varchar(60) COLLATE utf8mb4_bin NOT NULL,
  `label` varchar(60) COLLATE utf8mb4_bin NOT NULL,
  PRIMARY KEY (`type`)
) ENGINE=InnoDB DEFAULT CHARSET=utf8mb4 COLLATE=utf8mb4_bin;

-- Dumping data for table essentialmode.licenses: ~5 rows (approximately)
/*!40000 ALTER TABLE `licenses` DISABLE KEYS */;
INSERT INTO `licenses` (`type`, `label`) VALUES
	('dmv', 'Driving Permit'),
	('drive', 'Drivers License'),
	('drive_bike', 'Motorcycle License'),
	('drive_truck', 'Commercial Drivers License'),
	('weapon', 'License to carry a weapon');
/*!40000 ALTER TABLE `licenses` ENABLE KEYS */;

-- Dumping structure for table essentialmode.owned_bags
CREATE TABLE IF NOT EXISTS `owned_bags` (
  `identifier` varchar(50) DEFAULT NULL,
  `id` int(11) DEFAULT NULL,
  `x` double DEFAULT NULL,
  `y` double DEFAULT NULL,
  `z` double DEFAULT NULL,
  `itemcount` int(11) NOT NULL DEFAULT '0'
) ENGINE=InnoDB DEFAULT CHARSET=latin1;

-- Dumping data for table essentialmode.owned_bags: ~0 rows (approximately)
/*!40000 ALTER TABLE `owned_bags` DISABLE KEYS */;
/*!40000 ALTER TABLE `owned_bags` ENABLE KEYS */;

-- Dumping structure for table essentialmode.owned_bag_inventory
CREATE TABLE IF NOT EXISTS `owned_bag_inventory` (
  `id` int(11) DEFAULT NULL,
  `item` varchar(50) COLLATE utf8mb4_bin DEFAULT NULL,
  `label` varchar(50) COLLATE utf8mb4_bin DEFAULT NULL,
  `count` int(11) DEFAULT NULL
) ENGINE=InnoDB DEFAULT CHARSET=utf8mb4 COLLATE=utf8mb4_bin;

-- Dumping data for table essentialmode.owned_bag_inventory: ~0 rows (approximately)
/*!40000 ALTER TABLE `owned_bag_inventory` DISABLE KEYS */;
/*!40000 ALTER TABLE `owned_bag_inventory` ENABLE KEYS */;

-- Dumping structure for table essentialmode.owned_properties
CREATE TABLE IF NOT EXISTS `owned_properties` (
  `id` int(11) NOT NULL AUTO_INCREMENT,
  `name` varchar(255) COLLATE utf8mb4_bin NOT NULL,
  `price` double NOT NULL,
  `rented` int(11) NOT NULL,
  `owner` varchar(60) COLLATE utf8mb4_bin NOT NULL,
  PRIMARY KEY (`id`)
) ENGINE=InnoDB DEFAULT CHARSET=utf8mb4 COLLATE=utf8mb4_bin;

-- Dumping data for table essentialmode.owned_properties: ~0 rows (approximately)
/*!40000 ALTER TABLE `owned_properties` DISABLE KEYS */;
/*!40000 ALTER TABLE `owned_properties` ENABLE KEYS */;

-- Dumping structure for table essentialmode.owned_shops
CREATE TABLE IF NOT EXISTS `owned_shops` (
  `identifier` varchar(250) DEFAULT NULL,
  `ShopNumber` int(11) DEFAULT NULL,
  `money` int(11) DEFAULT '0',
  `ShopValue` int(11) DEFAULT NULL,
  `LastRobbery` int(11) DEFAULT '0',
  `ShopName` varchar(30) DEFAULT NULL
) ENGINE=InnoDB DEFAULT CHARSET=latin1;

-- Dumping data for table essentialmode.owned_shops: ~20 rows (approximately)
/*!40000 ALTER TABLE `owned_shops` DISABLE KEYS */;
INSERT INTO `owned_shops` (`identifier`, `ShopNumber`, `money`, `ShopValue`, `LastRobbery`, `ShopName`) VALUES
	('0', 1, 0, 280000, 1549643682, '0'),
	('0', 2, 0, 220000, 1549643682, '0'),
	('0', 3, 0, 235000, 1549643682, '0'),
	('0', 4, 0, 285000, 1549643682, '0'),
	('0', 5, 0, 135000, 1549643682, '0'),
	('0', 6, 0, 235000, 1549643682, '0'),
	('0', 7, 0, 160000, 1549643682, '0'),
	('steam:110000101bf4db7', 8, 5010, 275000, 1549643682, 'GoonCrew'),
	('0', 9, 0, 265000, 1549643682, '0'),
	('0', 10, 0, 300000, 1549643682, '0'),
	('0', 12, 0, 145000, 1549643682, '0'),
	('0', 13, 0, 145000, 1549643682, '0'),
	('0', 14, 0, 280000, 1549643682, '0'),
	('0', 15, 0, 300000, 1549643682, '0'),
	('0', 16, 0, 435000, 1549643682, '0'),
	('0', 18, 0, 235000, 1549643682, '0'),
	('0', 11, 0, 225000, 1549643682, '0'),
	('0', 19, 0, 150000, 1549643682, '0'),
	('0', 20, 0, 165000, 1549643682, '0'),
	('0', 17, 0, 150000, 1549643682, '0');
/*!40000 ALTER TABLE `owned_shops` ENABLE KEYS */;

-- Dumping structure for table essentialmode.owned_vehicles
CREATE TABLE IF NOT EXISTS `owned_vehicles` (
  `owner` varchar(22) COLLATE utf8mb4_bin NOT NULL,
  `plate` varchar(12) COLLATE utf8mb4_bin NOT NULL,
  `vehicle` longtext COLLATE utf8mb4_bin,
  `type` varchar(20) COLLATE utf8mb4_bin NOT NULL DEFAULT 'car',
  `job` varchar(20) COLLATE utf8mb4_bin NOT NULL DEFAULT '',
  `stored` tinyint(1) NOT NULL DEFAULT '0',
  PRIMARY KEY (`plate`)
) ENGINE=InnoDB DEFAULT CHARSET=utf8mb4 COLLATE=utf8mb4_bin;

-- Dumping data for table essentialmode.owned_vehicles: ~6 rows (approximately)
/*!40000 ALTER TABLE `owned_vehicles` DISABLE KEYS */;
INSERT INTO `owned_vehicles` (`owner`, `plate`, `vehicle`, `type`, `job`, `stored`) VALUES
	('steam:110000109c9813a', 'AJR 164', '{"modGrille":-1,"health":1000,"neonColor":[255,0,255],"modShifterLeavers":-1,"modHorns":-1,"modStruts":-1,"modBrakes":-1,"wheelColor":156,"modAirFilter":-1,"modEngineBlock":-1,"plateIndex":4,"color2":28,"modSpoilers":-1,"modArchCover":-1,"model":1171614426,"modFender":-1,"modExhaust":-1,"modFrontBumper":-1,"neonEnabled":[false,false,false,false],"modRoof":-1,"modTrunk":-1,"modDial":-1,"tyreSmokeColor":[255,255,255],"modTrimB":-1,"modTurbo":false,"modVanityPlate":-1,"color1":112,"modEngine":-1,"modFrontWheels":-1,"modXenon":false,"modHood":-1,"modSeats":-1,"extras":{"1":false},"modOrnaments":-1,"modSteeringWheel":-1,"modTank":-1,"modHydrolic":-1,"dirtLevel":4.0,"modAerials":-1,"modLivery":1,"modBackWheels":-1,"wheels":0,"modSideSkirt":-1,"plate":"AJR 164","modTrimA":-1,"pearlescentColor":112,"modDoorSpeaker":-1,"modWindows":-1,"modRearBumper":-1,"modPlateHolder":-1,"modDashboard":-1,"modTransmission":-1,"modFrame":-1,"modSpeakers":-1,"modAPlate":-1,"modSuspension":-1,"windowTint":-1,"modRightFender":-1,"modSmokeEnabled":false,"modArmor":-1}', 'car', 'ambulance', 1),
	('steam:110000109c9813a', 'BBL 996', '{"modSpoilers":-1,"health":1000,"neonColor":[255,0,255],"modPlateHolder":-1,"modHorns":-1,"modStruts":-1,"modBrakes":-1,"wheelColor":156,"modAirFilter":-1,"model":1171614426,"modFrontBumper":-1,"modHood":-1,"modDial":-1,"plateIndex":4,"modDashboard":-1,"modVanityPlate":-1,"modExhaust":-1,"modAPlate":-1,"neonEnabled":[false,false,false,false],"modRoof":-1,"modTrunk":-1,"plate":"BBL 996","tyreSmokeColor":[255,255,255],"modArchCover":-1,"modTurbo":false,"modGrille":-1,"modLivery":0,"modEngine":-1,"modFrontWheels":-1,"modXenon":false,"modHydrolic":-1,"modSeats":-1,"extras":{"1":true},"modOrnaments":-1,"color1":112,"modSteeringWheel":-1,"modTank":-1,"dirtLevel":6.0,"modTrimB":-1,"modBackWheels":-1,"modEngineBlock":-1,"modFender":-1,"modSideSkirt":-1,"modTrimA":-1,"wheels":0,"pearlescentColor":112,"modDoorSpeaker":-1,"modWindows":-1,"modRearBumper":-1,"modArmor":-1,"modAerials":-1,"modTransmission":-1,"modFrame":-1,"modSpeakers":-1,"color2":28,"modSuspension":-1,"windowTint":-1,"modRightFender":-1,"modSmokeEnabled":false,"modShifterLeavers":-1}', 'car', 'ambulance', 1),
	('steam:110000109c9813a', 'CUX 937', '{"modDashboard":-1,"modAirFilter":-1,"modGrille":-1,"color1":112,"modHydrolic":-1,"neonEnabled":[false,false,false,false],"modSmokeEnabled":1,"tyreSmokeColor":[255,255,255],"modArmor":-1,"pearlescentColor":112,"modSpeakers":-1,"modVanityPlate":-1,"dirtLevel":1.047181725502,"plateIndex":4,"modShifterLeavers":-1,"modSteeringWheel":-1,"modSeats":-1,"modHorns":-1,"modBrakes":-1,"modTransmission":-1,"modBackWheels":-1,"modFender":-1,"modRoof":-1,"modTrunk":-1,"neonColor":[255,0,255],"modSideSkirt":-1,"modExhaust":-1,"health":998,"modLivery":1,"modTrimB":-1,"modStruts":-1,"modTank":-1,"modFrontBumper":-1,"extras":{"1":false},"modTurbo":false,"modFrame":-1,"modSpoilers":-1,"modDoorSpeaker":-1,"windowTint":-1,"modEngine":-1,"modFrontWheels":-1,"modEngineBlock":-1,"modArchCover":-1,"modHood":-1,"wheelColor":156,"modAPlate":-1,"modRightFender":-1,"modXenon":false,"wheels":0,"modSuspension":-1,"modTrimA":-1,"plate":"CUX 937","modPlateHolder":-1,"color2":28,"modOrnaments":-1,"modDial":-1,"model":1171614426,"modAerials":-1,"modWindows":-1,"modRearBumper":-1}', 'car', 'ambulance', 1),
	('steam:11000010723c135', 'OMJ 745', '{"modEngine":3,"modHydrolic":-1,"modDial":-1,"modFrontWheels":-1,"modRoof":-1,"modFrontBumper":1,"pearlescentColor":7,"modRearBumper":-1,"health":1000,"modTrunk":-1,"modTrimA":-1,"modArmor":4,"modRightFender":-1,"modDoorSpeaker":-1,"modFrame":0,"modBackWheels":-1,"modAerials":-1,"extras":{"10":false,"12":true},"modWindows":-1,"modAPlate":-1,"modTurbo":1,"modTank":-1,"plate":"OMJ 745","plateIndex":0,"modFender":-1,"color1":160,"modExhaust":0,"windowTint":-1,"modXenon":1,"wheels":0,"modVanityPlate":-1,"modSpoilers":2,"modDashboard":-1,"modTrimB":-1,"modSteeringWheel":-1,"modTransmission":2,"modAirFilter":-1,"tyreSmokeColor":[255,255,255],"model":970598228,"modSmokeEnabled":1,"modHorns":-1,"dirtLevel":11.262612342834,"modOrnaments":-1,"modPlateHolder":-1,"modSeats":-1,"modSuspension":3,"modHood":3,"modSideSkirt":-1,"wheelColor":156,"modArchCover":-1,"modShifterLeavers":-1,"color2":147,"modLivery":-1,"modStruts":-1,"modSpeakers":-1,"neonColor":[255,255,0],"modBrakes":2,"modEngineBlock":-1,"modGrille":-1,"neonEnabled":[1,1,1,1]}', 'car', '', 1),
	('steam:110000109c9813a', 'PGH 511', '{"modSpoilers":-1,"health":1000,"neonColor":[255,0,255],"modPlateHolder":-1,"modHorns":-1,"modStruts":-1,"modBrakes":-1,"wheelColor":156,"modAirFilter":-1,"model":745926877,"modFrontBumper":-1,"modHood":-1,"modDial":-1,"plateIndex":4,"modDashboard":-1,"modVanityPlate":-1,"modExhaust":-1,"modAPlate":-1,"neonEnabled":[false,false,false,false],"modRoof":-1,"modTrunk":-1,"plate":"PGH 511","tyreSmokeColor":[255,255,255],"modArchCover":-1,"modTurbo":false,"modGrille":-1,"modLivery":-1,"modEngine":-1,"modFrontWheels":-1,"modXenon":false,"modHydrolic":-1,"modSeats":-1,"extras":{"1":true,"2":true,"7":true},"modOrnaments":-1,"color1":0,"modSteeringWheel":-1,"modTank":-1,"dirtLevel":3.0,"modTrimB":-1,"modBackWheels":-1,"modEngineBlock":-1,"modFender":-1,"modSideSkirt":-1,"modTrimA":-1,"wheels":0,"pearlescentColor":0,"modDoorSpeaker":-1,"modWindows":-1,"modRearBumper":-1,"modArmor":-1,"modAerials":-1,"modTransmission":-1,"modFrame":-1,"modSpeakers":-1,"color2":112,"modSuspension":-1,"windowTint":-1,"modRightFender":-1,"modSmokeEnabled":false,"modShifterLeavers":-1}', 'helicopter', 'ambulance', 1),
	('steam:110000109c9813a', 'QXB 090', '{"modGrille":-1,"health":1000,"neonColor":[255,0,255],"modShifterLeavers":-1,"modHorns":-1,"modStruts":-1,"modBrakes":-1,"wheelColor":156,"modAirFilter":-1,"modEngineBlock":-1,"plateIndex":4,"color2":28,"modSpoilers":-1,"modArchCover":-1,"model":1171614426,"modFender":-1,"modExhaust":-1,"modFrontBumper":-1,"neonEnabled":[false,false,false,false],"modRoof":-1,"modTrunk":-1,"modDial":-1,"tyreSmokeColor":[255,255,255],"modTrimB":-1,"modTurbo":false,"modVanityPlate":-1,"color1":112,"modEngine":-1,"modFrontWheels":-1,"modXenon":false,"modHood":-1,"modSeats":-1,"extras":{"1":false},"modOrnaments":-1,"modSteeringWheel":-1,"modTank":-1,"modHydrolic":-1,"dirtLevel":7.0,"modAerials":-1,"modLivery":1,"modBackWheels":-1,"wheels":0,"modSideSkirt":-1,"plate":"QXB 090","modTrimA":-1,"pearlescentColor":112,"modDoorSpeaker":-1,"modWindows":-1,"modRearBumper":-1,"modPlateHolder":-1,"modDashboard":-1,"modTransmission":-1,"modFrame":-1,"modSpeakers":-1,"modAPlate":-1,"modSuspension":-1,"windowTint":-1,"modRightFender":-1,"modSmokeEnabled":false,"modArmor":-1}', 'car', 'ambulance', 1);
/*!40000 ALTER TABLE `owned_vehicles` ENABLE KEYS */;

-- Dumping structure for table essentialmode.phone_app_chat
CREATE TABLE IF NOT EXISTS `phone_app_chat` (
  `id` int(11) NOT NULL AUTO_INCREMENT,
  `channel` varchar(20) NOT NULL,
  `message` varchar(255) NOT NULL,
  `time` timestamp NOT NULL DEFAULT CURRENT_TIMESTAMP,
  PRIMARY KEY (`id`)
) ENGINE=InnoDB AUTO_INCREMENT=28 DEFAULT CHARSET=utf8;

-- Dumping data for table essentialmode.phone_app_chat: ~0 rows (approximately)
/*!40000 ALTER TABLE `phone_app_chat` DISABLE KEYS */;
/*!40000 ALTER TABLE `phone_app_chat` ENABLE KEYS */;

-- Dumping structure for table essentialmode.phone_calls
CREATE TABLE IF NOT EXISTS `phone_calls` (
  `id` int(11) NOT NULL AUTO_INCREMENT,
  `owner` varchar(10) NOT NULL COMMENT 'Num tel proprio',
  `num` varchar(10) NOT NULL COMMENT 'Num refrence du contact',
  `incoming` int(11) NOT NULL COMMENT 'Dfini si on est  l''origine de l''appels',
  `time` timestamp NOT NULL DEFAULT CURRENT_TIMESTAMP,
  `accepts` int(11) NOT NULL COMMENT 'Appels accepter ou pas',
  PRIMARY KEY (`id`)
) ENGINE=InnoDB AUTO_INCREMENT=122 DEFAULT CHARSET=utf8;

-- Dumping data for table essentialmode.phone_calls: ~0 rows (approximately)
/*!40000 ALTER TABLE `phone_calls` DISABLE KEYS */;
/*!40000 ALTER TABLE `phone_calls` ENABLE KEYS */;

-- Dumping structure for table essentialmode.phone_messages
CREATE TABLE IF NOT EXISTS `phone_messages` (
  `id` int(11) NOT NULL AUTO_INCREMENT,
  `transmitter` varchar(10) NOT NULL,
  `receiver` varchar(10) NOT NULL,
  `message` varchar(255) NOT NULL DEFAULT '0',
  `time` timestamp NOT NULL DEFAULT CURRENT_TIMESTAMP,
  `isRead` int(11) NOT NULL DEFAULT '0',
  `owner` int(11) NOT NULL DEFAULT '0',
  PRIMARY KEY (`id`)
) ENGINE=MyISAM AUTO_INCREMENT=106 DEFAULT CHARSET=utf8;

-- Dumping data for table essentialmode.phone_messages: 0 rows
/*!40000 ALTER TABLE `phone_messages` DISABLE KEYS */;
/*!40000 ALTER TABLE `phone_messages` ENABLE KEYS */;

-- Dumping structure for table essentialmode.phone_users_contacts
CREATE TABLE IF NOT EXISTS `phone_users_contacts` (
  `id` int(11) NOT NULL AUTO_INCREMENT,
  `identifier` varchar(60) CHARACTER SET utf8mb4 DEFAULT NULL,
  `number` varchar(10) CHARACTER SET utf8mb4 DEFAULT NULL,
  `display` varchar(64) CHARACTER SET utf8mb4 NOT NULL DEFAULT '-1',
  PRIMARY KEY (`id`)
) ENGINE=MyISAM AUTO_INCREMENT=7 DEFAULT CHARSET=utf8;

-- Dumping data for table essentialmode.phone_users_contacts: 0 rows
/*!40000 ALTER TABLE `phone_users_contacts` DISABLE KEYS */;
/*!40000 ALTER TABLE `phone_users_contacts` ENABLE KEYS */;

-- Dumping structure for table essentialmode.playerstattoos
CREATE TABLE IF NOT EXISTS `playerstattoos` (
  `id` int(11) NOT NULL AUTO_INCREMENT,
  `identifier` varchar(255) NOT NULL,
  `tattoos` varchar(255) NOT NULL,
  PRIMARY KEY (`id`)
) ENGINE=InnoDB AUTO_INCREMENT=83 DEFAULT CHARSET=utf8mb4;

-- Dumping data for table essentialmode.playerstattoos: ~82 rows (approximately)
/*!40000 ALTER TABLE `playerstattoos` DISABLE KEYS */;
INSERT INTO `playerstattoos` (`id`, `identifier`, `tattoos`) VALUES
	(1, 'steam:11000010a44d3fb', '[]'),
	(2, 'steam:110000115986142', '[]'),
	(3, 'steam:110000116557693', '[]'),
	(4, 'steam:11000010deddfd7', '[]'),
	(5, 'steam:11000011129537c', '[]'),
	(6, 'steam:1100001020d3eed', '[]'),
	(7, 'steam:11000010662e9c6', '[]'),
	(8, 'steam:11000010601b981', '[]'),
	(9, 'steam:110000102b061cf', '[]'),
	(10, 'steam:1100001123a2c90', '[]'),
	(11, 'steam:110000109c9813a', '[]'),
	(12, 'steam:110000112e28479', '[]'),
	(13, 'steam:1100001124879e8', '[]'),
	(14, 'steam:11000010770908b', '[]'),
	(15, 'steam:11000011a5ebd58', '[]'),
	(16, 'steam:1100001337ae8c9', '[]'),
	(17, 'steam:110000136e96830', '[]'),
	(18, 'steam:11000010f459450', '[]'),
	(19, 'steam:11000013732c0c8', '[]'),
	(20, 'steam:1100001366d82fe', '[]'),
	(21, 'steam:11000010f685783', '[]'),
	(22, 'steam:1100001048bc9c5', '[]'),
	(23, 'steam:1100001060d204f', '[]'),
	(24, 'steam:110000111bf0044', '[]'),
	(25, 'steam:11000010a586332', '[]'),
	(26, 'steam:110000107cb08f9', '[]'),
	(27, 'steam:11000010538aa64', '[]'),
	(28, 'steam:11000011b56bae5', '[]'),
	(29, 'steam:11000011915c28b', '[]'),
	(30, 'steam:11000010e0f2322', '[]'),
	(31, 'steam:110000111c08cda', '[]'),
	(32, 'steam:1100001126d6569', '[]'),
	(33, 'steam:11000013726a6fe', '[]'),
	(34, 'steam:11000011aa170fd', '[]'),
	(35, 'steam:110000115e493c8', '[]'),
	(36, 'steam:11000011221b487', '[]'),
	(37, 'steam:1100001081f7334', '[]'),
	(38, 'steam:110000106929182', '[]'),
	(39, 'steam:11000010b560d5d', '[]'),
	(40, 'steam:110000136d86cde', '[]'),
	(41, 'steam:11000013b119c53', '[]'),
	(42, 'steam:1100001057027c6', '[]'),
	(43, 'steam:110000103e5543f', '[]'),
	(44, 'steam:11000010b8a1158', '[]'),
	(45, 'steam:1100001057e070e', '[]'),
	(46, 'steam:1100001066c265d', '[]'),
	(47, 'steam:110000105f9f2da', '[]'),
	(48, 'steam:110000117ace785', '[]'),
	(49, 'steam:110000100b83113', '[]'),
	(50, 'steam:11000011338901d', '[]'),
	(51, 'steam:11000010723c135', '[]'),
	(52, 'steam:110000107a24fa1', '[]'),
	(53, 'steam:110000136344c46', '[]'),
	(54, 'steam:11000010f0d0a35', '[]'),
	(55, 'steam:110000105128a8c', '[]'),
	(56, 'steam:11000010a3b2583', '[]'),
	(57, 'steam:110000105dc7164', '[]'),
	(58, 'steam:11000010a105523', '[]'),
	(59, 'steam:11000010ccf37ca', '[]'),
	(60, 'steam:11000010584aa40', '[]'),
	(61, 'steam:110000110e7f810', '[]'),
	(62, 'steam:11000010502c8dd', '[]'),
	(63, 'steam:11000010fc1fd64', '[]'),
	(64, 'steam:110000104cba75c', '[]'),
	(65, 'steam:110000131e418d6', '[]'),
	(66, 'steam:110000103cb67f0', '[]'),
	(67, 'steam:11000013319a446', '[]'),
	(68, 'steam:110000100d56d75', '[]'),
	(69, 'steam:110000138c2c651', '[]'),
	(70, 'steam:11000010edab357', '[]'),
	(71, 'steam:110000100020401', '[]'),
	(72, 'steam:110000101bf4db7', '[]'),
	(73, 'steam:11000010b2c0fc7', '[]'),
	(74, 'steam:11000010c765b9e', '[]'),
	(75, 'steam:1100001073d9ce8', '[]'),
	(76, 'steam:11000010cb47682', '[]'),
	(77, 'steam:11000010659c823', '[]'),
	(78, 'steam:1100001166c3189', '[]'),
	(79, 'steam:110000111998809', '[]'),
	(80, 'steam:1100001009e56e3', '[]'),
	(81, 'steam:110000116369cd9', '[]'),
	(82, 'steam:1100001366d9112', '[]');
/*!40000 ALTER TABLE `playerstattoos` ENABLE KEYS */;

-- Dumping structure for table essentialmode.properties
CREATE TABLE IF NOT EXISTS `properties` (
  `id` int(11) NOT NULL AUTO_INCREMENT,
  `name` varchar(255) COLLATE utf8mb4_bin DEFAULT NULL,
  `label` varchar(255) COLLATE utf8mb4_bin DEFAULT NULL,
  `entering` varchar(255) COLLATE utf8mb4_bin DEFAULT NULL,
  `exit` varchar(255) COLLATE utf8mb4_bin DEFAULT NULL,
  `inside` varchar(255) COLLATE utf8mb4_bin DEFAULT NULL,
  `outside` varchar(255) COLLATE utf8mb4_bin DEFAULT NULL,
  `ipls` varchar(255) COLLATE utf8mb4_bin DEFAULT '[]',
  `gateway` varchar(255) COLLATE utf8mb4_bin DEFAULT NULL,
  `is_single` int(11) DEFAULT NULL,
  `is_room` int(11) DEFAULT NULL,
  `is_gateway` int(11) DEFAULT NULL,
  `room_menu` varchar(255) COLLATE utf8mb4_bin DEFAULT NULL,
  `price` int(11) NOT NULL,
  PRIMARY KEY (`id`)
) ENGINE=InnoDB AUTO_INCREMENT=73 DEFAULT CHARSET=utf8mb4 COLLATE=utf8mb4_bin;

-- Dumping data for table essentialmode.properties: ~72 rows (approximately)
/*!40000 ALTER TABLE `properties` DISABLE KEYS */;
INSERT INTO `properties` (`id`, `name`, `label`, `entering`, `exit`, `inside`, `outside`, `ipls`, `gateway`, `is_single`, `is_room`, `is_gateway`, `room_menu`, `price`) VALUES
	(1, 'WhispymoundDrive', '2677 Whispymound Drive', '{"y":564.89,"z":182.959,"x":119.384}', '{"x":117.347,"y":559.506,"z":183.304}', '{"y":557.032,"z":183.301,"x":118.037}', '{"y":567.798,"z":182.131,"x":119.249}', '[]', NULL, 1, 1, 0, '{"x":118.748,"y":566.573,"z":175.697}', 1500000),
	(2, 'NorthConkerAvenue2045', '2045 North Conker Avenue', '{"x":372.796,"y":428.327,"z":144.685}', '{"x":373.548,"y":422.982,"z":144.907},', '{"y":420.075,"z":145.904,"x":372.161}', '{"x":372.454,"y":432.886,"z":143.443}', '[]', NULL, 1, 1, 0, '{"x":377.349,"y":429.422,"z":137.3}', 1500000),
	(3, 'RichardMajesticApt2', 'Richard Majestic, Apt 2', '{"y":-379.165,"z":37.961,"x":-936.363}', '{"y":-365.476,"z":113.274,"x":-913.097}', '{"y":-367.637,"z":113.274,"x":-918.022}', '{"y":-382.023,"z":37.961,"x":-943.626}', '[]', NULL, 1, 1, 0, '{"x":-927.554,"y":-377.744,"z":112.674}', 1700000),
	(4, 'NorthConkerAvenue2044', '2044 North Conker Avenue', '{"y":440.8,"z":146.702,"x":346.964}', '{"y":437.456,"z":148.394,"x":341.683}', '{"y":435.626,"z":148.394,"x":339.595}', '{"x":350.535,"y":443.329,"z":145.764}', '[]', NULL, 1, 1, 0, '{"x":337.726,"y":436.985,"z":140.77}', 1500000),
	(5, 'WildOatsDrive', '3655 Wild Oats Drive', '{"y":502.696,"z":136.421,"x":-176.003}', '{"y":497.817,"z":136.653,"x":-174.349}', '{"y":495.069,"z":136.666,"x":-173.331}', '{"y":506.412,"z":135.0664,"x":-177.927}', '[]', NULL, 1, 1, 0, '{"x":-174.725,"y":493.095,"z":129.043}', 1500000),
	(6, 'HillcrestAvenue2862', '2862 Hillcrest Avenue', '{"y":596.58,"z":142.641,"x":-686.554}', '{"y":591.988,"z":144.392,"x":-681.728}', '{"y":590.608,"z":144.392,"x":-680.124}', '{"y":599.019,"z":142.059,"x":-689.492}', '[]', NULL, 1, 1, 0, '{"x":-680.46,"y":588.6,"z":136.769}', 1500000),
	(7, 'LowEndApartment', 'Basic apartment', '{"y":-1078.735,"z":28.4031,"x":292.528}', '{"y":-1007.152,"z":-102.002,"x":265.845}', '{"y":-1002.802,"z":-100.008,"x":265.307}', '{"y":-1078.669,"z":28.401,"x":296.738}', '[]', NULL, 1, 1, 0, '{"x":265.916,"y":-999.38,"z":-100.008}', 562500),
	(8, 'MadWayneThunder', '2113 Mad Wayne Thunder', '{"y":454.955,"z":96.462,"x":-1294.433}', '{"x":-1289.917,"y":449.541,"z":96.902}', '{"y":446.322,"z":96.899,"x":-1289.642}', '{"y":455.453,"z":96.517,"x":-1298.851}', '[]', NULL, 1, 1, 0, '{"x":-1287.306,"y":455.901,"z":89.294}', 1500000),
	(9, 'HillcrestAvenue2874', '2874 Hillcrest Avenue', '{"x":-853.346,"y":696.678,"z":147.782}', '{"y":690.875,"z":151.86,"x":-859.961}', '{"y":688.361,"z":151.857,"x":-859.395}', '{"y":701.628,"z":147.773,"x":-855.007}', '[]', NULL, 1, 1, 0, '{"x":-858.543,"y":697.514,"z":144.253}', 1500000),
	(10, 'HillcrestAvenue2868', '2868 Hillcrest Avenue', '{"y":620.494,"z":141.588,"x":-752.82}', '{"y":618.62,"z":143.153,"x":-759.317}', '{"y":617.629,"z":143.153,"x":-760.789}', '{"y":621.281,"z":141.254,"x":-750.919}', '[]', NULL, 1, 1, 0, '{"x":-762.504,"y":618.992,"z":135.53}', 1500000),
	(11, 'TinselTowersApt12', 'Tinsel Towers, Apt 42', '{"y":37.025,"z":42.58,"x":-618.299}', '{"y":58.898,"z":97.2,"x":-603.301}', '{"y":58.941,"z":97.2,"x":-608.741}', '{"y":30.603,"z":42.524,"x":-620.017}', '[]', NULL, 1, 1, 0, '{"x":-622.173,"y":54.585,"z":96.599}', 1700000),
	(12, 'MiltonDrive', 'Milton Drive', '{"x":-775.17,"y":312.01,"z":84.658}', NULL, NULL, '{"x":-775.346,"y":306.776,"z":84.7}', '[]', NULL, 0, 0, 1, NULL, 0),
	(13, 'Modern1Apartment', 'Modern Apartment 1', NULL, '{"x":-784.194,"y":323.636,"z":210.997}', '{"x":-779.751,"y":323.385,"z":210.997}', NULL, '["apa_v_mp_h_01_a"]', 'MiltonDrive', 0, 1, 0, '{"x":-766.661,"y":327.672,"z":210.396}', 1300000),
	(14, 'Modern2Apartment', 'Modern Apartment 2', NULL, '{"x":-786.8663,"y":315.764,"z":186.913}', '{"x":-781.808,"y":315.866,"z":186.913}', NULL, '["apa_v_mp_h_01_c"]', 'MiltonDrive', 0, 1, 0, '{"x":-795.735,"y":326.757,"z":186.313}', 1300000),
	(15, 'Modern3Apartment', 'Modern Apartment 3', NULL, '{"x":-774.012,"y":342.042,"z":195.686}', '{"x":-779.057,"y":342.063,"z":195.686}', NULL, '["apa_v_mp_h_01_b"]', 'MiltonDrive', 0, 1, 0, '{"x":-765.386,"y":330.782,"z":195.08}', 1300000),
	(16, 'Mody1Apartment', 'Mody Apartment 1', NULL, '{"x":-784.194,"y":323.636,"z":210.997}', '{"x":-779.751,"y":323.385,"z":210.997}', NULL, '["apa_v_mp_h_02_a"]', 'MiltonDrive', 0, 1, 0, '{"x":-766.615,"y":327.878,"z":210.396}', 1300000),
	(17, 'Mody2Apartment', 'Mody Apartment 2', NULL, '{"x":-786.8663,"y":315.764,"z":186.913}', '{"x":-781.808,"y":315.866,"z":186.913}', NULL, '["apa_v_mp_h_02_c"]', 'MiltonDrive', 0, 1, 0, '{"x":-795.297,"y":327.092,"z":186.313}', 1300000),
	(18, 'Mody3Apartment', 'Mody Apartment 3', NULL, '{"x":-774.012,"y":342.042,"z":195.686}', '{"x":-779.057,"y":342.063,"z":195.686}', NULL, '["apa_v_mp_h_02_b"]', 'MiltonDrive', 0, 1, 0, '{"x":-765.303,"y":330.932,"z":195.085}', 1300000),
	(19, 'Vibrant1Apartment', 'Vibrant Apartment 1', NULL, '{"x":-784.194,"y":323.636,"z":210.997}', '{"x":-779.751,"y":323.385,"z":210.997}', NULL, '["apa_v_mp_h_03_a"]', 'MiltonDrive', 0, 1, 0, '{"x":-765.885,"y":327.641,"z":210.396}', 1300000),
	(20, 'Vibrant2Apartment', 'Vibrant Apartment 2', NULL, '{"x":-786.8663,"y":315.764,"z":186.913}', '{"x":-781.808,"y":315.866,"z":186.913}', NULL, '["apa_v_mp_h_03_c"]', 'MiltonDrive', 0, 1, 0, '{"x":-795.607,"y":327.344,"z":186.313}', 1300000),
	(21, 'Vibrant3Apartment', 'Vibrant Apartment 3', NULL, '{"x":-774.012,"y":342.042,"z":195.686}', '{"x":-779.057,"y":342.063,"z":195.686}', NULL, '["apa_v_mp_h_03_b"]', 'MiltonDrive', 0, 1, 0, '{"x":-765.525,"y":330.851,"z":195.085}', 1300000),
	(22, 'Sharp1Apartment', 'Sharp Apartment 1', NULL, '{"x":-784.194,"y":323.636,"z":210.997}', '{"x":-779.751,"y":323.385,"z":210.997}', NULL, '["apa_v_mp_h_04_a"]', 'MiltonDrive', 0, 1, 0, '{"x":-766.527,"y":327.89,"z":210.396}', 1300000),
	(23, 'Sharp2Apartment', 'Sharp Apartment 2', NULL, '{"x":-786.8663,"y":315.764,"z":186.913}', '{"x":-781.808,"y":315.866,"z":186.913}', NULL, '["apa_v_mp_h_04_c"]', 'MiltonDrive', 0, 1, 0, '{"x":-795.642,"y":326.497,"z":186.313}', 1300000),
	(24, 'Sharp3Apartment', 'Sharp Apartment 3', NULL, '{"x":-774.012,"y":342.042,"z":195.686}', '{"x":-779.057,"y":342.063,"z":195.686}', NULL, '["apa_v_mp_h_04_b"]', 'MiltonDrive', 0, 1, 0, '{"x":-765.503,"y":331.318,"z":195.085}', 1300000),
	(25, 'Monochrome1Apartment', 'Monochrome Apartment 1', NULL, '{"x":-784.194,"y":323.636,"z":210.997}', '{"x":-779.751,"y":323.385,"z":210.997}', NULL, '["apa_v_mp_h_05_a"]', 'MiltonDrive', 0, 1, 0, '{"x":-766.289,"y":328.086,"z":210.396}', 1300000),
	(26, 'Monochrome2Apartment', 'Monochrome Apartment 2', NULL, '{"x":-786.8663,"y":315.764,"z":186.913}', '{"x":-781.808,"y":315.866,"z":186.913}', NULL, '["apa_v_mp_h_05_c"]', 'MiltonDrive', 0, 1, 0, '{"x":-795.692,"y":326.762,"z":186.313}', 1300000),
	(27, 'Monochrome3Apartment', 'Monochrome Apartment 3', NULL, '{"x":-774.012,"y":342.042,"z":195.686}', '{"x":-779.057,"y":342.063,"z":195.686}', NULL, '["apa_v_mp_h_05_b"]', 'MiltonDrive', 0, 1, 0, '{"x":-765.094,"y":330.976,"z":195.085}', 1300000),
	(28, 'Seductive1Apartment', 'Seductive Apartment 1', NULL, '{"x":-784.194,"y":323.636,"z":210.997}', '{"x":-779.751,"y":323.385,"z":210.997}', NULL, '["apa_v_mp_h_06_a"]', 'MiltonDrive', 0, 1, 0, '{"x":-766.263,"y":328.104,"z":210.396}', 1300000),
	(29, 'Seductive2Apartment', 'Seductive Apartment 2', NULL, '{"x":-786.8663,"y":315.764,"z":186.913}', '{"x":-781.808,"y":315.866,"z":186.913}', NULL, '["apa_v_mp_h_06_c"]', 'MiltonDrive', 0, 1, 0, '{"x":-795.655,"y":326.611,"z":186.313}', 1300000),
	(30, 'Seductive3Apartment', 'Seductive Apartment 3', NULL, '{"x":-774.012,"y":342.042,"z":195.686}', '{"x":-779.057,"y":342.063,"z":195.686}', NULL, '["apa_v_mp_h_06_b"]', 'MiltonDrive', 0, 1, 0, '{"x":-765.3,"y":331.414,"z":195.085}', 1300000),
	(31, 'Regal1Apartment', 'Regal Apartment 1', NULL, '{"x":-784.194,"y":323.636,"z":210.997}', '{"x":-779.751,"y":323.385,"z":210.997}', NULL, '["apa_v_mp_h_07_a"]', 'MiltonDrive', 0, 1, 0, '{"x":-765.956,"y":328.257,"z":210.396}', 1300000),
	(32, 'Regal2Apartment', 'Regal Apartment 2', NULL, '{"x":-786.8663,"y":315.764,"z":186.913}', '{"x":-781.808,"y":315.866,"z":186.913}', NULL, '["apa_v_mp_h_07_c"]', 'MiltonDrive', 0, 1, 0, '{"x":-795.545,"y":326.659,"z":186.313}', 1300000),
	(33, 'Regal3Apartment', 'Regal Apartment 3', NULL, '{"x":-774.012,"y":342.042,"z":195.686}', '{"x":-779.057,"y":342.063,"z":195.686}', NULL, '["apa_v_mp_h_07_b"]', 'MiltonDrive', 0, 1, 0, '{"x":-765.087,"y":331.429,"z":195.123}', 1300000),
	(34, 'Aqua1Apartment', 'Aqua Apartment 1', NULL, '{"x":-784.194,"y":323.636,"z":210.997}', '{"x":-779.751,"y":323.385,"z":210.997}', NULL, '["apa_v_mp_h_08_a"]', 'MiltonDrive', 0, 1, 0, '{"x":-766.187,"y":328.47,"z":210.396}', 1300000),
	(35, 'Aqua2Apartment', 'Aqua Apartment 2', NULL, '{"x":-786.8663,"y":315.764,"z":186.913}', '{"x":-781.808,"y":315.866,"z":186.913}', NULL, '["apa_v_mp_h_08_c"]', 'MiltonDrive', 0, 1, 0, '{"x":-795.658,"y":326.563,"z":186.313}', 1300000),
	(36, 'Aqua3Apartment', 'Aqua Apartment 3', NULL, '{"x":-774.012,"y":342.042,"z":195.686}', '{"x":-779.057,"y":342.063,"z":195.686}', NULL, '["apa_v_mp_h_08_b"]', 'MiltonDrive', 0, 1, 0, '{"x":-765.287,"y":331.084,"z":195.086}', 1300000),
	(37, 'IntegrityWay', '4 Integrity Way', '{"x":-47.804,"y":-585.867,"z":36.956}', NULL, NULL, '{"x":-54.178,"y":-583.762,"z":35.798}', '[]', NULL, 0, 0, 1, NULL, 0),
	(38, 'IntegrityWay28', '4 Integrity Way - Apt 28', NULL, '{"x":-31.409,"y":-594.927,"z":79.03}', '{"x":-26.098,"y":-596.909,"z":79.03}', NULL, '[]', 'IntegrityWay', 0, 1, 0, '{"x":-11.923,"y":-597.083,"z":78.43}', 1700000),
	(39, 'IntegrityWay30', '4 Integrity Way - Apt 30', NULL, '{"x":-17.702,"y":-588.524,"z":89.114}', '{"x":-16.21,"y":-582.569,"z":89.114}', NULL, '[]', 'IntegrityWay', 0, 1, 0, '{"x":-26.327,"y":-588.384,"z":89.123}', 1700000),
	(40, 'DellPerroHeights', 'Dell Perro Heights', '{"x":-1447.06,"y":-538.28,"z":33.74}', NULL, NULL, '{"x":-1440.022,"y":-548.696,"z":33.74}', '[]', NULL, 0, 0, 1, NULL, 0),
	(41, 'DellPerroHeightst4', 'Dell Perro Heights - Apt 28', NULL, '{"x":-1452.125,"y":-540.591,"z":73.044}', '{"x":-1455.435,"y":-535.79,"z":73.044}', NULL, '[]', 'DellPerroHeights', 0, 1, 0, '{"x":-1467.058,"y":-527.571,"z":72.443}', 1700000),
	(42, 'DellPerroHeightst7', 'Dell Perro Heights - Apt 30', NULL, '{"x":-1451.562,"y":-523.535,"z":55.928}', '{"x":-1456.02,"y":-519.209,"z":55.929}', NULL, '[]', 'DellPerroHeights', 0, 1, 0, '{"x":-1457.026,"y":-530.219,"z":55.937}', 1700000),
	(43, 'MazeBankBuilding', 'Maze Bank Building', '{"x":-79.18,"y":-795.92,"z":43.35}', NULL, NULL, '{"x":-72.50,"y":-786.92,"z":43.40}', '[]', NULL, 0, 0, 1, NULL, 0),
	(44, 'OldSpiceWarm', 'Old Spice Warm', NULL, '{"x":-75.69,"y":-827.08,"z":242.43}', '{"x":-75.51,"y":-823.90,"z":242.43}', NULL, '["ex_dt1_11_office_01a"]', 'MazeBankBuilding', 0, 1, 0, '{"x":-71.81,"y":-814.34,"z":242.39}', 5000000),
	(45, 'OldSpiceClassical', 'Old Spice Classical', NULL, '{"x":-75.69,"y":-827.08,"z":242.43}', '{"x":-75.51,"y":-823.90,"z":242.43}', NULL, '["ex_dt1_11_office_01b"]', 'MazeBankBuilding', 0, 1, 0, '{"x":-71.81,"y":-814.34,"z":242.39}', 5000000),
	(46, 'OldSpiceVintage', 'Old Spice Vintage', NULL, '{"x":-75.69,"y":-827.08,"z":242.43}', '{"x":-75.51,"y":-823.90,"z":242.43}', NULL, '["ex_dt1_11_office_01c"]', 'MazeBankBuilding', 0, 1, 0, '{"x":-71.81,"y":-814.34,"z":242.39}', 5000000),
	(47, 'ExecutiveRich', 'Executive Rich', NULL, '{"x":-75.69,"y":-827.08,"z":242.43}', '{"x":-75.51,"y":-823.90,"z":242.43}', NULL, '["ex_dt1_11_office_02b"]', 'MazeBankBuilding', 0, 1, 0, '{"x":-71.81,"y":-814.34,"z":242.39}', 5000000),
	(48, 'ExecutiveCool', 'Executive Cool', NULL, '{"x":-75.69,"y":-827.08,"z":242.43}', '{"x":-75.51,"y":-823.90,"z":242.43}', NULL, '["ex_dt1_11_office_02c"]', 'MazeBankBuilding', 0, 1, 0, '{"x":-71.81,"y":-814.34,"z":242.39}', 5000000),
	(49, 'ExecutiveContrast', 'Executive Contrast', NULL, '{"x":-75.69,"y":-827.08,"z":242.43}', '{"x":-75.51,"y":-823.90,"z":242.43}', NULL, '["ex_dt1_11_office_02a"]', 'MazeBankBuilding', 0, 1, 0, '{"x":-71.81,"y":-814.34,"z":242.39}', 5000000),
	(50, 'PowerBrokerIce', 'Power Broker Ice', NULL, '{"x":-75.69,"y":-827.08,"z":242.43}', '{"x":-75.51,"y":-823.90,"z":242.43}', NULL, '["ex_dt1_11_office_03a"]', 'MazeBankBuilding', 0, 1, 0, '{"x":-71.81,"y":-814.34,"z":242.39}', 5000000),
	(51, 'PowerBrokerConservative', 'Power Broker Conservative', NULL, '{"x":-75.69,"y":-827.08,"z":242.43}', '{"x":-75.51,"y":-823.90,"z":242.43}', NULL, '["ex_dt1_11_office_03b"]', 'MazeBankBuilding', 0, 1, 0, '{"x":-71.81,"y":-814.34,"z":242.39}', 5000000),
	(52, 'PowerBrokerPolished', 'Power Broker Polished', NULL, '{"x":-75.69,"y":-827.08,"z":242.43}', '{"x":-75.51,"y":-823.90,"z":242.43}', NULL, '["ex_dt1_11_office_03c"]', 'MazeBankBuilding', 0, 1, 0, '{"x":-71.81,"y":-814.34,"z":242.39}', 5000000),
	(53, 'LomBank', 'Lom Bank', '{"x":-1581.36,"y":-558.23,"z":34.07}', NULL, NULL, '{"x":-1583.60,"y":-555.12,"z":34.07}', '[]', NULL, 0, 0, 1, NULL, 0),
	(54, 'LBOldSpiceWarm', 'LB Old Spice Warm', NULL, '{"x":-1579.53,"y":-564.89,"z":107.62}', '{"x":-1576.42,"y":-567.57,"z":107.62}', NULL, '["ex_sm_13_office_01a"]', 'LomBank', 0, 1, 0, '{"x":-1571.26,"y":-575.76,"z":107.52}', 3500000),
	(55, 'LBOldSpiceClassical', 'LB Old Spice Classical', NULL, '{"x":-1579.53,"y":-564.89,"z":107.62}', '{"x":-1576.42,"y":-567.57,"z":107.62}', NULL, '["ex_sm_13_office_01b"]', 'LomBank', 0, 1, 0, '{"x":-1571.26,"y":-575.76,"z":107.52}', 3500000),
	(56, 'LBOldSpiceVintage', 'LB Old Spice Vintage', NULL, '{"x":-1579.53,"y":-564.89,"z":107.62}', '{"x":-1576.42,"y":-567.57,"z":107.62}', NULL, '["ex_sm_13_office_01c"]', 'LomBank', 0, 1, 0, '{"x":-1571.26,"y":-575.76,"z":107.52}', 3500000),
	(57, 'LBExecutiveRich', 'LB Executive Rich', NULL, '{"x":-1579.53,"y":-564.89,"z":107.62}', '{"x":-1576.42,"y":-567.57,"z":107.62}', NULL, '["ex_sm_13_office_02b"]', 'LomBank', 0, 1, 0, '{"x":-1571.26,"y":-575.76,"z":107.52}', 3500000),
	(58, 'LBExecutiveCool', 'LB Executive Cool', NULL, '{"x":-1579.53,"y":-564.89,"z":107.62}', '{"x":-1576.42,"y":-567.57,"z":107.62}', NULL, '["ex_sm_13_office_02c"]', 'LomBank', 0, 1, 0, '{"x":-1571.26,"y":-575.76,"z":107.52}', 3500000),
	(59, 'LBExecutiveContrast', 'LB Executive Contrast', NULL, '{"x":-1579.53,"y":-564.89,"z":107.62}', '{"x":-1576.42,"y":-567.57,"z":107.62}', NULL, '["ex_sm_13_office_02a"]', 'LomBank', 0, 1, 0, '{"x":-1571.26,"y":-575.76,"z":107.52}', 3500000),
	(60, 'LBPowerBrokerIce', 'LB Power Broker Ice', NULL, '{"x":-1579.53,"y":-564.89,"z":107.62}', '{"x":-1576.42,"y":-567.57,"z":107.62}', NULL, '["ex_sm_13_office_03a"]', 'LomBank', 0, 1, 0, '{"x":-1571.26,"y":-575.76,"z":107.52}', 3500000),
	(61, 'LBPowerBrokerConservative', 'LB Power Broker Conservative', NULL, '{"x":-1579.53,"y":-564.89,"z":107.62}', '{"x":-1576.42,"y":-567.57,"z":107.62}', NULL, '["ex_sm_13_office_03b"]', 'LomBank', 0, 1, 0, '{"x":-1571.26,"y":-575.76,"z":107.52}', 3500000),
	(62, 'LBPowerBrokerPolished', 'LB Power Broker Polished', NULL, '{"x":-1579.53,"y":-564.89,"z":107.62}', '{"x":-1576.42,"y":-567.57,"z":107.62}', NULL, '["ex_sm_13_office_03c"]', 'LomBank', 0, 1, 0, '{"x":-1571.26,"y":-575.76,"z":107.52}', 3500000),
	(63, 'MazeBankWest', 'Maze Bank West', '{"x":-1379.58,"y":-499.63,"z":32.22}', NULL, NULL, '{"x":-1378.95,"y":-502.82,"z":32.22}', '[]', NULL, 0, 0, 1, NULL, 0),
	(64, 'MBWOldSpiceWarm', 'MBW Old Spice Warm', NULL, '{"x":-1392.74,"y":-480.18,"z":71.14}', '{"x":-1389.43,"y":-479.01,"z":71.14}', NULL, '["ex_sm_15_office_01a"]', 'MazeBankWest', 0, 1, 0, '{"x":-1390.76,"y":-479.22,"z":72.04}', 2700000),
	(65, 'MBWOldSpiceClassical', 'MBW Old Spice Classical', NULL, '{"x":-1392.74,"y":-480.18,"z":71.14}', '{"x":-1389.43,"y":-479.01,"z":71.14}', NULL, '["ex_sm_15_office_01b"]', 'MazeBankWest', 0, 1, 0, '{"x":-1390.76,"y":-479.22,"z":72.04}', 2700000),
	(66, 'MBWOldSpiceVintage', 'MBW Old Spice Vintage', NULL, '{"x":-1392.74,"y":-480.18,"z":71.14}', '{"x":-1389.43,"y":-479.01,"z":71.14}', NULL, '["ex_sm_15_office_01c"]', 'MazeBankWest', 0, 1, 0, '{"x":-1390.76,"y":-479.22,"z":72.04}', 2700000),
	(67, 'MBWExecutiveRich', 'MBW Executive Rich', NULL, '{"x":-1392.74,"y":-480.18,"z":71.14}', '{"x":-1389.43,"y":-479.01,"z":71.14}', NULL, '["ex_sm_15_office_02b"]', 'MazeBankWest', 0, 1, 0, '{"x":-1390.76,"y":-479.22,"z":72.04}', 2700000),
	(68, 'MBWExecutiveCool', 'MBW Executive Cool', NULL, '{"x":-1392.74,"y":-480.18,"z":71.14}', '{"x":-1389.43,"y":-479.01,"z":71.14}', NULL, '["ex_sm_15_office_02c"]', 'MazeBankWest', 0, 1, 0, '{"x":-1390.76,"y":-479.22,"z":72.04}', 2700000),
	(69, 'MBWExecutive Contrast', 'MBW Executive Contrast', NULL, '{"x":-1392.74,"y":-480.18,"z":71.14}', '{"x":-1389.43,"y":-479.01,"z":71.14}', NULL, '["ex_sm_15_office_02a"]', 'MazeBankWest', 0, 1, 0, '{"x":-1390.76,"y":-479.22,"z":72.04}', 2700000),
	(70, 'MBWPowerBrokerIce', 'MBW Power Broker Ice', NULL, '{"x":-1392.74,"y":-480.18,"z":71.14}', '{"x":-1389.43,"y":-479.01,"z":71.14}', NULL, '["ex_sm_15_office_03a"]', 'MazeBankWest', 0, 1, 0, '{"x":-1390.76,"y":-479.22,"z":72.04}', 2700000),
	(71, 'MBWPowerBrokerConvservative', 'MBW Power Broker Convservative', NULL, '{"x":-1392.74,"y":-480.18,"z":71.14}', '{"x":-1389.43,"y":-479.01,"z":71.14}', NULL, '["ex_sm_15_office_03b"]', 'MazeBankWest', 0, 1, 0, '{"x":-1390.76,"y":-479.22,"z":72.04}', 2700000),
	(72, 'MBWPowerBrokerPolished', 'MBW Power Broker Polished', NULL, '{"x":-1392.74,"y":-480.18,"z":71.14}', '{"x":-1389.43,"y":-479.01,"z":71.14}', NULL, '["ex_sm_15_office_03c"]', 'MazeBankWest', 0, 1, 0, '{"x":-1390.76,"y":-479.22,"z":72.04}', 2700000);
/*!40000 ALTER TABLE `properties` ENABLE KEYS */;

-- Dumping structure for table essentialmode.rented_vehicles
CREATE TABLE IF NOT EXISTS `rented_vehicles` (
  `vehicle` varchar(60) COLLATE utf8mb4_bin NOT NULL,
  `plate` varchar(12) COLLATE utf8mb4_bin NOT NULL,
  `player_name` varchar(255) COLLATE utf8mb4_bin NOT NULL,
  `base_price` int(11) NOT NULL,
  `rent_price` int(11) NOT NULL,
  `owner` varchar(30) COLLATE utf8mb4_bin NOT NULL,
  PRIMARY KEY (`plate`)
) ENGINE=InnoDB DEFAULT CHARSET=utf8mb4 COLLATE=utf8mb4_bin;

-- Dumping data for table essentialmode.rented_vehicles: ~0 rows (approximately)
/*!40000 ALTER TABLE `rented_vehicles` DISABLE KEYS */;
/*!40000 ALTER TABLE `rented_vehicles` ENABLE KEYS */;

-- Dumping structure for table essentialmode.shipments
CREATE TABLE IF NOT EXISTS `shipments` (
  `id` int(11) DEFAULT NULL,
  `identifier` varchar(50) DEFAULT NULL,
  `label` varchar(50) DEFAULT NULL,
  `item` varchar(50) DEFAULT NULL,
  `price` varchar(50) DEFAULT NULL,
  `count` varchar(50) DEFAULT NULL,
  `time` int(20) DEFAULT NULL
) ENGINE=InnoDB DEFAULT CHARSET=latin1;

-- Dumping data for table essentialmode.shipments: ~2 rows (approximately)
/*!40000 ALTER TABLE `shipments` DISABLE KEYS */;
INSERT INTO `shipments` (`id`, `identifier`, `label`, `item`, `price`, `count`, `time`) VALUES
	(8, 'steam:110000101bf4db7', 'Water', 'water', '5', '1', 1554794151),
	(8, 'steam:110000101bf4db7', 'Bread', 'bread', '5', '1', 1554794158);
/*!40000 ALTER TABLE `shipments` ENABLE KEYS */;

-- Dumping structure for table essentialmode.shops
CREATE TABLE IF NOT EXISTS `shops` (
  `ShopNumber` int(11) NOT NULL DEFAULT '0',
  `src` varchar(50) NOT NULL,
  `count` int(11) NOT NULL,
  `item` varchar(255) CHARACTER SET utf8mb4 COLLATE utf8mb4_bin NOT NULL,
  `price` int(11) NOT NULL,
  `label` varchar(255) CHARACTER SET utf8mb4 COLLATE utf8mb4_bin DEFAULT NULL
) ENGINE=InnoDB DEFAULT CHARSET=utf8;

-- Dumping data for table essentialmode.shops: ~0 rows (approximately)
/*!40000 ALTER TABLE `shops` DISABLE KEYS */;
/*!40000 ALTER TABLE `shops` ENABLE KEYS */;

-- Dumping structure for table essentialmode.society_moneywash
CREATE TABLE IF NOT EXISTS `society_moneywash` (
  `id` int(11) NOT NULL AUTO_INCREMENT,
  `identifier` varchar(60) COLLATE utf8mb4_bin NOT NULL,
  `society` varchar(60) COLLATE utf8mb4_bin NOT NULL,
  `amount` int(11) NOT NULL,
  PRIMARY KEY (`id`)
) ENGINE=InnoDB DEFAULT CHARSET=utf8mb4 COLLATE=utf8mb4_bin;

-- Dumping data for table essentialmode.society_moneywash: ~0 rows (approximately)
/*!40000 ALTER TABLE `society_moneywash` DISABLE KEYS */;
/*!40000 ALTER TABLE `society_moneywash` ENABLE KEYS */;

-- Dumping structure for table essentialmode.truck_inventory
CREATE TABLE IF NOT EXISTS `truck_inventory` (
  `id` int(11) NOT NULL AUTO_INCREMENT,
  `item` varchar(100) NOT NULL,
  `count` int(11) NOT NULL,
  `plate` varchar(8) NOT NULL,
  `name` varchar(255) NOT NULL,
  `itemt` varchar(50) DEFAULT NULL,
  `owned` varchar(255) NOT NULL,
  PRIMARY KEY (`id`),
  UNIQUE KEY `item` (`item`,`plate`)
) ENGINE=InnoDB AUTO_INCREMENT=19 DEFAULT CHARSET=latin1;

-- Dumping data for table essentialmode.truck_inventory: ~0 rows (approximately)
/*!40000 ALTER TABLE `truck_inventory` DISABLE KEYS */;
/*!40000 ALTER TABLE `truck_inventory` ENABLE KEYS */;

-- Dumping structure for table essentialmode.twitter_accounts
CREATE TABLE IF NOT EXISTS `twitter_accounts` (
  `id` int(11) NOT NULL AUTO_INCREMENT,
  `username` varchar(50) CHARACTER SET utf8 NOT NULL DEFAULT '0',
  `password` varchar(50) COLLATE utf8mb4_bin NOT NULL DEFAULT '0',
  `avatar_url` varchar(255) COLLATE utf8mb4_bin DEFAULT NULL,
  PRIMARY KEY (`id`),
  UNIQUE KEY `username` (`username`)
) ENGINE=InnoDB AUTO_INCREMENT=38 DEFAULT CHARSET=utf8mb4 COLLATE=utf8mb4_bin;

-- Dumping data for table essentialmode.twitter_accounts: ~0 rows (approximately)
/*!40000 ALTER TABLE `twitter_accounts` DISABLE KEYS */;
/*!40000 ALTER TABLE `twitter_accounts` ENABLE KEYS */;

-- Dumping structure for table essentialmode.twitter_likes
CREATE TABLE IF NOT EXISTS `twitter_likes` (
  `id` int(11) NOT NULL AUTO_INCREMENT,
  `authorId` int(11) DEFAULT NULL,
  `tweetId` int(11) DEFAULT NULL,
  PRIMARY KEY (`id`),
  KEY `FK_twitter_likes_twitter_accounts` (`authorId`),
  KEY `FK_twitter_likes_twitter_tweets` (`tweetId`),
  CONSTRAINT `FK_twitter_likes_twitter_accounts` FOREIGN KEY (`authorId`) REFERENCES `twitter_accounts` (`id`),
  CONSTRAINT `FK_twitter_likes_twitter_tweets` FOREIGN KEY (`tweetId`) REFERENCES `twitter_tweets` (`id`) ON DELETE CASCADE
) ENGINE=InnoDB AUTO_INCREMENT=137 DEFAULT CHARSET=utf8mb4 COLLATE=utf8mb4_bin;

-- Dumping data for table essentialmode.twitter_likes: ~0 rows (approximately)
/*!40000 ALTER TABLE `twitter_likes` DISABLE KEYS */;
/*!40000 ALTER TABLE `twitter_likes` ENABLE KEYS */;

-- Dumping structure for table essentialmode.twitter_tweets
CREATE TABLE IF NOT EXISTS `twitter_tweets` (
  `id` int(11) NOT NULL AUTO_INCREMENT,
  `authorId` int(11) NOT NULL,
  `realUser` varchar(50) COLLATE utf8mb4_unicode_ci DEFAULT NULL,
  `message` varchar(256) COLLATE utf8mb4_unicode_ci NOT NULL,
  `time` timestamp NOT NULL DEFAULT CURRENT_TIMESTAMP,
  `likes` int(11) NOT NULL DEFAULT '0',
  PRIMARY KEY (`id`),
  KEY `FK_twitter_tweets_twitter_accounts` (`authorId`),
  CONSTRAINT `FK_twitter_tweets_twitter_accounts` FOREIGN KEY (`authorId`) REFERENCES `twitter_accounts` (`id`)
) ENGINE=InnoDB AUTO_INCREMENT=170 DEFAULT CHARSET=utf8mb4 COLLATE=utf8mb4_unicode_ci;

-- Dumping data for table essentialmode.twitter_tweets: ~0 rows (approximately)
/*!40000 ALTER TABLE `twitter_tweets` DISABLE KEYS */;
/*!40000 ALTER TABLE `twitter_tweets` ENABLE KEYS */;

-- Dumping structure for table essentialmode.users
CREATE TABLE IF NOT EXISTS `users` (
  `identifier` varchar(50) COLLATE utf8mb4_bin NOT NULL,
  `license` varchar(50) COLLATE utf8mb4_bin DEFAULT NULL,
  `money` int(11) DEFAULT NULL,
  `name` varchar(50) COLLATE utf8mb4_bin DEFAULT '',
  `skin` longtext COLLATE utf8mb4_bin,
  `job` varchar(50) COLLATE utf8mb4_bin DEFAULT 'unemployed',
  `job_grade` int(11) DEFAULT '0',
  `loadout` longtext COLLATE utf8mb4_bin,
  `position` varchar(36) COLLATE utf8mb4_bin DEFAULT NULL,
  `bank` int(11) DEFAULT NULL,
  `permission_level` int(11) DEFAULT NULL,
  `group` varchar(50) COLLATE utf8mb4_bin DEFAULT NULL,
  `is_dead` tinyint(1) DEFAULT '0',
  `firstname` varchar(50) COLLATE utf8mb4_bin DEFAULT '',
  `lastname` varchar(50) COLLATE utf8mb4_bin DEFAULT '',
  `dateofbirth` varchar(25) COLLATE utf8mb4_bin DEFAULT '',
  `sex` varchar(10) COLLATE utf8mb4_bin DEFAULT '',
  `height` varchar(5) COLLATE utf8mb4_bin DEFAULT '',
  `last_property` varchar(255) COLLATE utf8mb4_bin DEFAULT NULL,
  `jail` int(11) NOT NULL DEFAULT '0',
  `phone_number` varchar(10) COLLATE utf8mb4_bin DEFAULT NULL,
  PRIMARY KEY (`identifier`)
) ENGINE=InnoDB DEFAULT CHARSET=utf8mb4 COLLATE=utf8mb4_bin;

-- Dumping data for table essentialmode.users: ~83 rows (approximately)
/*!40000 ALTER TABLE `users` DISABLE KEYS */;
INSERT INTO `users` (`identifier`, `license`, `money`, `name`, `skin`, `job`, `job_grade`, `loadout`, `position`, `bank`, `permission_level`, `group`, `is_dead`, `firstname`, `lastname`, `dateofbirth`, `sex`, `height`, `last_property`, `jail`, `phone_number`) VALUES
	('steam:110000100020401', 'license:c9d65ba54fee2665aac72c5c4ff2e2e49fc4f039', 0, 'leuit', '{"beard_3":0,"bproof_2":0,"eyebrows_4":0,"sex":0,"arms_2":0,"age_2":0,"lipstick_4":0,"eyebrows_3":0,"torso_1":3,"lipstick_1":0,"blush_3":0,"sun_1":0,"complexion_2":0,"lipstick_3":0,"decals_1":0,"eye_color":0,"hair_color_2":10,"chest_1":0,"beard_2":0,"moles_1":0,"pants_2":0,"chain_1":0,"chain_2":0,"glasses_1":0,"bags_1":0,"bproof_1":0,"helmet_1":-1,"decals_2":0,"shoes_2":0,"blush_2":0,"hair_2":0,"lipstick_2":0,"makeup_3":0,"makeup_1":0,"ears_1":-1,"mask_1":0,"ears_2":0,"chest_2":0,"helmet_2":0,"bodyb_2":0,"makeup_2":0,"blemishes_1":0,"hair_1":9,"mask_2":0,"watches_2":0,"shoes_1":1,"torso_2":2,"bags_2":0,"bodyb_1":0,"bracelets_2":0,"eyebrows_2":0,"age_1":0,"skin":0,"pants_1":3,"eyebrows_1":0,"watches_1":-1,"tshirt_2":1,"hair_color_1":8,"tshirt_1":0,"complexion_1":0,"beard_4":0,"moles_2":0,"arms":1,"sun_2":0,"beard_1":0,"bracelets_1":-1,"chest_3":0,"blush_1":0,"makeup_4":0,"face":0,"blemishes_2":0,"glasses_2":0}', 'unemployed', 0, '[]', '{"y":-1119.9,"x":-269.3,"z":23.1}', 100, 0, 'user', 0, 'Jaraah', 'Davis', '1980-10-06', 'm', '200', NULL, 0, NULL),
	('steam:1100001009e56e3', 'license:0a5da4caa52e9c1c70609ed1371728e4e9a9c260', 0, 'Keiron', NULL, 'banksecurity', 0, '[]', '{"z":22.7,"x":-584.3,"y":-952.7}', 400, 0, 'user', 0, 'Jason', 'Salvatore', '28/02/1990', 'm', '190', NULL, 0, '104-0089'),
	('steam:110000100b83113', 'license:e97334909002cd3d730db5669de3d85c1e81c393', 0, 'ArmedChair', '{"lipstick_3":0,"complexion_1":0,"ears_2":0,"chain_1":0,"lipstick_1":0,"eyebrows_1":0,"torso_1":0,"eyebrows_2":0,"watches_1":-1,"lipstick_2":0,"makeup_3":0,"lipstick_4":0,"moles_2":0,"mask_2":0,"blush_1":0,"decals_1":0,"bracelets_2":0,"hair_color_2":0,"moles_1":0,"beard_2":0,"age_2":0,"glasses_1":0,"shoes_2":0,"watches_2":0,"pants_1":0,"decals_2":0,"helmet_1":-1,"arms_2":0,"eye_color":0,"chain_2":0,"beard_3":0,"pants_2":0,"sun_1":0,"bodyb_2":0,"age_1":0,"blush_3":0,"makeup_1":0,"blemishes_1":0,"complexion_2":0,"bracelets_1":-1,"helmet_2":0,"blemishes_2":0,"beard_4":0,"makeup_4":0,"bproof_1":0,"ears_1":-1,"torso_2":0,"makeup_2":0,"beard_1":0,"hair_2":0,"arms":0,"chest_2":0,"bproof_2":0,"bags_2":0,"hair_color_1":0,"sex":0,"eyebrows_4":0,"chest_3":0,"bags_1":0,"face":0,"glasses_2":0,"shoes_1":0,"tshirt_1":0,"bodyb_1":0,"chest_1":0,"blush_2":0,"mask_1":0,"eyebrows_3":0,"hair_1":0,"skin":0,"tshirt_2":0,"sun_2":0}', 'taxi', 0, '[]', '{"y":287.3,"x":-559.9,"z":82.2}', 600, 0, 'user', 0, 'Steven', 'Snipes', '1989-02-23', 'm', '150', NULL, 0, NULL),
	('steam:110000100d56d75', 'license:f18d8a43ccc9f06beab74de1b2d0e6bde9ffb2cd', 0, 'MkV', NULL, 'unemployed', 0, '[]', '{"y":-957.2,"x":-268.8,"z":31.2}', 100, 0, 'user', 0, '', '', '', '', '', NULL, 0, NULL),
	('steam:110000101bf4db7', 'license:35c3e0b83865a6cd535bf1d8bf6b8cdff59ae12a', 19900, 'Andiystyler', '{"blush_2":0,"bodyb_1":0,"skin":0,"arms":0,"beard_1":0,"blemishes_1":0,"bracelets_2":0,"moles_1":0,"decals_1":0,"arms_2":0,"chest_1":0,"bproof_2":0,"shoes_2":0,"blemishes_2":0,"eyebrows_4":0,"shoes_1":0,"bproof_1":0,"decals_2":0,"pants_2":0,"beard_3":0,"mask_2":0,"chain_1":0,"eyebrows_2":0,"age_2":0,"lipstick_2":0,"makeup_2":0,"chest_2":0,"helmet_1":-1,"complexion_1":0,"ears_2":0,"torso_1":0,"blush_3":0,"chest_3":0,"lipstick_1":0,"complexion_2":0,"sun_1":0,"lipstick_4":0,"hair_2":0,"ears_1":-1,"bags_2":0,"makeup_3":0,"eye_color":0,"chain_2":0,"bodyb_2":0,"hair_color_1":0,"watches_1":-1,"lipstick_3":0,"glasses_2":0,"torso_2":0,"hair_1":0,"beard_4":0,"pants_1":0,"tshirt_2":0,"glasses_1":0,"makeup_4":0,"eyebrows_1":0,"face":0,"bracelets_1":-1,"watches_2":0,"mask_1":0,"sun_2":0,"bags_1":0,"makeup_1":0,"beard_2":0,"moles_2":0,"eyebrows_3":0,"age_1":0,"helmet_2":0,"blush_1":0,"sex":0,"hair_color_2":0,"tshirt_1":0}', 'unemployed', 0, '[{"components":["clip_default"],"name":"WEAPON_PISTOL","ammo":25,"label":"Pistol"}]', '{"y":-749.2,"x":12.3,"z":44.2}', 2400, 10, 'superadmin', 0, 'Andiy', 'Goon', '19930719', 'm', '193', NULL, 0, '531-3502'),
	('steam:1100001020d3eed', 'license:c9f02ac7b23bc1027b795f3f312012e23d0bb822', 0, 'traNce', '{"torso_2":0,"watches_2":0,"ears_1":-1,"eyebrows_1":0,"lipstick_3":0,"shoes_1":0,"decals_2":0,"glasses_2":0,"bracelets_2":0,"makeup_3":0,"chain_2":0,"helmet_1":-1,"lipstick_1":0,"complexion_1":0,"bodyb_1":0,"arms":0,"blemishes_1":0,"beard_4":0,"sex":0,"lipstick_2":0,"eyebrows_3":0,"complexion_2":0,"torso_1":0,"ears_2":0,"blush_3":0,"bproof_2":0,"moles_1":0,"eye_color":0,"chain_1":0,"hair_color_1":0,"beard_2":0,"makeup_4":0,"beard_1":0,"eyebrows_2":0,"bags_2":0,"blush_1":0,"arms_2":0,"pants_2":0,"age_1":0,"watches_1":-1,"shoes_2":0,"skin":0,"mask_1":0,"hair_2":0,"pants_1":0,"bracelets_1":-1,"bodyb_2":0,"chest_3":0,"sun_1":0,"decals_1":0,"chest_1":0,"moles_2":0,"eyebrows_4":0,"lipstick_4":0,"face":0,"tshirt_1":0,"sun_2":0,"glasses_1":0,"blush_2":0,"makeup_1":0,"bags_1":0,"bproof_1":0,"beard_3":0,"mask_2":0,"blemishes_2":0,"age_2":0,"chest_2":0,"helmet_2":0,"hair_color_2":0,"tshirt_2":0,"hair_1":0,"makeup_2":0}', 'unemployed', 0, '[]', '{"z":4.9,"x":-2613.0,"y":3555.0}', 200, 0, 'user', 0, 'Bob', 'Baldman', '27081984', 'm', '200', NULL, 0, NULL),
	('steam:110000102b061cf', 'license:3c09ffd7c16e5c6ba6769877cd8bb47520bc129c', 0, 'Chileno', '{"lipstick_3":0,"face":29,"helmet_2":1,"chain_1":0,"lipstick_1":0,"complexion_2":0,"torso_1":69,"eyebrows_2":10,"eyebrows_4":0,"bodyb_1":0,"makeup_3":0,"lipstick_4":0,"moles_2":0,"mask_2":0,"blush_1":0,"beard_4":0,"bracelets_2":0,"hair_color_2":0,"moles_1":0,"beard_2":10,"age_2":0,"eyebrows_3":0,"shoes_2":0,"watches_2":0,"pants_1":4,"decals_2":0,"helmet_1":45,"arms_2":0,"eye_color":0,"chain_2":0,"beard_3":0,"bracelets_1":0,"sun_1":0,"bodyb_2":0,"decals_1":0,"blush_3":0,"hair_color_1":0,"glasses_1":15,"hair_1":3,"makeup_1":0,"ears_2":0,"blemishes_2":0,"complexion_1":0,"makeup_4":0,"bproof_1":0,"blush_2":0,"torso_2":0,"makeup_2":0,"lipstick_2":0,"hair_2":0,"watches_1":0,"chest_2":0,"bproof_2":0,"eyebrows_1":0,"pants_2":0,"glasses_2":0,"blemishes_1":0,"chest_3":0,"bags_1":0,"mask_1":0,"sex":0,"shoes_1":2,"tshirt_1":5,"bags_2":0,"chest_1":0,"sun_2":0,"arms":0,"beard_1":10,"age_1":0,"skin":0,"tshirt_2":2,"ears_1":-1}', 'unemployed', 0, '[]', '{"y":6333.7,"x":35.1,"z":31.2}', 193330, 0, 'user', 0, 'Jason', 'Hamilton', '19921213', 'm', '169', NULL, 0, NULL),
	('steam:110000103cb67f0', 'license:dcf044c0a20715ffe9a691ecbd317045fa109e1b', 0, 'Dank_UnderCarriage', NULL, 'unemployed', 0, '[]', '{"y":-957.2,"x":-268.8,"z":31.2}', 0, 0, 'user', 0, '', '', '', '', '', NULL, 0, NULL),
	('steam:110000103e5543f', 'license:764e03aff319a6ebfeb5270f25af75512d3e95aa', 0, 'Kingustave', '{"lipstick_3":0,"complexion_1":0,"ears_2":0,"chain_1":0,"lipstick_1":0,"bags_2":0,"torso_1":4,"hair_color_1":11,"watches_1":-1,"lipstick_2":0,"makeup_3":0,"lipstick_4":0,"moles_2":0,"mask_2":1,"blush_1":0,"decals_1":0,"bracelets_2":0,"hair_color_2":0,"moles_1":0,"beard_1":0,"age_2":0,"eyebrows_3":0,"makeup_1":0,"watches_2":0,"pants_1":13,"decals_2":0,"sun_2":0,"arms_2":0,"eye_color":0,"chain_2":0,"beard_3":0,"pants_2":0,"sun_1":0,"bodyb_2":0,"mask_1":6,"blemishes_1":0,"shoes_2":0,"blush_2":0,"face":43,"helmet_2":0,"bodyb_1":0,"blemishes_2":0,"eyebrows_4":0,"makeup_4":0,"bproof_1":0,"eyebrows_1":0,"torso_2":0,"makeup_2":0,"beard_4":0,"complexion_2":0,"hair_2":1,"chest_2":0,"bproof_2":0,"blush_3":0,"bracelets_1":-1,"age_1":0,"eyebrows_2":0,"chest_3":0,"bags_1":0,"ears_1":-1,"helmet_1":-1,"shoes_1":10,"tshirt_1":12,"sex":0,"chest_1":0,"glasses_2":0,"arms":1,"glasses_1":0,"hair_1":15,"skin":0,"tshirt_2":0,"beard_2":0}', 'unemployed', 0, '[]', '{"y":-1711.0,"x":136.6,"z":29.3}', 600, 0, 'user', 0, 'Alexander', 'Lee', '03/21/1975', 'm', '183', NULL, 0, NULL),
	('steam:1100001048bc9c5', 'license:f5fb81f074f4de0b21afd5e7f22525a6c22a94f3', 0, 'Vinder Torkil', '{"lipstick_3":0,"complexion_1":0,"ears_2":0,"chain_1":0,"lipstick_1":0,"bags_2":0,"torso_1":0,"hair_color_1":2,"eyebrows_4":0,"bodyb_1":0,"makeup_3":0,"lipstick_4":0,"moles_2":0,"mask_2":0,"blush_1":0,"decals_1":0,"bracelets_2":0,"hair_color_2":0,"moles_1":0,"beard_1":0,"age_2":0,"glasses_1":0,"shoes_2":0,"watches_2":0,"pants_1":0,"decals_2":0,"sun_2":0,"arms_2":0,"eye_color":0,"hair_2":2,"beard_3":0,"pants_2":0,"sun_1":0,"bodyb_2":0,"complexion_2":0,"blush_3":0,"skin":4,"helmet_2":0,"sex":0,"eyebrows_1":0,"face":19,"blemishes_2":0,"helmet_1":-1,"glasses_2":0,"blush_2":0,"eyebrows_3":0,"torso_2":0,"makeup_2":0,"beard_4":0,"chain_2":0,"age_1":0,"chest_2":0,"bproof_2":0,"bracelets_1":-1,"eyebrows_2":0,"mask_1":0,"beard_2":0,"chest_3":0,"bags_1":0,"watches_1":-1,"lipstick_2":0,"shoes_1":0,"tshirt_1":0,"makeup_4":0,"chest_1":0,"bproof_1":0,"arms":0,"blemishes_1":0,"hair_1":13,"ears_1":-1,"tshirt_2":0,"makeup_1":0}', 'fisherman', 0, '[]', '{"y":4749.4,"x":4445.1,"z":6.8}', 550, 0, 'user', 0, 'Marlos', 'Farlig', '1996/6/12', 'm', '170', NULL, 0, NULL),
	('steam:110000104cba75c', 'license:f659732b6648fc4f55cafbeff4692f9e01e5dea6', 0, 'Erasers', '{"lipstick_3":0,"face":27,"helmet_2":0,"chain_1":0,"lipstick_1":0,"eyebrows_1":0,"torso_1":6,"hair_color_1":0,"eyebrows_4":0,"bodyb_1":0,"makeup_3":0,"lipstick_4":0,"moles_2":0,"mask_2":0,"blush_1":0,"decals_1":0,"bracelets_2":0,"hair_color_2":0,"sex":0,"beard_1":0,"age_2":0,"glasses_1":0,"makeup_1":0,"watches_2":0,"pants_1":1,"decals_2":0,"helmet_1":-1,"arms_2":1,"eye_color":0,"chain_2":0,"beard_3":0,"pants_2":0,"sun_1":0,"bodyb_2":0,"arms":0,"blush_3":0,"eyebrows_3":0,"beard_2":0,"complexion_1":0,"bracelets_1":-1,"ears_2":0,"blemishes_2":0,"sun_2":0,"glasses_2":0,"bproof_1":0,"hair_1":2,"torso_2":0,"makeup_2":0,"lipstick_2":0,"beard_4":0,"skin":5,"chest_2":0,"bproof_2":0,"hair_2":0,"shoes_2":0,"bags_2":0,"eyebrows_2":0,"chest_3":0,"bags_1":0,"makeup_4":0,"watches_1":-1,"shoes_1":4,"tshirt_1":14,"blemishes_1":0,"chest_1":0,"complexion_2":0,"mask_1":0,"blush_2":0,"age_1":0,"ears_1":-1,"tshirt_2":0,"moles_1":0}', 'taxi', 0, '[]', '{"y":175.4,"x":236.1,"z":104.8}', 100, 0, 'user', 0, 'Billy', 'Shaw', '1991-12-12', 'm', '200', NULL, 0, NULL),
	('steam:11000010502c8dd', 'license:e251e0ebea162cf005e842c2f72fd32c523b2ab4', 0, 'Bibly', '{"lipstick_3":0,"face":17,"helmet_2":0,"chain_1":0,"lipstick_1":0,"bags_2":0,"torso_1":4,"hair_color_1":1,"watches_1":3,"lipstick_2":0,"makeup_3":0,"lipstick_4":0,"moles_2":0,"mask_2":0,"blush_1":0,"beard_4":0,"bracelets_2":0,"hair_color_2":0,"sex":0,"beard_2":0,"age_2":0,"eyebrows_3":0,"shoes_2":0,"watches_2":0,"pants_1":3,"decals_2":0,"helmet_1":4,"arms_2":0,"eye_color":0,"chain_2":0,"beard_3":0,"bracelets_1":-1,"sun_1":0,"bodyb_2":0,"pants_2":0,"blush_3":0,"blemishes_1":0,"sun_2":0,"eyebrows_4":0,"beard_1":0,"decals_1":0,"blemishes_2":0,"complexion_1":0,"makeup_4":0,"bproof_1":0,"ears_2":0,"torso_2":0,"makeup_2":0,"eyebrows_2":0,"glasses_1":4,"glasses_2":0,"chest_2":0,"bproof_2":0,"skin":5,"arms":16,"hair_2":0,"eyebrows_1":0,"chest_3":0,"bags_1":0,"age_1":0,"blush_2":0,"shoes_1":2,"tshirt_1":1,"moles_1":0,"chest_1":0,"makeup_1":0,"mask_1":0,"complexion_2":0,"hair_1":2,"ears_1":-1,"tshirt_2":0,"bodyb_1":0}', 'taxi', 0, '[]', '{"y":201.0,"x":-544.0,"z":75.5}', 200, 0, 'user', 0, 'Jonh', 'Doe', '2000/12/12', 'm', '200', NULL, 0, NULL),
	('steam:110000105128a8c', 'license:39a1cc523b67313e47be78ad4c3b742e96ce3614', 0, '[50] Halolas', '{"lipstick_3":0,"face":42,"ears_2":0,"chain_1":0,"lipstick_1":0,"eyebrows_1":0,"torso_1":0,"eyebrows_2":0,"eyebrows_4":0,"bodyb_1":0,"makeup_3":0,"lipstick_4":0,"moles_2":0,"mask_2":0,"blush_1":0,"beard_4":0,"bracelets_2":0,"hair_color_2":1,"sex":0,"beard_2":0,"age_2":0,"glasses_1":6,"shoes_2":3,"watches_2":0,"pants_1":4,"decals_2":0,"sun_2":0,"arms_2":0,"eye_color":0,"hair_2":3,"beard_3":0,"bracelets_1":-1,"sun_1":0,"bodyb_2":0,"moles_1":0,"blush_3":0,"helmet_1":-1,"watches_1":-1,"arms":0,"decals_1":4,"complexion_1":0,"blemishes_2":0,"helmet_2":0,"glasses_2":0,"blush_2":0,"eyebrows_3":0,"torso_2":2,"makeup_2":0,"lipstick_2":0,"pants_2":0,"blemishes_1":0,"chest_2":0,"bproof_2":0,"bags_2":0,"hair_color_1":4,"chain_2":0,"complexion_2":0,"chest_3":0,"bags_1":0,"makeup_4":0,"beard_1":0,"shoes_1":8,"tshirt_1":15,"makeup_1":0,"chest_1":0,"bproof_1":0,"mask_1":0,"hair_1":11,"age_1":0,"ears_1":-1,"tshirt_2":0,"skin":18}', 'unemployed', 0, '[]', '{"y":1723.4,"x":-757.0,"z":212.4}', 200, 0, 'user', 1, 'Adrian', 'Waters', '1990-01-03', 'm', '160', NULL, 0, NULL),
	('steam:11000010538aa64', 'license:084f9b09a694d0cd2e7c5c364341137b8d27d989', 0, 'Stan', '{"lipstick_3":0,"complexion_1":0,"ears_2":0,"chain_1":32,"lipstick_1":0,"eyebrows_1":0,"torso_1":40,"eyebrows_2":0,"watches_1":1,"lipstick_2":0,"makeup_3":0,"lipstick_4":0,"moles_2":0,"mask_2":0,"blush_1":0,"decals_1":0,"bracelets_2":0,"hair_color_2":0,"sex":0,"beard_1":0,"age_2":0,"glasses_1":0,"shoes_2":1,"watches_2":0,"pants_1":16,"decals_2":0,"sun_2":0,"arms_2":0,"eye_color":0,"hair_2":0,"beard_3":0,"pants_2":0,"sun_1":0,"bodyb_2":0,"skin":0,"blemishes_1":0,"bags_2":0,"complexion_2":0,"moles_1":0,"makeup_4":0,"chain_2":0,"blemishes_2":0,"helmet_2":0,"glasses_2":0,"bproof_1":0,"face":0,"torso_2":0,"makeup_2":0,"eyebrows_4":0,"age_1":0,"helmet_1":27,"chest_2":0,"bproof_2":0,"arms":2,"bracelets_1":0,"hair_color_1":22,"blush_3":0,"chest_3":0,"bags_1":0,"bodyb_1":0,"blush_2":0,"shoes_1":1,"tshirt_1":96,"eyebrows_3":0,"chest_1":0,"beard_2":0,"mask_1":0,"beard_4":0,"hair_1":6,"ears_1":-1,"tshirt_2":0,"makeup_1":0}', 'reporter', 0, '[]', '{"y":-865.8,"x":-2.5,"z":30.4}', 600, 0, 'user', 0, 'Will', 'Steel', '1990-01-01', 'm', '190', NULL, 0, NULL),
	('steam:1100001057027c6', 'license:8fb107eb92e4ce5c0b3eed018cc870960e7223ef', 0, 'Dale Doback', '{"lipstick_3":0,"complexion_1":0,"helmet_2":0,"chain_1":0,"lipstick_1":0,"bags_2":0,"torso_1":0,"hair_color_1":0,"watches_1":-1,"bodyb_1":0,"makeup_3":0,"lipstick_4":0,"moles_2":0,"mask_2":0,"blush_1":0,"beard_4":0,"bracelets_2":0,"hair_color_2":0,"sex":0,"beard_2":0,"age_2":0,"eyebrows_3":0,"makeup_1":0,"watches_2":0,"pants_1":0,"decals_2":0,"helmet_1":-1,"arms_2":0,"eye_color":0,"hair_2":0,"beard_3":0,"pants_2":0,"sun_1":0,"bodyb_2":0,"bproof_1":0,"blush_3":0,"lipstick_2":0,"age_1":0,"eyebrows_2":0,"chain_2":0,"sun_2":0,"blemishes_2":0,"ears_1":-1,"glasses_2":0,"blush_2":0,"moles_1":0,"torso_2":0,"makeup_2":0,"arms":0,"complexion_2":0,"shoes_2":0,"chest_2":0,"bproof_2":0,"eyebrows_1":0,"bracelets_1":-1,"makeup_4":0,"ears_2":0,"chest_3":0,"bags_1":0,"eyebrows_4":0,"blemishes_1":0,"shoes_1":0,"tshirt_1":0,"glasses_1":0,"chest_1":0,"decals_1":0,"mask_1":0,"face":0,"hair_1":0,"skin":0,"tshirt_2":0,"beard_1":0}', 'banksecurity', 0, '[]', '{"y":-1039.5,"x":145.3,"z":30.4}', 800, 0, 'user', 0, 'Frank', 'Wilson', '1997/10/21', 'm', '200', NULL, 0, NULL),
	('steam:1100001057e070e', 'license:e29bf1f72e2b4b10bcb0d972279fdfec5ea8a9b2', 0, '[PC-8] Tommy L.', '{"lipstick_3":0,"complexion_1":0,"ears_2":0,"chain_1":0,"lipstick_1":0,"complexion_2":0,"torso_1":86,"eyebrows_2":0,"eyebrows_4":0,"bodyb_1":0,"makeup_3":0,"lipstick_4":0,"moles_2":0,"mask_2":0,"blush_1":0,"decals_1":0,"bracelets_2":0,"hair_color_2":0,"sex":0,"beard_1":0,"age_2":0,"eyebrows_3":0,"shoes_2":0,"watches_2":0,"pants_1":1,"decals_2":0,"helmet_1":-1,"arms_2":0,"eye_color":0,"hair_2":0,"beard_3":0,"bracelets_1":-1,"sun_1":0,"bodyb_2":0,"makeup_4":0,"blush_3":0,"mask_1":36,"makeup_1":0,"beard_4":0,"beard_2":0,"sun_2":0,"blemishes_2":0,"face":29,"glasses_2":0,"bproof_1":0,"lipstick_2":0,"torso_2":0,"makeup_2":0,"blemishes_1":0,"bags_2":0,"chain_2":0,"chest_2":0,"bproof_2":0,"eyebrows_1":0,"pants_2":0,"hair_color_1":8,"blush_2":0,"chest_3":0,"bags_1":0,"helmet_2":0,"watches_1":-1,"shoes_1":2,"tshirt_1":5,"ears_1":-1,"chest_1":0,"moles_1":0,"arms":0,"age_1":0,"hair_1":2,"skin":0,"tshirt_2":0,"glasses_1":2}', 'banksecurity', 0, '[]', '{"y":-982.0,"x":-242.1,"z":29.5}', 400, 0, 'user', 0, 'Tony', 'Gangi', '1992-11-17', 'm', '185', NULL, 0, NULL),
	('steam:11000010584aa40', 'license:57b9df8a3ec5e3abe7054216d04c3ec05553d4ef', 0, 'Kerrigan', '{"lipstick_3":0,"face":25,"helmet_2":0,"chain_1":1,"lipstick_1":0,"complexion_2":10,"torso_1":121,"eyebrows_2":0,"eyebrows_4":3,"bodyb_1":0,"makeup_3":0,"lipstick_4":0,"moles_2":0,"mask_2":0,"blush_1":0,"decals_1":0,"bracelets_2":0,"hair_color_2":0,"sex":0,"beard_1":11,"age_2":0,"glasses_1":20,"shoes_2":14,"watches_2":0,"pants_1":33,"decals_2":0,"helmet_1":-1,"arms_2":0,"eye_color":2,"hair_2":3,"beard_3":11,"bracelets_1":1,"sun_1":0,"bodyb_2":0,"mask_1":0,"blemishes_1":0,"chain_2":1,"beard_2":10,"blush_3":0,"hair_color_1":15,"makeup_1":3,"blemishes_2":0,"lipstick_2":0,"glasses_2":7,"bproof_1":0,"skin":6,"torso_2":3,"makeup_2":3,"ears_2":0,"beard_4":4,"moles_1":0,"chest_2":0,"bproof_2":0,"sun_2":0,"blush_2":0,"eyebrows_1":0,"pants_2":0,"chest_3":0,"bags_1":0,"hair_1":5,"eyebrows_3":0,"shoes_1":14,"tshirt_1":0,"watches_1":-1,"chest_1":0,"bags_2":0,"arms":0,"makeup_4":0,"age_1":4,"ears_1":-1,"tshirt_2":0,"complexion_1":1}', 'slaughterer', 0, '[]', '{"y":-2009.4,"x":-1071.1,"z":13.6}', 250, 0, 'user', 0, 'Anderson', 'Drew', '1955-06-15', 'm', '191', NULL, 0, NULL),
	('steam:110000105dc7164', 'license:0942244f01bcc045b2fec555d01257f47203e0c7', 0, 'Desmoo88', '{"lipstick_3":0,"face":0,"ears_2":0,"chain_1":0,"lipstick_1":0,"eyebrows_1":0,"torso_1":0,"eyebrows_2":0,"watches_1":1,"bodyb_1":0,"makeup_3":0,"lipstick_4":0,"moles_2":0,"mask_2":0,"blush_1":0,"decals_1":2,"bracelets_2":0,"hair_color_2":0,"sex":0,"beard_2":0,"age_2":0,"glasses_1":0,"shoes_2":0,"watches_2":0,"pants_1":10,"decals_2":0,"sun_2":0,"arms_2":0,"eye_color":0,"chain_2":0,"beard_3":0,"pants_2":0,"sun_1":0,"bodyb_2":0,"bracelets_1":0,"blush_3":0,"blush_2":0,"hair_color_1":0,"mask_1":9,"hair_2":0,"complexion_1":0,"blemishes_2":0,"helmet_2":0,"glasses_2":0,"bproof_1":0,"ears_1":0,"torso_2":0,"makeup_2":0,"eyebrows_3":0,"moles_1":0,"helmet_1":0,"chest_2":0,"bproof_2":0,"eyebrows_4":0,"complexion_2":0,"age_1":0,"makeup_4":0,"chest_3":0,"bags_1":0,"beard_1":0,"makeup_1":0,"shoes_1":0,"tshirt_1":0,"blemishes_1":0,"chest_1":0,"lipstick_2":0,"arms":0,"beard_4":0,"hair_1":0,"skin":0,"tshirt_2":0,"bags_2":0}', 'unemployed', 0, '[]', '{"y":-1396.0,"x":120.7,"z":29.3}', 300, 0, 'user', 0, 'Jake', 'Swift', '1988-06-06', 'm', '200', NULL, 0, NULL),
	('steam:110000105f9f2da', 'license:b40637e8e7027c200fc72abb188e52ef1028a4cb', 0, 'Pel', NULL, 'unemployed', 0, '[]', '{"y":-958.5,"x":-267.4,"z":31.2}', 0, 0, 'user', 0, 'Brightly', 'Pel', '1993/22/09', 'm', '170', NULL, 0, NULL),
	('steam:11000010601b981', 'license:749983d33a79ae21f32f8b9dfc25e392522a514a', 840, 'Frozen', '{"lipstick_3":0,"complexion_1":0,"ears_2":0,"chain_1":0,"lipstick_1":0,"bags_2":0,"torso_1":187,"hair_color_1":19,"eyebrows_4":0,"lipstick_2":0,"makeup_3":20,"lipstick_4":0,"moles_2":0,"mask_2":0,"blush_1":0,"beard_4":0,"bracelets_2":0,"hair_color_2":0,"moles_1":0,"beard_1":20,"age_2":0,"eyebrows_3":0,"shoes_2":3,"watches_2":0,"pants_1":33,"decals_2":0,"sun_2":0,"arms_2":0,"eye_color":0,"chain_2":0,"beard_3":0,"bracelets_1":-1,"sun_1":0,"bodyb_2":0,"decals_1":0,"blush_3":0,"ears_1":-1,"bproof_1":0,"helmet_2":0,"hair_2":0,"complexion_2":0,"blemishes_2":0,"face":44,"glasses_2":0,"blush_2":0,"helmet_1":-1,"torso_2":10,"makeup_2":10,"pants_2":0,"glasses_1":0,"sex":0,"chest_2":0,"bproof_2":0,"eyebrows_1":0,"eyebrows_2":0,"bodyb_1":0,"age_1":0,"chest_3":0,"bags_1":0,"watches_1":-1,"blemishes_1":0,"shoes_1":53,"tshirt_1":15,"arms":1,"chest_1":0,"makeup_4":0,"mask_1":0,"makeup_1":50,"hair_1":21,"skin":0,"tshirt_2":0,"beard_2":10}', 'banksecurity', 0, '[]', '{"z":26.7,"x":-13.2,"y":-1086.7}', 86400, 5, 'admin', 0, 'Frozen', 'Willy', '1996-11-10', 'm', '185', NULL, 0, '771-1741'),
	('steam:1100001060d204f', 'license:f7010987059495b96f55251f2631fb31814a4335', 7769, 'Harry Freeman', '{"lipstick_3":0,"face":0,"ears_2":0,"chain_1":0,"lipstick_1":0,"eyebrows_1":0,"torso_1":0,"eyebrows_2":0,"eyebrows_4":0,"lipstick_2":0,"makeup_3":0,"lipstick_4":0,"moles_2":0,"mask_2":0,"blush_1":0,"decals_1":0,"bracelets_2":0,"hair_color_2":0,"moles_1":0,"beard_2":0,"age_2":0,"glasses_1":0,"shoes_2":0,"watches_2":0,"pants_1":10,"decals_2":0,"sun_2":0,"arms_2":0,"eye_color":0,"chain_2":0,"beard_3":0,"bracelets_1":-1,"sun_1":0,"bodyb_2":0,"hair_color_1":61,"blush_3":0,"bodyb_1":0,"helmet_2":0,"glasses_2":0,"eyebrows_3":0,"complexion_1":0,"blemishes_2":0,"helmet_1":-1,"makeup_4":0,"bproof_1":0,"complexion_2":0,"torso_2":0,"makeup_2":0,"watches_1":-1,"beard_4":0,"skin":0,"chest_2":0,"bproof_2":0,"arms":0,"hair_2":0,"pants_2":0,"bags_2":0,"chest_3":0,"bags_1":0,"age_1":0,"beard_1":0,"shoes_1":1,"tshirt_1":3,"makeup_1":0,"chest_1":0,"blush_2":0,"mask_1":0,"blemishes_1":0,"hair_1":13,"ears_1":-1,"tshirt_2":0,"sex":0}', 'unemployed', 0, '[{"name":"WEAPON_PISTOL","label":"Pistol","components":["clip_default"],"ammo":40}]', '{"y":-1115.8,"x":-48.6,"z":26.4}', 1900, 0, 'user', 0, 'Thomas', 'Schnoz', '1988-01-10', 'm', '185', NULL, 0, NULL),
	('steam:11000010659c823', 'license:6f9f5b4ceca2847265ad2bcf9c3260f9ecf5cd27', 0, 'Bloodhunter', '{"blush_2":0,"bodyb_1":0,"skin":0,"arms":0,"beard_1":3,"blemishes_1":0,"bracelets_2":0,"moles_1":0,"decals_1":0,"arms_2":0,"chest_1":0,"shoes_2":0,"blemishes_2":0,"eyebrows_4":0,"shoes_1":2,"eyebrows_3":0,"pants_2":0,"beard_3":0,"mask_2":0,"blush_1":0,"eyebrows_2":3,"age_2":0,"watches_2":0,"bracelets_1":-1,"chest_2":0,"helmet_1":-1,"complexion_1":0,"ears_2":0,"watches_1":-1,"blush_3":0,"chest_3":0,"lipstick_1":0,"complexion_2":0,"moles_2":0,"lipstick_4":0,"hair_2":0,"ears_1":-1,"hair_color_1":4,"makeup_3":0,"eye_color":5,"makeup_1":0,"bodyb_2":0,"beard_4":0,"sun_1":0,"lipstick_3":0,"face":2,"torso_2":0,"tshirt_2":0,"hair_color_2":2,"pants_1":0,"bags_2":0,"glasses_1":0,"makeup_4":0,"eyebrows_1":5,"torso_1":6,"lipstick_2":0,"chain_2":0,"mask_1":0,"sun_2":0,"bags_1":0,"hair_1":2,"beard_2":9,"decals_2":0,"sex":0,"age_1":0,"helmet_2":0,"makeup_2":0,"glasses_2":0,"chain_1":0,"tshirt_1":2}', 'lumberjack', 0, '[]', '{"y":-192.5,"x":1025.0,"z":70.3}', -1150, 0, 'user', 0, 'Daniel', 'Rooikat', '1990/10/5', 'm', '150', NULL, 0, '427-1473'),
	('steam:11000010662e9c6', 'license:68521f851e3550e5a461fa8d8b9ac13ce40ff336', 0, 'eric_obermiller', '{"lipstick_4":0,"watches_2":0,"ears_1":-1,"eyebrows_1":0,"bodyb_2":0,"shoes_1":0,"decals_2":0,"glasses_2":0,"bracelets_2":0,"makeup_3":0,"chain_2":0,"helmet_1":-1,"lipstick_1":0,"complexion_1":0,"bodyb_1":0,"arms":2,"blemishes_1":0,"beard_4":0,"sex":0,"hair_color_2":0,"eyebrows_3":0,"makeup_1":0,"torso_1":0,"ears_2":0,"blush_3":0,"bproof_2":0,"moles_1":0,"eye_color":0,"chain_1":0,"hair_color_1":5,"beard_2":0,"face":23,"beard_1":0,"eyebrows_2":0,"bags_2":0,"blush_1":0,"arms_2":0,"blush_2":0,"age_1":0,"watches_1":-1,"shoes_2":0,"skin":6,"mask_1":0,"hair_2":3,"complexion_2":0,"lipstick_3":0,"blemishes_2":0,"chest_3":0,"sun_1":0,"decals_1":0,"chest_1":0,"pants_1":0,"chest_2":0,"pants_2":0,"mask_2":0,"tshirt_2":0,"torso_2":0,"glasses_1":0,"makeup_4":0,"age_2":0,"tshirt_1":2,"bproof_1":0,"beard_3":0,"helmet_2":0,"lipstick_2":0,"moles_2":0,"eyebrows_4":0,"bracelets_1":-1,"sun_2":0,"bags_1":0,"hair_1":13,"makeup_2":0}', 'unemployed', 0, NULL, NULL, 200, 0, 'user', 0, 'Eric', 'Smith', '1989/04/24', 'm', '200', NULL, 0, NULL),
	('steam:1100001066c265d', 'license:851d80865c55f9968c7fe81831ece999c3da0cb7', 0, 'Timmer', '{"lipstick_3":0,"face":2,"ears_2":0,"chain_1":0,"lipstick_1":0,"eyebrows_1":0,"torso_1":53,"hair_color_1":33,"watches_1":-1,"lipstick_2":0,"makeup_3":0,"lipstick_4":0,"moles_2":0,"mask_2":0,"blush_1":0,"decals_1":0,"bracelets_2":0,"hair_color_2":0,"sex":0,"beard_1":0,"age_2":0,"glasses_1":24,"shoes_2":0,"watches_2":0,"pants_1":37,"decals_2":0,"helmet_1":-1,"arms_2":0,"eye_color":0,"hair_2":3,"beard_3":0,"pants_2":0,"sun_1":0,"bodyb_2":0,"moles_1":0,"blush_3":0,"eyebrows_3":0,"eyebrows_4":0,"bags_2":0,"beard_2":0,"beard_4":0,"blemishes_2":0,"helmet_2":0,"makeup_4":0,"blush_2":0,"bproof_1":0,"torso_2":0,"makeup_2":0,"makeup_1":0,"ears_1":-1,"chain_2":0,"chest_2":0,"bproof_2":0,"glasses_2":2,"complexion_2":0,"bracelets_1":-1,"eyebrows_2":0,"chest_3":0,"bags_1":32,"age_1":0,"sun_2":0,"shoes_1":25,"tshirt_1":15,"blemishes_1":0,"chest_1":0,"complexion_1":0,"arms":17,"bodyb_1":0,"hair_1":14,"skin":0,"tshirt_2":0,"mask_1":54}', 'unemployed', 0, '[{"name":"WEAPON_PISTOL","label":"Pistol","components":["clip_default"],"ammo":24},{"name":"WEAPON_CARBINERIFLE","label":"Carbine rifle","components":["clip_default"],"ammo":30}]', '{"y":-1088.5,"x":-28.6,"z":26.4}', 300, 0, 'user', 0, 'Bobby', 'McSwagger', '1111111', 'm', '169', NULL, 0, NULL),
	('steam:110000106929182', 'license:80e3ceaa59d6997ab4539e84e742c921ce663b9b', 1820, 'pedro gonzalez', '{"lipstick_3":0,"face":26,"helmet_2":0,"chain_1":0,"lipstick_1":0,"complexion_2":0,"torso_1":70,"eyebrows_2":0,"watches_1":-1,"lipstick_2":0,"makeup_3":0,"lipstick_4":0,"moles_2":0,"mask_2":0,"blush_1":0,"decals_1":0,"bracelets_2":0,"hair_color_2":0,"sex":0,"beard_1":18,"age_2":0,"eyebrows_3":0,"shoes_2":1,"watches_2":0,"pants_1":0,"decals_2":0,"helmet_1":-1,"arms_2":0,"eye_color":0,"hair_2":0,"beard_3":0,"bracelets_1":-1,"sun_1":0,"bodyb_2":0,"mask_1":0,"blush_3":0,"ears_1":-1,"beard_2":10,"bodyb_1":0,"makeup_1":0,"eyebrows_1":0,"blemishes_2":0,"pants_2":2,"glasses_2":1,"blush_2":0,"complexion_1":0,"torso_2":4,"makeup_2":0,"ears_2":0,"eyebrows_4":0,"makeup_4":0,"chest_2":0,"bproof_2":0,"chain_2":0,"bproof_1":0,"bags_2":0,"hair_color_1":3,"chest_3":0,"bags_1":0,"glasses_1":5,"blemishes_1":0,"shoes_1":38,"tshirt_1":24,"hair_1":58,"chest_1":0,"sun_2":0,"arms":0,"beard_4":0,"age_1":0,"skin":4,"tshirt_2":0,"moles_1":0}', 'unemployed', 0, '[]', '{"y":6281.6,"x":-140.3,"z":75.7}', 600, 0, 'user', 0, 'Dwayne', 'Kennedy', '12/03/1990', 'm', '200', NULL, 0, NULL),
	('steam:11000010723c135', 'license:93a57024a3b6581a963a450798f9e589867083e8', 14683, 'Muscle Milk', '{"lipstick_3":0,"face":0,"ears_2":0,"chain_1":23,"lipstick_1":0,"bags_2":0,"torso_1":20,"eyebrows_2":0,"watches_1":-1,"bodyb_1":0,"makeup_3":1,"lipstick_4":0,"moles_2":0,"mask_2":0,"blush_1":1,"decals_1":0,"bracelets_2":0,"hair_color_2":0,"sex":0,"beard_2":5,"age_2":2,"glasses_1":5,"shoes_2":0,"watches_2":0,"pants_1":10,"decals_2":0,"sun_2":0,"arms_2":0,"eye_color":0,"chain_2":1,"beard_3":0,"pants_2":0,"sun_1":0,"bodyb_2":1,"eyebrows_3":0,"blemishes_1":0,"makeup_4":0,"skin":8,"arms":17,"bracelets_1":-1,"makeup_1":2,"blemishes_2":0,"helmet_2":1,"glasses_2":1,"blush_2":1,"beard_4":0,"torso_2":1,"makeup_2":0,"beard_1":2,"hair_color_1":0,"hair_2":0,"chest_2":0,"bproof_2":0,"eyebrows_1":0,"eyebrows_4":0,"helmet_1":12,"moles_1":0,"chest_3":2,"bags_1":0,"blush_3":1,"complexion_2":0,"shoes_1":10,"tshirt_1":10,"bproof_1":0,"chest_1":1,"lipstick_2":0,"mask_1":0,"complexion_1":2,"hair_1":6,"ears_1":2,"tshirt_2":0,"age_1":0}', 'cartel', 0, '[]', '{"y":5394.9,"x":-989.5,"z":40.1}', 120, 0, 'user', 0, 'Hernandez', 'Cortez', '2000-01-17', 'm', '180', NULL, 0, '906-8228'),
	('steam:1100001073d9ce8', 'license:8d596f4faa97544ecf0825e740d0ec27c1ebad64', 28560, 'Pelmeni', '{"skin":4,"moles_2":0,"helmet_1":-1,"bodyb_1":0,"makeup_1":0,"lipstick_4":0,"blemishes_1":0,"chest_1":0,"mask_2":0,"beard_1":0,"chest_3":0,"torso_2":2,"mask_1":0,"glasses_1":0,"arms_2":0,"eyebrows_1":0,"face":0,"helmet_2":0,"blush_2":0,"decals_1":0,"hair_color_1":0,"bags_1":0,"blemishes_2":0,"hair_1":55,"blush_1":0,"torso_1":72,"tshirt_2":0,"hair_2":0,"chest_2":0,"decals_2":0,"eyebrows_2":0,"sun_2":0,"eyebrows_4":0,"lipstick_3":0,"bags_2":0,"ears_1":-1,"complexion_2":0,"pants_2":0,"shoes_2":0,"moles_1":0,"shoes_1":10,"watches_2":0,"makeup_2":0,"age_2":0,"watches_1":-1,"bodyb_2":0,"hair_color_2":0,"eye_color":0,"beard_3":0,"lipstick_2":0,"glasses_2":0,"makeup_3":0,"bracelets_2":0,"makeup_4":0,"blush_3":0,"complexion_1":0,"age_1":0,"ears_2":0,"beard_2":0,"arms":0,"beard_4":0,"chain_1":0,"tshirt_1":4,"sun_1":0,"chain_2":0,"eyebrows_3":0,"bracelets_1":-1,"lipstick_1":0,"sex":0,"pants_1":10}', 'unemployed', 0, '[]', '{"y":3584.9,"x":1389.2,"z":35.0}', 1500, 0, 'user', 0, 'Pelmeni', 'God', '5-5-97', 'm', '180', NULL, 0, '873-7104'),
	('steam:11000010770908b', 'license:d27f9e95f1d9f8c99130f69960e67387202ee46a', 640, 'Jabsui', '{"lipstick_3":0,"complexion_1":0,"ears_2":0,"chain_1":11,"lipstick_1":0,"complexion_2":0,"torso_1":104,"eyebrows_2":8,"eyebrows_4":0,"lipstick_2":0,"makeup_3":0,"lipstick_4":0,"moles_2":5,"mask_2":0,"blush_1":0,"beard_4":0,"bracelets_2":0,"hair_color_2":0,"moles_1":4,"beard_1":11,"age_2":0,"glasses_1":3,"makeup_1":0,"watches_2":0,"pants_1":53,"decals_2":0,"sun_2":0,"arms_2":0,"eye_color":0,"chain_2":2,"beard_3":5,"pants_2":0,"sun_1":0,"bodyb_2":0,"face":0,"blush_3":0,"glasses_2":9,"beard_2":8,"ears_1":-1,"bodyb_1":0,"arms":1,"blemishes_2":0,"age_1":0,"makeup_4":0,"bproof_1":0,"helmet_1":-1,"torso_2":0,"makeup_2":0,"hair_2":0,"eyebrows_3":5,"eyebrows_1":33,"chest_2":0,"bproof_2":0,"blush_2":0,"blemishes_1":0,"bags_2":0,"bracelets_1":-1,"chest_3":0,"bags_1":0,"hair_color_1":5,"watches_1":3,"shoes_1":10,"tshirt_1":35,"helmet_2":7,"chest_1":0,"shoes_2":0,"mask_1":0,"decals_1":0,"hair_1":19,"skin":0,"tshirt_2":0,"sex":0}', 'slaughterer', 0, '[{"components":["clip_default"],"name":"WEAPON_PISTOL","label":"Pistol","ammo":41}]', '{"y":-1094.0,"x":764.7,"z":22.2}', 91850, 0, 'user', 0, 'Flaco', 'Turner', '1998/01/05', 'm', '185', NULL, 0, NULL),
	('steam:110000107a24fa1', 'license:4410f1a623c12cac892e2ce57e15a804ead19a27', 0, 'iRakish', '{"lipstick_3":0,"complexion_1":0,"ears_2":0,"chain_1":0,"lipstick_1":0,"eyebrows_1":0,"torso_1":4,"eyebrows_2":0,"eyebrows_4":0,"lipstick_2":0,"makeup_3":0,"lipstick_4":0,"moles_2":0,"mask_2":0,"blush_1":0,"beard_4":0,"bracelets_2":0,"hair_color_2":0,"moles_1":0,"beard_1":7,"age_2":0,"eyebrows_3":0,"makeup_1":0,"watches_2":0,"pants_1":4,"decals_2":0,"sun_2":0,"arms_2":0,"eye_color":0,"hair_2":0,"beard_3":0,"pants_2":0,"sun_1":0,"bodyb_2":0,"bodyb_1":0,"blemishes_1":0,"bags_2":0,"makeup_4":0,"face":0,"helmet_1":-1,"beard_2":10,"blemishes_2":0,"mask_1":0,"glasses_2":0,"blush_2":0,"bproof_1":0,"torso_2":0,"makeup_2":0,"glasses_1":7,"age_1":0,"chain_2":0,"chest_2":0,"bproof_2":0,"ears_1":-1,"complexion_2":0,"bracelets_1":-1,"hair_color_1":0,"chest_3":0,"bags_1":0,"blush_3":0,"sex":0,"shoes_1":1,"tshirt_1":0,"helmet_2":0,"chest_1":0,"watches_1":-1,"arms":0,"shoes_2":0,"hair_1":9,"skin":0,"tshirt_2":0,"decals_1":0}', 'taxi', 0, '[]', '{"y":-369.9,"x":437.1,"z":46.7}', 125, 0, 'user', 0, 'John', 'Cooper', '01/02/1980', 'm', '200', NULL, 0, NULL),
	('steam:110000107cb08f9', 'license:6aabb95b3e511f76a3fc9beadf7c3176860ebcc7', 0, '^3 EpeX', '{"lipstick_3":0,"complexion_1":0,"ears_2":0,"chain_1":0,"lipstick_1":0,"eyebrows_1":0,"torso_1":0,"hair_color_1":0,"eyebrows_4":0,"bodyb_1":0,"makeup_3":0,"lipstick_4":0,"moles_2":0,"mask_2":0,"blush_1":0,"decals_1":0,"bracelets_2":0,"hair_color_2":0,"sex":0,"beard_2":0,"age_2":0,"eyebrows_3":0,"makeup_1":0,"watches_2":0,"pants_1":0,"decals_2":0,"helmet_1":-1,"arms_2":0,"eye_color":0,"chain_2":0,"beard_3":0,"pants_2":0,"sun_1":0,"bodyb_2":0,"helmet_2":0,"blemishes_1":0,"glasses_2":0,"moles_1":0,"bproof_1":0,"bags_2":0,"hair_1":0,"blemishes_2":0,"sun_2":0,"makeup_4":0,"blush_2":0,"glasses_1":0,"torso_2":0,"makeup_2":0,"watches_1":-1,"hair_2":0,"shoes_2":0,"chest_2":0,"bproof_2":0,"complexion_2":0,"bracelets_1":-1,"eyebrows_2":0,"arms":0,"chest_3":0,"bags_1":0,"blush_3":0,"beard_4":0,"shoes_1":0,"tshirt_1":0,"beard_1":0,"chest_1":0,"ears_1":-1,"mask_1":0,"lipstick_2":0,"age_1":0,"skin":0,"tshirt_2":0,"face":0}', 'banksecurity', 0, '[{"name":"WEAPON_PISTOL","label":"Pistol","components":["clip_default"],"ammo":12}]', '{"y":-983.2,"x":440.2,"z":30.7}', 1000, 0, 'user', 0, 'Willy', 'Oboy', '19930202', 'm', '190', NULL, 0, NULL),
	('steam:1100001081f7334', 'license:9077bece6e425dd56e05098397e9ca032701a3a9', 1690, 'SkiMask', '{"lipstick_3":0,"face":0,"ears_2":0,"chain_1":17,"lipstick_1":0,"bags_2":0,"torso_1":70,"eyebrows_2":0,"eyebrows_4":0,"bodyb_1":0,"makeup_3":0,"lipstick_4":0,"moles_2":0,"mask_2":0,"blush_1":0,"decals_1":0,"bracelets_2":0,"hair_color_2":0,"moles_1":0,"beard_1":26,"age_2":0,"glasses_1":5,"makeup_1":0,"watches_2":0,"pants_1":0,"decals_2":0,"sun_2":0,"arms_2":0,"eye_color":0,"hair_2":0,"beard_3":3,"bracelets_1":-1,"sun_1":0,"bodyb_2":0,"eyebrows_3":0,"blush_3":0,"watches_1":-1,"chain_2":1,"sex":0,"shoes_2":2,"helmet_1":-1,"blemishes_2":0,"blemishes_1":0,"glasses_2":0,"bproof_1":0,"hair_color_1":5,"torso_2":4,"makeup_2":0,"eyebrows_1":0,"ears_1":-1,"blush_2":0,"chest_2":0,"bproof_2":0,"lipstick_2":0,"complexion_2":0,"pants_2":2,"makeup_4":0,"chest_3":0,"bags_1":0,"beard_4":0,"hair_1":31,"shoes_1":38,"tshirt_1":23,"arms":0,"chest_1":0,"complexion_1":0,"mask_1":0,"helmet_2":0,"age_1":0,"skin":0,"tshirt_2":0,"beard_2":10}', 'unemployed', 0, '[]', '{"y":6162.1,"x":-197.3,"z":31.4}', 700, 0, 'user', 0, 'Dale', 'Kennedy', '1990/02/12', 'm', '171', NULL, 0, NULL),
	('steam:110000109c9813a', 'license:3b6f87ea15ba76e7f9f41c5cae2de03d35b49885', 10, 'BardStory', '{"lipstick_3":0,"complexion_1":0,"ears_2":0,"chain_1":0,"lipstick_1":0,"eyebrows_1":0,"torso_1":6,"eyebrows_2":0,"eyebrows_4":2,"lipstick_2":0,"makeup_3":0,"lipstick_4":0,"moles_2":0,"mask_2":0,"blush_1":0,"decals_1":0,"bracelets_2":0,"hair_color_2":0,"moles_1":0,"beard_2":10,"age_2":0,"eyebrows_3":0,"shoes_2":0,"watches_2":0,"pants_1":7,"decals_2":0,"helmet_1":-1,"arms_2":0,"eye_color":0,"chain_2":0,"beard_3":3,"bracelets_1":-1,"sun_1":0,"bodyb_2":0,"age_1":0,"blemishes_1":0,"beard_4":0,"face":0,"beard_1":0,"arms":1,"sun_2":0,"blemishes_2":0,"hair_2":3,"makeup_4":0,"bproof_1":0,"sex":0,"torso_2":2,"makeup_2":0,"bodyb_1":0,"bags_2":0,"pants_2":1,"chest_2":0,"bproof_2":0,"hair_color_1":2,"glasses_2":0,"complexion_2":0,"makeup_1":0,"chest_3":0,"bags_1":0,"helmet_2":0,"watches_1":-1,"shoes_1":2,"tshirt_1":4,"skin":0,"chest_1":0,"blush_3":0,"mask_1":9,"blush_2":0,"hair_1":2,"ears_1":2,"tshirt_2":0,"glasses_1":0}', 'ambulance', 1, '[{"name":"WEAPON_SNIPERRIFLE","ammo":19,"label":"Sniper rifle","components":["scope"]},{"name":"WEAPON_STUNGUN","ammo":42,"label":"Taser","components":[]}]', '{"y":-1359.5,"x":263.5,"z":24.5}', 26800, 0, 'user', 0, 'Timothy', 'Horton', '1995/01/01', 'm', '190', NULL, 0, NULL),
	('steam:11000010a105523', 'license:d1f50bad33dbb70ccd2606bd5ed27bc97065da60', 0, 'big meow', '{"lipstick_3":0,"face":23,"helmet_2":0,"chain_1":0,"lipstick_1":0,"bags_2":0,"torso_1":15,"eyebrows_2":0,"watches_1":-1,"lipstick_2":0,"makeup_3":0,"lipstick_4":0,"moles_2":0,"mask_2":0,"blush_1":0,"beard_4":0,"bracelets_2":0,"hair_color_2":0,"sex":1,"beard_2":0,"age_2":0,"eyebrows_3":0,"makeup_1":0,"watches_2":0,"pants_1":56,"decals_2":0,"helmet_1":-1,"arms_2":0,"eye_color":0,"chain_2":0,"beard_3":0,"pants_2":0,"sun_1":0,"bodyb_2":0,"beard_1":0,"blush_3":0,"age_1":0,"mask_1":0,"shoes_2":0,"complexion_2":0,"bracelets_1":-1,"blemishes_2":0,"complexion_1":0,"makeup_4":0,"blush_2":0,"ears_2":0,"torso_2":5,"makeup_2":0,"glasses_2":0,"hair_2":4,"bproof_1":0,"chest_2":0,"bproof_2":0,"blemishes_1":0,"eyebrows_1":0,"bodyb_1":0,"hair_color_1":0,"chest_3":0,"bags_1":0,"moles_1":0,"decals_1":0,"shoes_1":0,"tshirt_1":15,"eyebrows_4":0,"chest_1":0,"glasses_1":0,"arms":15,"sun_2":0,"hair_1":4,"ears_1":-1,"tshirt_2":0,"skin":16}', 'unemployed', 0, '[]', '{"y":-969.0,"x":-265.9,"z":31.2}', 100, 0, 'user', 0, 'Kristen', 'Swift', '1988-04-04', 'f', '160', NULL, 0, NULL),
	('steam:11000010a3b2583', 'license:874c6aa0a4b23a319896f00a2f16432e79dd8a81', 0, 'Timothy', '{"lipstick_3":0,"complexion_1":0,"helmet_2":0,"chain_1":0,"lipstick_1":0,"bags_2":0,"torso_1":0,"eyebrows_2":2,"eyebrows_4":0,"bodyb_1":0,"makeup_3":0,"lipstick_4":0,"moles_2":0,"mask_2":0,"blush_1":0,"beard_4":0,"bracelets_2":0,"hair_color_2":0,"sex":0,"beard_1":0,"age_2":0,"eyebrows_3":0,"makeup_1":0,"watches_2":0,"pants_1":7,"decals_2":0,"helmet_1":-1,"arms_2":0,"eye_color":1,"chain_2":0,"beard_3":0,"pants_2":0,"sun_1":0,"bodyb_2":0,"beard_2":10,"blush_3":11,"decals_1":0,"age_1":0,"blush_2":0,"face":0,"ears_2":0,"blemishes_2":0,"moles_1":0,"makeup_4":0,"bproof_1":0,"lipstick_2":0,"torso_2":2,"makeup_2":0,"watches_1":3,"ears_1":0,"blemishes_1":0,"chest_2":5,"bproof_2":0,"complexion_2":0,"hair_2":0,"mask_1":0,"eyebrows_1":2,"chest_3":0,"bags_1":0,"bracelets_1":-1,"hair_color_1":0,"shoes_1":10,"tshirt_1":0,"shoes_2":0,"chest_1":5,"sun_2":0,"arms":0,"glasses_2":0,"hair_1":10,"skin":7,"tshirt_2":0,"glasses_1":3}', 'unemployed', 0, '[]', '{"y":-955.5,"x":-267.8,"z":31.2}', 300, 0, 'user', 0, 'Timothy', 'Swift', '1990-11-06', 'm', '170', NULL, 0, NULL),
	('steam:11000010a44d3fb', 'license:91c44b46e102d57843d0232138bf8e26b4bbd810', 0, 'Skorpan4life', '{"torso_2":0,"watches_2":0,"ears_1":-1,"eyebrows_1":0,"lipstick_3":0,"shoes_1":4,"decals_2":0,"glasses_2":0,"bracelets_2":0,"makeup_3":0,"chain_2":0,"helmet_1":-1,"lipstick_1":0,"complexion_1":0,"bodyb_1":0,"arms":4,"blemishes_1":0,"beard_4":0,"sex":0,"lipstick_2":0,"eyebrows_3":0,"makeup_1":0,"sun_2":0,"ears_2":0,"blush_3":0,"bproof_2":0,"moles_1":0,"eye_color":0,"chain_1":0,"hair_color_1":0,"beard_2":0,"makeup_4":0,"beard_1":0,"eyebrows_2":0,"bags_2":0,"blush_1":0,"arms_2":0,"pants_2":0,"age_1":0,"watches_1":-1,"shoes_2":1,"skin":4,"mask_1":0,"hair_2":0,"chest_2":0,"age_2":0,"pants_1":24,"blemishes_2":0,"sun_1":0,"decals_1":0,"chest_1":0,"moles_2":0,"blush_2":0,"torso_1":21,"hair_color_2":0,"tshirt_2":0,"lipstick_4":0,"glasses_1":0,"face":0,"mask_2":0,"bodyb_2":0,"bproof_1":0,"beard_3":0,"complexion_2":0,"eyebrows_4":0,"chest_3":0,"bracelets_1":-1,"helmet_2":0,"tshirt_1":22,"bags_1":0,"hair_1":19,"makeup_2":0}', 'unemployed', 0, '[]', '{"y":3265.3,"x":1717.3,"z":41.2}', 186060, 100, 'superadmin', 0, 'Skorpan', 'Hamilton', '1989-11-11', 'm', '189', NULL, 0, NULL),
	('steam:11000010a586332', 'license:20bffed7f7175962fc8e2c75eff57a67dc0ed696', 0, 'Steady', '{"lipstick_3":0,"complexion_1":0,"helmet_2":0,"chain_1":0,"lipstick_1":0,"eyebrows_1":0,"torso_1":65,"eyebrows_2":0,"watches_1":-1,"bodyb_1":0,"makeup_3":0,"lipstick_4":0,"moles_2":0,"mask_2":0,"blush_1":0,"beard_4":0,"bracelets_2":0,"hair_color_2":0,"sex":1,"beard_1":0,"age_2":0,"glasses_1":2,"shoes_2":0,"watches_2":0,"pants_1":6,"decals_2":0,"sun_2":0,"arms_2":0,"eye_color":0,"chain_2":0,"beard_3":0,"pants_2":0,"sun_1":0,"bodyb_2":0,"makeup_1":0,"blush_3":0,"helmet_1":-1,"hair_color_1":0,"eyebrows_3":0,"face":8,"decals_1":0,"blemishes_2":0,"glasses_2":0,"makeup_4":0,"bproof_1":0,"ears_2":0,"torso_2":0,"makeup_2":0,"eyebrows_4":0,"hair_2":0,"ears_1":-1,"chest_2":0,"bproof_2":0,"bags_2":0,"bracelets_1":-1,"blush_2":0,"arms":3,"chest_3":0,"bags_1":0,"complexion_2":0,"lipstick_2":0,"shoes_1":0,"tshirt_1":13,"blemishes_1":0,"chest_1":0,"hair_1":4,"mask_1":0,"moles_1":0,"age_1":0,"skin":3,"tshirt_2":0,"beard_2":0}', 'unemployed', 0, '[{"name":"WEAPON_PISTOL","label":"Pistol","components":["clip_default"],"ammo":7}]', '{"y":-984.4,"x":445.6,"z":30.7}', 600, 0, 'user', 0, 'Andi', 'Bastard', '1999/12/12', 'f', '180', NULL, 0, NULL),
	('steam:11000010b2c0fc7', 'license:7b9d11688c9d174df42a458635905f6dd16a9698', 0, 'eMonster1', NULL, 'unemployed', 0, '[]', '{"z":53.9,"y":5577.9,"x":2211.3}', 100, 0, 'user', 0, '', '', '', '', '', NULL, 0, NULL),
	('steam:11000010b560d5d', 'license:629b3c6cfa0949a3cb7437ec85f971534fcf7605', 0, 'PROCITAL', NULL, 'unemployed', 0, '[]', '{"y":-1225.5,"x":-10.4,"z":29.3}', 0, 0, 'user', 0, 'Duke', 'Hirst', '1990', 'm', '200', NULL, 0, NULL),
	('steam:11000010b8a1158', 'license:8bd2dac3f12fe7347ec9543e92cb3ff2fc7f97e7', 0, 'Rank 20 Dummy', '{"lipstick_3":0,"complexion_1":0,"helmet_2":0,"chain_1":0,"lipstick_1":0,"complexion_2":0,"torso_1":0,"eyebrows_2":0,"watches_1":-1,"bodyb_1":0,"makeup_3":0,"lipstick_4":0,"moles_2":0,"mask_2":0,"blush_1":0,"decals_1":0,"bracelets_2":0,"hair_color_2":0,"moles_1":0,"beard_1":0,"age_2":0,"glasses_1":0,"shoes_2":0,"watches_2":0,"pants_1":0,"decals_2":0,"sun_2":0,"arms_2":0,"eye_color":0,"chain_2":0,"beard_3":0,"pants_2":0,"sun_1":0,"bodyb_2":0,"skin":5,"blush_3":0,"bags_2":0,"hair_1":10,"eyebrows_1":0,"eyebrows_4":0,"face":7,"blemishes_2":0,"ears_2":0,"glasses_2":0,"bproof_1":0,"blemishes_1":0,"torso_2":0,"makeup_2":0,"hair_2":0,"beard_2":0,"makeup_4":0,"chest_2":0,"bproof_2":0,"bracelets_1":-1,"hair_color_1":0,"eyebrows_3":0,"makeup_1":0,"chest_3":0,"bags_1":0,"lipstick_2":0,"sex":0,"shoes_1":0,"tshirt_1":0,"blush_2":0,"chest_1":0,"helmet_1":-1,"mask_1":0,"arms":0,"age_1":0,"ears_1":-1,"tshirt_2":0,"beard_4":0}', 'fisherman', 0, '[]', '{"y":-1051.1,"x":-654.9,"z":17.0}', -1500, 0, 'user', 0, 'Bob', 'Brown', '1991', 'm', '166', NULL, 0, NULL),
	('steam:11000010c765b9e', 'license:128c6f2352ac51703205cc5b42f4f1653a39b19f', -10500, 'Jocke', '{"eye_color":0,"decals_2":0,"sun_1":0,"beard_1":0,"bodyb_2":0,"lipstick_1":0,"beard_3":0,"hair_color_2":0,"blemishes_1":0,"chain_2":0,"pants_2":1,"glasses_2":0,"bodyb_1":0,"decals_1":0,"ears_1":-1,"complexion_1":0,"blush_3":0,"shoes_1":42,"hair_2":1,"arms_2":0,"age_2":0,"chest_2":0,"ears_2":0,"blush_1":0,"bracelets_1":-1,"face":44,"helmet_2":0,"lipstick_2":0,"eyebrows_1":0,"beard_2":10,"eyebrows_2":7,"bracelets_2":0,"age_1":0,"shoes_2":1,"chest_3":0,"complexion_2":0,"tshirt_1":76,"arms":4,"watches_1":-1,"mask_2":0,"chest_1":0,"skin":5,"eyebrows_3":0,"sun_2":0,"moles_2":0,"makeup_4":0,"sex":0,"tshirt_2":1,"hair_color_1":8,"torso_2":0,"pants_1":7,"mask_1":0,"glasses_1":5,"makeup_1":0,"blush_2":0,"watches_2":0,"beard_4":0,"lipstick_4":0,"bags_1":0,"chain_1":0,"hair_1":4,"blemishes_2":0,"moles_1":0,"bags_2":0,"makeup_2":0,"torso_1":62,"lipstick_3":0,"helmet_1":-1,"makeup_3":0,"eyebrows_4":0}', 'unemployed', 0, '[]', '{"y":-1768.2,"x":-79.5,"z":29.2}', 1900, 0, 'user', 0, 'Memphis', 'Raines', '1969-06-09', 'm', '169', NULL, 0, '827-5849'),
	('steam:11000010cb47682', 'license:803e1e65503dab368cdb4732d234641987dbd4dd', 0, 'notbrosmain', '{"blush_2":0,"bodyb_1":0,"skin":5,"arms":1,"beard_1":28,"blemishes_1":0,"bracelets_2":0,"moles_1":0,"decals_1":0,"arms_2":0,"chest_1":0,"shoes_2":1,"blemishes_2":0,"eyebrows_4":0,"sex":0,"eyebrows_3":0,"pants_2":0,"beard_3":1,"mask_2":0,"blush_1":0,"eyebrows_2":0,"age_2":0,"watches_2":0,"hair_color_2":0,"chest_2":0,"helmet_1":-1,"complexion_1":0,"ears_2":0,"torso_1":59,"blush_3":0,"chest_3":0,"lipstick_1":0,"complexion_2":0,"moles_2":0,"lipstick_4":0,"hair_2":5,"ears_1":-1,"bags_2":0,"makeup_3":0,"eye_color":0,"chain_2":0,"bodyb_2":0,"lipstick_2":0,"decals_2":0,"lipstick_3":0,"face":4,"torso_2":0,"sun_1":0,"chain_1":1,"pants_1":8,"watches_1":-1,"glasses_1":0,"bracelets_1":-1,"eyebrows_1":0,"tshirt_2":0,"hair_1":3,"shoes_1":1,"mask_1":0,"sun_2":0,"bags_1":0,"makeup_4":0,"beard_2":1,"hair_color_1":1,"makeup_1":0,"age_1":0,"helmet_2":0,"glasses_2":0,"makeup_2":0,"beard_4":0,"tshirt_1":101}', 'banksecurity', 0, '[]', '{"y":-753.6,"x":12.2,"z":31.7}', 400, 0, 'user', 0, 'Franky', 'Guapo', '19910204', 'm', '150', NULL, 0, '113-0914'),
	('steam:11000010ccf37ca', 'license:3fcb1e420139425b6ab450c76c0a8e5ad6c29365', -38000, 'DiAZ', '{"lipstick_3":0,"face":0,"ears_2":0,"chain_1":0,"lipstick_1":0,"bags_2":0,"torso_1":0,"hair_color_1":0,"watches_1":-1,"bodyb_1":0,"makeup_3":0,"lipstick_4":0,"moles_2":0,"mask_2":0,"blush_1":0,"beard_4":0,"bracelets_2":0,"hair_color_2":0,"sex":0,"beard_2":0,"age_2":0,"eyebrows_3":0,"shoes_2":0,"watches_2":0,"pants_1":0,"decals_2":0,"helmet_1":-1,"arms_2":0,"eye_color":0,"hair_2":0,"beard_3":0,"bracelets_1":-1,"sun_1":0,"bodyb_2":0,"decals_1":0,"blemishes_1":0,"complexion_1":0,"eyebrows_4":0,"lipstick_2":0,"skin":0,"pants_2":0,"blemishes_2":0,"moles_1":0,"makeup_4":0,"blush_2":0,"beard_1":0,"torso_2":0,"makeup_2":0,"helmet_2":0,"arms":0,"eyebrows_2":0,"chest_2":0,"bproof_2":0,"chain_2":0,"glasses_2":0,"complexion_2":0,"sun_2":0,"chest_3":0,"bags_1":0,"makeup_1":0,"blush_3":0,"shoes_1":0,"tshirt_1":0,"glasses_1":0,"chest_1":0,"eyebrows_1":0,"mask_1":0,"hair_1":0,"age_1":0,"ears_1":-1,"tshirt_2":0,"bproof_1":0}', 'taxi', 0, '[]', '{"y":-1291.2,"x":122.3,"z":29.3}', 250, 0, 'user', 0, 'James', 'Diaz', '1990-05-03', 'm', '200', NULL, 0, NULL),
	('steam:11000010deddfd7', 'license:a07a65cae64c3ef61205cc2249af3ba269fedbe9', 1000, 'xI Belphe Ix', '{"torso_2":0,"watches_2":0,"ears_1":-1,"eyebrows_1":30,"bodyb_2":0,"shoes_1":1,"decals_2":0,"glasses_2":0,"bracelets_2":0,"makeup_3":0,"chain_2":0,"helmet_1":-1,"lipstick_1":0,"complexion_1":0,"bodyb_1":0,"arms":0,"blemishes_1":0,"beard_4":0,"sex":0,"lipstick_2":0,"eyebrows_3":0,"makeup_1":0,"sun_2":0,"ears_2":0,"blush_3":0,"bproof_2":0,"moles_1":0,"eye_color":0,"chain_1":0,"hair_color_1":0,"beard_2":10,"face":0,"beard_1":5,"eyebrows_2":10,"bags_2":0,"blush_1":0,"arms_2":0,"blush_2":0,"age_1":0,"watches_1":-1,"mask_2":0,"skin":0,"age_2":0,"hair_2":0,"lipstick_3":0,"makeup_4":0,"pants_1":1,"blemishes_2":0,"sun_1":0,"decals_1":0,"chest_1":0,"chest_2":0,"helmet_2":0,"moles_2":0,"lipstick_4":0,"tshirt_1":0,"pants_2":0,"glasses_1":0,"hair_1":13,"tshirt_2":0,"shoes_2":0,"bproof_1":0,"beard_3":0,"bags_1":0,"mask_1":0,"chest_3":0,"complexion_2":0,"bracelets_1":-1,"torso_1":0,"hair_color_2":21,"eyebrows_4":7,"makeup_2":0}', 'unemployed', 0, '[]', '{"y":2585.6,"x":1846.8,"z":45.7}', 400, 0, 'user', 0, 'Natas', 'Nis', '1994-04-30', 'm', '160', 'LowEndApartment', 0, NULL),
	('steam:11000010e0f2322', 'license:38dc54b959b533081b792ea8f8b908bdac12bc3d', 0, 'IExer', '{"lipstick_3":0,"face":1,"helmet_2":0,"chain_1":4,"lipstick_1":0,"bags_2":0,"torso_1":4,"eyebrows_2":0,"eyebrows_4":0,"lipstick_2":0,"makeup_3":0,"lipstick_4":0,"moles_2":0,"mask_2":0,"blush_1":0,"decals_1":0,"bracelets_2":0,"hair_color_2":0,"sex":0,"beard_1":3,"age_2":0,"eyebrows_3":0,"makeup_1":0,"watches_2":0,"pants_1":5,"decals_2":0,"helmet_1":1,"arms_2":1,"eye_color":0,"chain_2":1,"beard_3":3,"bracelets_1":-1,"sun_1":0,"bodyb_2":0,"bproof_1":0,"blush_3":0,"watches_1":-1,"age_1":0,"makeup_4":0,"beard_4":0,"ears_2":0,"blemishes_2":0,"bodyb_1":0,"glasses_2":1,"blush_2":0,"blemishes_1":0,"torso_2":2,"makeup_2":0,"sun_2":0,"glasses_1":18,"hair_color_1":1,"chest_2":0,"bproof_2":0,"hair_2":2,"complexion_2":0,"pants_2":2,"complexion_1":0,"chest_3":0,"bags_1":0,"eyebrows_1":0,"ears_1":-1,"shoes_1":2,"tshirt_1":4,"mask_1":0,"chest_1":0,"shoes_2":0,"arms":1,"moles_1":0,"hair_1":2,"skin":2,"tshirt_2":1,"beard_2":10}', 'unemployed', 0, '[{"name":"WEAPON_PISTOL","label":"Pistol","components":["clip_default"],"ammo":0}]', '{"y":-988.2,"x":443.7,"z":29.9}', 600, 0, 'user', 0, 'Mad', 'Dawg', '1999-01-24', 'm', '160', NULL, 0, NULL),
	('steam:11000010edab357', 'license:d477e9b7ca98fe10319d847ee081873f7722f4c7', 0, 'VurpZ', '{"beard_3":0,"bproof_2":0,"eyebrows_4":0,"sex":0,"arms_2":0,"age_2":0,"lipstick_4":0,"eyebrows_3":0,"beard_4":0,"lipstick_1":0,"blush_3":0,"sun_1":0,"complexion_2":0,"lipstick_3":0,"decals_1":0,"eye_color":0,"hair_color_2":0,"chest_1":0,"beard_2":0,"moles_1":0,"pants_2":0,"chain_1":0,"chain_2":0,"glasses_1":0,"bags_1":0,"bproof_1":0,"helmet_1":-1,"decals_2":0,"shoes_2":0,"blush_2":0,"hair_2":0,"lipstick_2":0,"makeup_3":0,"makeup_1":0,"ears_1":-1,"mask_1":0,"tshirt_2":0,"chest_2":0,"helmet_2":0,"bodyb_2":0,"makeup_2":0,"blemishes_1":0,"hair_1":0,"mask_2":0,"watches_2":0,"shoes_1":0,"torso_2":0,"bags_2":0,"bodyb_1":0,"bracelets_2":0,"eyebrows_2":0,"age_1":0,"skin":0,"torso_1":0,"eyebrows_1":0,"watches_1":-1,"glasses_2":0,"moles_2":0,"tshirt_1":0,"beard_1":0,"ears_2":0,"complexion_1":0,"makeup_4":0,"sun_2":0,"bracelets_1":-1,"face":15,"chest_3":0,"blush_1":0,"arms":0,"hair_color_1":0,"blemishes_2":0,"pants_1":0}', 'lumberjack', 0, '[]', '{"y":-971.1,"x":-223.7,"z":29.3}', 0, 0, 'user', 0, 'Luis', 'Moura', '1998-01-10', 'm', '190', NULL, 0, NULL),
	('steam:11000010f0d0a35', 'license:da2a298fe1a8db8eb495430789aa4d403fe03d4b', 0, 'iske', '{"lipstick_3":0,"face":0,"helmet_2":0,"chain_1":0,"lipstick_1":0,"bags_2":0,"torso_1":4,"hair_color_1":0,"eyebrows_4":0,"lipstick_2":0,"makeup_3":0,"lipstick_4":0,"moles_2":0,"mask_2":0,"blush_1":0,"beard_4":0,"bracelets_2":0,"hair_color_2":0,"moles_1":0,"beard_2":0,"age_2":0,"eyebrows_3":0,"makeup_1":0,"watches_2":0,"pants_1":4,"decals_2":0,"helmet_1":-1,"arms_2":0,"eye_color":0,"hair_2":0,"beard_3":0,"pants_2":0,"sun_1":0,"bodyb_2":0,"ears_2":0,"blemishes_1":0,"sex":0,"shoes_2":0,"age_1":0,"ears_1":-1,"glasses_2":0,"blemishes_2":0,"decals_1":0,"makeup_4":0,"bproof_1":0,"complexion_1":0,"torso_2":0,"makeup_2":0,"eyebrows_2":0,"glasses_1":0,"chain_2":0,"chest_2":0,"bproof_2":0,"sun_2":0,"eyebrows_1":0,"bracelets_1":-1,"complexion_2":0,"chest_3":0,"bags_1":0,"watches_1":-1,"bodyb_1":0,"shoes_1":3,"tshirt_1":13,"blush_3":0,"chest_1":0,"beard_1":0,"arms":0,"blush_2":0,"hair_1":3,"skin":4,"tshirt_2":1,"mask_1":0}', 'banksecurity', 0, '[{"name":"WEAPON_PISTOL","label":"Pistol","components":["clip_default"],"ammo":0},{"name":"WEAPON_CARBINERIFLE","label":"Carbine rifle","components":["clip_default"],"ammo":0}]', '{"y":-739.0,"x":-127.2,"z":34.2}', 500, 0, 'user', 0, 'Jimbo', 'Slice', '1990 10 10', 'm', '180', NULL, 0, NULL),
	('steam:11000010f459450', 'license:3bcccd083c0950ea6f23fbff502894447843d76a', 0, 'cuervonadi7', '{"lipstick_3":0,"face":0,"helmet_2":0,"chain_1":0,"lipstick_1":0,"complexion_2":0,"torso_1":0,"hair_color_1":0,"eyebrows_4":0,"lipstick_2":0,"makeup_3":0,"lipstick_4":0,"moles_2":0,"mask_2":0,"blush_1":0,"beard_4":0,"bracelets_2":0,"hair_color_2":0,"sex":0,"beard_2":0,"age_2":0,"eyebrows_3":0,"makeup_1":0,"watches_2":0,"pants_1":0,"decals_2":0,"helmet_1":-1,"arms_2":0,"eye_color":0,"hair_2":0,"beard_3":0,"bracelets_1":-1,"sun_1":0,"bodyb_2":0,"beard_1":0,"blemishes_1":0,"moles_1":0,"complexion_1":0,"sun_2":0,"blush_3":0,"bodyb_1":0,"blemishes_2":0,"bproof_1":0,"makeup_4":0,"blush_2":0,"pants_2":0,"torso_2":0,"makeup_2":0,"chain_2":0,"bags_2":0,"eyebrows_1":0,"chest_2":0,"bproof_2":0,"eyebrows_2":0,"decals_1":0,"ears_2":0,"glasses_1":0,"chest_3":0,"bags_1":0,"watches_1":-1,"shoes_2":0,"shoes_1":0,"tshirt_1":0,"glasses_2":0,"chest_1":0,"skin":0,"mask_1":0,"arms":0,"age_1":0,"ears_1":-1,"tshirt_2":0,"hair_1":0}', 'fisherman', 0, '[]', '{"y":-1079.6,"x":-806.7,"z":11.5}', 300, 0, 'user', 0, 'Elvio', 'Carpio', '19900624', 'm', '160', NULL, 0, NULL),
	('steam:11000010f685783', 'license:2faa58909dfe439a8764dcfdd9bbb23d7bc05a8b', 0, 'MaiaBlyat', NULL, 'unemployed', 0, '[]', '{"y":-957.2,"x":-268.5,"z":31.2}', 0, 0, 'user', 0, '', '', '', '', '', NULL, 0, NULL),
	('steam:11000010fc1fd64', 'license:19bb748306f73998f8b2fd5024100b3d615511b2', 0, 'ImDaBruster', NULL, 'taxi', 0, '[]', '{"y":-963.9,"x":-265.5,"z":31.2}', 100, 0, 'user', 0, 'Kenneth', 'Rober', '06/15/1988', 'm', '170', NULL, 0, NULL),
	('steam:110000110e7f810', 'license:632b6565cb3e1f65cb75a43eccf0b1afe1165706', 0, 'CrazyColin20', '{"lipstick_3":0,"face":16,"ears_2":0,"chain_1":0,"lipstick_1":0,"bags_2":0,"torso_1":0,"eyebrows_2":0,"watches_1":-1,"lipstick_2":0,"makeup_3":0,"lipstick_4":0,"moles_2":0,"mask_2":0,"blush_1":0,"beard_4":0,"bracelets_2":0,"hair_color_2":2,"moles_1":0,"beard_2":10,"age_2":0,"eyebrows_3":0,"shoes_2":0,"watches_2":0,"pants_1":4,"decals_2":0,"helmet_1":-1,"arms_2":0,"eye_color":0,"chain_2":0,"beard_3":0,"bracelets_1":-1,"sun_1":0,"bodyb_2":0,"blemishes_1":0,"blush_3":0,"sex":0,"hair_2":0,"pants_2":0,"hair_1":12,"complexion_1":0,"blemishes_2":0,"helmet_2":0,"glasses_2":0,"blush_2":0,"makeup_4":0,"torso_2":0,"makeup_2":0,"hair_color_1":2,"glasses_1":0,"complexion_2":0,"chest_2":0,"bproof_2":0,"eyebrows_1":0,"beard_1":1,"eyebrows_4":0,"ears_1":-1,"chest_3":0,"bags_1":0,"mask_1":0,"bodyb_1":0,"shoes_1":0,"tshirt_1":0,"decals_1":0,"chest_1":0,"bproof_1":0,"arms":0,"sun_2":0,"age_1":0,"skin":1,"tshirt_2":0,"makeup_1":0}', 'fisherman', 0, '[]', '{"y":-1113.0,"x":-252.6,"z":23.3}', 150, 0, 'user', 0, 'Jim', 'Nloan', '98/04/20', 'm', '197', NULL, 0, NULL),
	('steam:11000011129537c', 'license:ac8068efc9a1eb501e653a60e51c47fca1fd58ee', 0, '[1A-05] KilliroTV', '{"torso_2":0,"watches_2":0,"ears_1":-1,"eyebrows_1":0,"lipstick_3":0,"shoes_1":4,"decals_2":0,"glasses_2":0,"bracelets_2":0,"makeup_3":0,"chain_2":0,"helmet_1":-1,"lipstick_1":0,"complexion_1":0,"bodyb_1":0,"arms":0,"blemishes_1":0,"beard_4":0,"sex":0,"lipstick_2":0,"eyebrows_3":0,"complexion_2":0,"sun_2":0,"ears_2":0,"blush_3":0,"bproof_2":0,"moles_1":0,"eye_color":0,"chain_1":0,"hair_color_1":0,"beard_2":0,"makeup_4":0,"beard_1":0,"eyebrows_2":0,"bags_2":0,"blush_1":0,"arms_2":0,"blush_2":0,"age_1":0,"watches_1":-1,"shoes_2":0,"skin":0,"mask_1":0,"hair_2":0,"chest_2":0,"makeup_1":0,"lipstick_4":0,"blemishes_2":0,"sun_1":0,"decals_1":0,"chest_1":0,"bodyb_2":0,"face":0,"mask_2":0,"makeup_2":0,"tshirt_1":0,"moles_2":0,"glasses_1":0,"hair_1":2,"age_2":0,"pants_2":0,"bproof_1":0,"beard_3":0,"pants_1":0,"torso_1":0,"chest_3":0,"hair_color_2":0,"helmet_2":0,"bracelets_1":-1,"tshirt_2":0,"eyebrows_4":0,"bags_1":0}', 'unemployed', 0, '[]', '{"z":31.9,"x":-641.4,"y":-628.4}', 200, 0, 'user', 0, 'Kevin', 'Vermont', '1991/5/8', 'm', '170', NULL, 0, NULL),
	('steam:110000111998809', 'license:0566db51a34ba93eaa8995b3cb3436540e6db9ea', 0, 'Fallacy', NULL, 'unemployed', 0, '[]', '{"z":174.6,"x":0.9,"y":528.5}', 0, 0, 'user', 0, 'James', 'Morrison', '19951004', 'm', '190', NULL, 0, '501-1190'),
	('steam:110000111bf0044', 'license:cde5c51535649af407cd632c1c2054df7a1d18bb', 0, 'gurfei', '{"lipstick_3":0,"face":0,"helmet_2":0,"chain_1":0,"lipstick_1":0,"bags_2":0,"torso_1":0,"hair_color_1":0,"watches_1":-1,"lipstick_2":0,"makeup_3":0,"lipstick_4":0,"moles_2":0,"mask_2":0,"blush_1":0,"beard_4":0,"bracelets_2":0,"hair_color_2":0,"sex":0,"beard_2":0,"age_2":0,"glasses_1":0,"shoes_2":0,"watches_2":0,"pants_1":0,"decals_2":0,"helmet_1":-1,"arms_2":0,"eye_color":0,"hair_2":0,"beard_3":0,"pants_2":0,"sun_1":0,"bodyb_2":0,"chain_2":0,"blush_3":0,"ears_2":0,"makeup_1":0,"skin":0,"eyebrows_2":0,"sun_2":0,"blemishes_2":0,"decals_1":0,"makeup_4":0,"bproof_1":0,"moles_1":0,"torso_2":0,"makeup_2":0,"bodyb_1":0,"arms":0,"eyebrows_4":0,"chest_2":0,"bproof_2":0,"complexion_1":0,"eyebrows_1":0,"bracelets_1":-1,"complexion_2":0,"chest_3":0,"bags_1":0,"eyebrows_3":0,"blush_2":0,"shoes_1":0,"tshirt_1":0,"blemishes_1":0,"chest_1":0,"glasses_2":0,"mask_1":0,"hair_1":0,"age_1":0,"ears_1":-1,"tshirt_2":0,"beard_1":0}', 'unemployed', 0, '[]', '{"y":-981.3,"x":-255.1,"z":31.2}', 0, 0, 'user', 0, 'Bob', 'Miller', '1990/05/18', 'm', '160', NULL, 0, NULL),
	('steam:110000111c08cda', 'license:cf1d750b022e7e582af82269fbb89e8ccc4066cc', 0, 'dawaifu', NULL, 'unemployed', 0, '[]', '{"y":-958.4,"x":-267.7,"z":31.2}', 100, 0, 'user', 0, 'Linzi', 'Prat', '05/30/1989', 'f', '170', NULL, 0, NULL),
	('steam:11000011221b487', 'license:cf7f4239d83713be9979a01c344d2c88583759cd', 0, 'Kyuta', '{"lipstick_3":0,"face":0,"ears_2":0,"chain_1":6,"lipstick_1":0,"complexion_2":0,"torso_1":7,"hair_color_1":12,"eyebrows_4":0,"lipstick_2":0,"makeup_3":0,"lipstick_4":0,"moles_2":0,"mask_2":0,"blush_1":0,"beard_4":0,"bracelets_2":0,"hair_color_2":4,"sex":0,"beard_2":0,"age_2":0,"eyebrows_3":0,"makeup_1":0,"watches_2":0,"pants_1":0,"decals_2":0,"sun_2":0,"arms_2":0,"eye_color":0,"chain_2":4,"beard_3":0,"bracelets_1":-1,"sun_1":0,"bodyb_2":0,"pants_2":0,"blemishes_1":0,"glasses_2":0,"bags_2":0,"helmet_2":0,"moles_1":0,"helmet_1":-1,"blemishes_2":0,"complexion_1":0,"makeup_4":0,"blush_2":0,"shoes_2":4,"torso_2":4,"makeup_2":0,"hair_2":4,"watches_1":-1,"eyebrows_1":0,"chest_2":0,"bproof_2":0,"eyebrows_2":0,"bproof_1":0,"arms":6,"age_1":0,"chest_3":0,"bags_1":0,"blush_3":0,"bodyb_1":0,"shoes_1":1,"tshirt_1":1,"ears_1":-1,"chest_1":0,"glasses_1":0,"mask_1":0,"decals_1":0,"hair_1":14,"skin":18,"tshirt_2":0,"beard_1":0}', 'miner', 0, '[]', '{"y":-3192.3,"x":1055.4,"z":-39.2}', 950, 0, 'user', 0, 'Jesser', 'Msekni', '1992-09-12', 'm', '179', NULL, 0, NULL),
	('steam:1100001123a2c90', 'license:9bd65c38a2d4977f24705fa8122605661a09b998', 453, 'goofy', '{"lipstick_3":0,"complexion_1":0,"helmet_2":0,"chain_1":0,"lipstick_1":0,"complexion_2":0,"torso_1":276,"hair_color_1":61,"watches_1":-1,"lipstick_2":0,"makeup_3":0,"lipstick_4":0,"moles_2":0,"mask_2":0,"blush_1":0,"decals_1":0,"bracelets_2":0,"hair_color_2":36,"moles_1":0,"beard_2":0,"age_2":0,"eyebrows_3":0,"makeup_1":0,"watches_2":0,"pants_1":107,"decals_2":0,"sun_2":0,"arms_2":0,"eye_color":0,"chain_2":0,"beard_3":0,"pants_2":0,"sun_1":0,"bodyb_2":0,"shoes_2":0,"blemishes_1":0,"blush_3":0,"arms":0,"ears_2":0,"bags_2":0,"bracelets_1":-1,"blemishes_2":0,"eyebrows_1":0,"makeup_4":0,"blush_2":0,"bproof_1":0,"torso_2":0,"makeup_2":0,"bodyb_1":0,"hair_2":0,"eyebrows_2":0,"chest_2":0,"bproof_2":0,"beard_1":0,"beard_4":0,"eyebrows_4":0,"skin":0,"chest_3":0,"bags_1":0,"helmet_1":-1,"glasses_1":0,"shoes_1":84,"tshirt_1":0,"sex":0,"chest_1":0,"glasses_2":0,"mask_1":0,"face":1,"age_1":0,"ears_1":-1,"tshirt_2":0,"hair_1":34}', 'fisherman', 0, '[]', '{"y":-1666.8,"x":873.1,"z":30.4}', 630, 0, 'user', 0, 'Goofy ', 'Goober', '1971/12/25', 'm', '150', NULL, 0, NULL),
	('steam:1100001124879e8', 'license:5f566ca2510785b1f71136f1b0382670494e7888', 20, 'Nertigel', '{"lipstick_3":0,"complexion_1":0,"helmet_2":0,"chain_1":1,"lipstick_1":0,"complexion_2":0,"torso_1":20,"eyebrows_2":0,"watches_1":-1,"lipstick_2":0,"makeup_3":0,"lipstick_4":0,"moles_2":0,"mask_2":0,"blush_1":0,"beard_4":0,"bracelets_2":0,"hair_color_2":0,"sex":0,"beard_2":0,"age_2":0,"eyebrows_3":0,"makeup_1":0,"watches_2":0,"pants_1":20,"decals_2":0,"helmet_1":-1,"arms_2":0,"eye_color":0,"chain_2":0,"beard_3":0,"pants_2":2,"sun_1":0,"bodyb_2":0,"glasses_1":5,"blush_3":0,"decals_1":0,"bags_2":0,"shoes_2":3,"hair_color_1":0,"age_1":0,"blemishes_2":0,"eyebrows_4":0,"makeup_4":0,"bproof_1":0,"face":0,"torso_2":2,"makeup_2":0,"sun_2":0,"beard_1":0,"hair_2":0,"chest_2":0,"bproof_2":0,"eyebrows_1":0,"bracelets_1":-1,"arms":75,"blush_2":0,"chest_3":0,"bags_1":0,"bodyb_1":0,"ears_1":-1,"shoes_1":20,"tshirt_1":25,"blemishes_1":0,"chest_1":0,"glasses_2":1,"mask_1":0,"ears_2":0,"hair_1":33,"skin":5,"tshirt_2":3,"moles_1":0}', 'unemployed', 0, '[]', '{"z":62.1,"x":1170.5,"y":-636.8}', 69700, 5, 'admin', 0, 'Patrik', 'Nertigel', '1999-12-08', 'm', '178', NULL, 0, '562-3039'),
	('steam:1100001126d6569', 'license:47b3b8093eba824a3f203ef9f7d71d0000cdf49d', 0, 'KooviTV', '{"lipstick_3":0,"complexion_1":0,"ears_2":0,"chain_1":0,"lipstick_1":0,"complexion_2":0,"torso_1":0,"eyebrows_2":0,"watches_1":-1,"lipstick_2":0,"makeup_3":0,"lipstick_4":0,"moles_2":0,"mask_2":0,"blush_1":0,"decals_1":0,"bracelets_2":0,"hair_color_2":0,"moles_1":0,"beard_2":0,"age_2":0,"eyebrows_3":0,"shoes_2":0,"watches_2":0,"pants_1":0,"decals_2":0,"sun_2":0,"arms_2":0,"eye_color":0,"chain_2":0,"beard_3":0,"bracelets_1":-1,"sun_1":0,"bodyb_2":0,"age_1":0,"blush_3":0,"blemishes_1":0,"face":0,"beard_4":0,"helmet_2":0,"helmet_1":-1,"blemishes_2":0,"beard_1":0,"glasses_2":0,"bproof_1":0,"blush_2":0,"torso_2":0,"makeup_2":0,"hair_2":0,"ears_1":-1,"bodyb_1":0,"chest_2":0,"bproof_2":0,"bags_2":0,"pants_2":0,"hair_color_1":0,"sex":0,"chest_3":0,"bags_1":0,"makeup_1":0,"eyebrows_4":0,"shoes_1":0,"tshirt_1":0,"arms":0,"chest_1":0,"makeup_4":0,"mask_1":0,"eyebrows_1":0,"hair_1":0,"skin":0,"tshirt_2":0,"glasses_1":0}', 'unemployed', 0, '[]', '{"y":-934.2,"x":-219.8,"z":29.3}', 0, 0, 'user', 0, 'The', 'Fsd', '1278-89-67', 'm', '160', NULL, 0, NULL),
	('steam:110000112e28479', 'license:b4fd146e4dae5d7f451816bd7b19c1dc6e62c6f1', 15000, '????NotoriousRP????Owner????', '{"lipstick_3":0,"face":0,"ears_2":3,"chain_1":10,"lipstick_1":0,"complexion_2":0,"torso_1":20,"hair_color_1":11,"eyebrows_4":0,"bodyb_1":0,"makeup_3":0,"lipstick_4":0,"moles_2":0,"mask_2":0,"blush_1":0,"beard_4":0,"bracelets_2":0,"hair_color_2":0,"sex":0,"beard_1":0,"age_2":0,"eyebrows_3":0,"makeup_1":0,"watches_2":0,"pants_1":20,"decals_2":0,"sun_2":0,"arms_2":0,"eye_color":2,"chain_2":1,"beard_3":0,"pants_2":2,"sun_1":0,"bodyb_2":0,"blush_2":0,"blush_3":0,"shoes_2":0,"blemishes_1":0,"glasses_2":5,"beard_2":0,"complexion_1":0,"blemishes_2":0,"helmet_1":12,"makeup_4":0,"bproof_1":0,"lipstick_2":0,"torso_2":2,"makeup_2":0,"bags_2":0,"bracelets_1":-1,"glasses_1":5,"chest_2":0,"bproof_2":0,"moles_1":0,"hair_2":0,"eyebrows_1":2,"eyebrows_2":10,"chest_3":0,"bags_1":45,"arms":0,"watches_1":6,"shoes_1":10,"tshirt_1":31,"hair_1":3,"chest_1":0,"decals_1":0,"mask_1":0,"helmet_2":1,"age_1":0,"skin":0,"tshirt_2":0,"ears_1":11}', 'cartel', 2, '[]', '{"z":51.4,"y":-248.1,"x":116.2}', 7040, 10, 'superadmin', 0, 'Adolf', 'Strauss', '1991-12-28', 'm', '200', NULL, 0, NULL),
	('steam:11000011338901d', 'license:227f37bbdbba623391fc95bbe91dd82e80cb4882', 0, 'RaZoR', NULL, 'taxi', 0, '[]', '{"y":-1216.0,"x":1016.1,"z":24.4}', 225, 0, 'user', 1, 'Razor', 'Jackson', '1997-03-12', 'm', '160', NULL, 0, NULL),
	('steam:1100001151b9041', 'license:6aaa385b9161b2a4b4304fcb987688db1be6bfe6', 0, 'PpcK.', NULL, 'unemployed', 0, '[]', '{"x":-261.2,"y":-976.7,"z":31.2}', 0, 0, 'user', 0, 'Afefe', 'Aefefe', '1/01/199', 'm', '157', NULL, 0, NULL),
	('steam:110000115986142', 'license:61e1660bca1f2716969de3967212ea0ab38adfc3', 2500, '????XMLGGAMERX2016????', '{"lipstick_4":0,"watches_2":0,"ears_1":-1,"eyebrows_1":0,"bodyb_2":0,"shoes_1":2,"decals_2":0,"glasses_2":0,"bracelets_2":0,"makeup_3":0,"chain_2":0,"helmet_1":-1,"lipstick_1":0,"complexion_1":0,"bodyb_1":0,"arms":1,"blemishes_1":0,"beard_4":0,"moles_2":0,"hair_color_2":0,"chest_2":0,"complexion_2":0,"sun_2":0,"ears_2":0,"blush_3":0,"bproof_2":0,"moles_1":0,"eye_color":0,"chain_1":0,"hair_color_1":15,"beard_2":0,"makeup_4":0,"beard_1":0,"eyebrows_2":0,"bags_2":0,"blush_1":0,"arms_2":0,"blush_2":0,"age_1":0,"watches_1":-1,"pants_1":1,"skin":0,"age_2":0,"hair_2":0,"tshirt_1":0,"bags_1":0,"chest_3":0,"blemishes_2":0,"sun_1":0,"decals_1":0,"chest_1":0,"torso_2":3,"lipstick_3":0,"pants_2":5,"mask_2":0,"tshirt_2":0,"mask_1":0,"glasses_1":7,"torso_1":4,"sex":0,"shoes_2":0,"bproof_1":0,"beard_3":0,"lipstick_2":0,"bracelets_1":-1,"makeup_1":0,"face":0,"helmet_2":0,"eyebrows_4":0,"eyebrows_3":0,"hair_1":2,"makeup_2":0}', 'cartel', 1, '[{"components":["clip_default"],"ammo":38,"name":"WEAPON_PISTOL","label":"Pistol"}]', '{"z":20.9,"y":-1952.3,"x":87.6}', 56320, 5, 'admin', 0, 'John ', 'Doe', '06/09/1982', 'm', '150', NULL, 0, NULL),
	('steam:110000115e493c8', 'license:67d32f1ddb26c4500773e9244f30df6892837d34', 0, 'BracingSleet041', '{"lipstick_3":0,"face":0,"helmet_2":0,"chain_1":0,"lipstick_1":0,"bags_2":0,"torso_1":7,"hair_color_1":0,"eyebrows_4":0,"lipstick_2":0,"makeup_3":0,"lipstick_4":0,"moles_2":0,"mask_2":0,"blush_1":0,"decals_1":0,"bracelets_2":0,"hair_color_2":0,"sex":0,"beard_1":0,"age_2":0,"eyebrows_3":0,"makeup_1":0,"watches_2":0,"pants_1":0,"decals_2":0,"helmet_1":0,"arms_2":0,"eye_color":0,"chain_2":0,"beard_3":0,"bracelets_1":-1,"sun_1":0,"bodyb_2":0,"beard_4":0,"blush_3":0,"eyebrows_1":0,"moles_1":0,"sun_2":0,"blush_2":0,"pants_2":0,"blemishes_2":0,"age_1":0,"glasses_2":0,"bproof_1":0,"complexion_2":0,"torso_2":5,"makeup_2":0,"glasses_1":0,"hair_2":4,"eyebrows_2":0,"chest_2":0,"bproof_2":0,"makeup_4":0,"beard_2":0,"ears_2":0,"complexion_1":0,"chest_3":0,"bags_1":0,"watches_1":-1,"bodyb_1":0,"shoes_1":4,"tshirt_1":0,"ears_1":-1,"chest_1":0,"mask_1":0,"arms":1,"blemishes_1":0,"hair_1":3,"skin":0,"tshirt_2":0,"shoes_2":3}', 'miner', 0, '[]', '{"y":-1110.3,"x":-49.7,"z":26.1}', 1700, 0, 'user', 0, 'Rawr', 'Jibby', '1980/04/15', 'm', '200', NULL, 0, NULL),
	('steam:110000116369cd9', 'license:7c21fe517a3bdcce07fbd0869c1b2021dd74e49d', 0, '*RIO*', '{"lipstick_4":0,"eye_color":0,"bags_2":0,"chain_1":0,"pants_2":0,"mask_1":0,"eyebrows_2":0,"decals_2":0,"shoes_2":1,"mask_2":0,"age_2":0,"helmet_2":0,"moles_2":0,"makeup_4":0,"watches_2":0,"tshirt_1":14,"bags_1":0,"bodyb_2":0,"arms":15,"lipstick_1":0,"blemishes_1":0,"glasses_1":3,"beard_2":0,"lipstick_2":0,"beard_3":0,"makeup_3":0,"blush_3":0,"torso_1":18,"beard_1":0,"ears_2":0,"makeup_2":0,"hair_color_2":0,"beard_4":0,"chain_2":0,"chest_3":0,"lipstick_3":0,"eyebrows_3":0,"makeup_1":0,"moles_1":0,"sun_1":0,"face":21,"pants_1":17,"hair_1":68,"hair_2":0,"skin":29,"decals_1":0,"glasses_2":5,"age_1":0,"shoes_1":5,"chest_2":0,"bracelets_2":0,"complexion_1":0,"chest_1":0,"arms_2":0,"watches_1":-1,"sex":1,"hair_color_1":32,"blemishes_2":0,"bodyb_1":0,"torso_2":0,"complexion_2":0,"eyebrows_1":0,"bracelets_1":-1,"blush_1":0,"eyebrows_4":0,"tshirt_2":0,"helmet_1":-1,"blush_2":0,"ears_1":-1,"sun_2":0}', 'unemployed', 0, '[]', '{"z":4.4,"x":-1352.4,"y":-1542.7}', 0, 0, 'user', 0, 'Mona', 'Lenartson', '19990917', 'f', '156', NULL, 0, '440-5316'),
	('steam:110000116557693', 'license:885f2ca62adbdace8e1458382a7d2f9b6b09a9df', 0, 'Nomad', '{"lipstick_4":0,"watches_2":0,"ears_1":-1,"eyebrows_1":0,"lipstick_3":0,"shoes_1":1,"decals_2":0,"glasses_2":0,"bracelets_2":0,"makeup_3":0,"chain_2":0,"helmet_1":-1,"lipstick_1":0,"complexion_1":0,"bodyb_1":0,"arms":0,"blemishes_1":0,"beard_4":0,"moles_2":0,"lipstick_2":0,"eyebrows_3":0,"complexion_2":0,"sun_2":0,"ears_2":0,"blush_3":0,"bproof_2":0,"moles_1":0,"eye_color":0,"chain_1":0,"hair_color_1":0,"beard_2":10,"makeup_4":0,"beard_1":10,"eyebrows_2":0,"bags_2":0,"blush_1":0,"arms_2":1,"blush_2":0,"age_1":0,"watches_1":-1,"pants_1":1,"skin":0,"age_2":0,"hair_2":0,"torso_2":0,"sex":0,"face":43,"chest_3":0,"sun_1":0,"decals_1":0,"chest_1":0,"chest_2":0,"mask_2":0,"shoes_2":0,"bodyb_2":0,"tshirt_1":15,"makeup_1":0,"glasses_1":0,"helmet_2":0,"pants_2":0,"hair_color_2":0,"bproof_1":0,"beard_3":0,"torso_1":134,"mask_1":0,"makeup_2":0,"tshirt_2":0,"bracelets_1":-1,"blemishes_2":0,"hair_1":48,"eyebrows_4":0,"bags_1":0}', 'miner', 0, '[{"label":"Pistol","ammo":5,"name":"WEAPON_PISTOL","components":["clip_default"]}]', '{"z":28.5,"x":451.7,"y":-1018.7}', 400, 0, 'user', 0, 'Alex', 'Doe', '1990/5/5', 'm', '140', NULL, 0, NULL),
	('steam:1100001166c3189', 'license:2e9bfee149e548ef264ab8ee62feee5b1d557f4e', 0, 'DAKOS', '{"blush_2":0,"bodyb_1":0,"skin":0,"arms":0,"beard_1":0,"blemishes_1":0,"bracelets_2":0,"moles_1":0,"decals_1":0,"arms_2":0,"chest_1":0,"shoes_2":3,"blemishes_2":0,"eyebrows_4":0,"sex":0,"decals_2":0,"pants_2":0,"beard_3":0,"mask_2":0,"chain_1":0,"eyebrows_2":9,"age_2":0,"lipstick_2":0,"bracelets_1":0,"chest_2":0,"helmet_1":-1,"complexion_1":0,"ears_2":1,"watches_1":-1,"blush_3":0,"chest_3":0,"lipstick_1":0,"complexion_2":0,"sun_1":0,"lipstick_4":0,"hair_1":21,"ears_1":20,"bags_2":0,"makeup_3":0,"eye_color":4,"chain_2":0,"bodyb_2":0,"makeup_1":0,"hair_color_1":7,"lipstick_3":0,"glasses_2":5,"torso_2":11,"moles_2":0,"hair_2":0,"pants_1":4,"eyebrows_3":41,"glasses_1":5,"tshirt_2":0,"eyebrows_1":2,"torso_1":6,"blush_1":0,"beard_4":0,"mask_1":0,"sun_2":0,"bags_1":0,"face":44,"beard_2":0,"makeup_4":0,"watches_2":0,"age_1":5,"helmet_2":0,"shoes_1":36,"makeup_2":0,"hair_color_2":3,"tshirt_1":4}', 'unemployed', 0, '[]', '{"y":-1529.8,"x":-1357.2,"z":4.4}', 100, 0, 'user', 0, 'Edward', 'Smith', '1995-01-04', 'm', '178', NULL, 0, '249-9884'),
	('steam:110000117ace785', 'license:e88c8847c82238141beeb27261045fbbc561aa8c', 0, 'Talksick', '{"lipstick_3":0,"complexion_1":0,"ears_2":0,"chain_1":0,"lipstick_1":0,"eyebrows_1":0,"torso_1":0,"hair_color_1":0,"eyebrows_4":0,"lipstick_2":0,"makeup_3":0,"lipstick_4":0,"moles_2":0,"mask_2":0,"blush_1":0,"beard_4":0,"bracelets_2":0,"hair_color_2":0,"moles_1":0,"beard_1":0,"age_2":0,"glasses_1":0,"shoes_2":0,"watches_2":0,"pants_1":0,"decals_2":0,"sun_2":0,"arms_2":0,"eye_color":0,"hair_2":0,"beard_3":0,"pants_2":0,"sun_1":0,"bodyb_2":0,"helmet_2":0,"blemishes_1":0,"arms":0,"eyebrows_3":0,"eyebrows_2":0,"blush_3":0,"face":0,"blemishes_2":0,"helmet_1":-1,"makeup_4":0,"blush_2":0,"bproof_1":0,"torso_2":0,"makeup_2":0,"skin":0,"decals_1":0,"bags_2":0,"chest_2":0,"bproof_2":0,"chain_2":0,"sex":0,"complexion_2":0,"bracelets_1":-1,"chest_3":0,"bags_1":0,"watches_1":-1,"bodyb_1":0,"shoes_1":0,"tshirt_1":0,"glasses_2":0,"chest_1":0,"beard_2":0,"mask_1":0,"makeup_1":0,"age_1":0,"ears_1":-1,"tshirt_2":0,"hair_1":0}', 'taxi', 0, '[{"name":"WEAPON_CARBINERIFLE","label":"Carbine rifle","components":["clip_default"],"ammo":38}]', '{"y":211.6,"x":242.7,"z":107.3}', 875, 0, 'user', 0, 'Jalal', 'Dice', '1988-10-12', 'm', '180', NULL, 0, NULL),
	('steam:11000011915c28b', 'license:1cc99edd0a43c636c1606e20a3e54f000ad1ed9c', 0, 'sosales2', '{"lipstick_3":0,"face":0,"helmet_2":0,"chain_1":0,"lipstick_1":0,"complexion_2":0,"torso_1":0,"hair_color_1":0,"eyebrows_4":0,"bodyb_1":0,"makeup_3":0,"lipstick_4":0,"moles_2":0,"mask_2":0,"blush_1":0,"decals_1":0,"bracelets_2":0,"hair_color_2":0,"sex":0,"beard_2":0,"age_2":0,"eyebrows_3":0,"shoes_2":0,"watches_2":0,"pants_1":0,"decals_2":0,"helmet_1":-1,"arms_2":0,"eye_color":0,"chain_2":0,"beard_3":0,"bracelets_1":-1,"sun_1":0,"bodyb_2":0,"hair_2":0,"blush_3":0,"bags_2":0,"pants_2":0,"sun_2":0,"watches_1":-1,"complexion_1":0,"blemishes_2":0,"arms":0,"glasses_2":0,"bproof_1":0,"blemishes_1":0,"torso_2":0,"makeup_2":0,"makeup_1":0,"beard_1":0,"makeup_4":0,"chest_2":0,"bproof_2":0,"lipstick_2":0,"eyebrows_1":0,"eyebrows_2":0,"glasses_1":0,"chest_3":0,"bags_1":0,"beard_4":0,"moles_1":0,"shoes_1":0,"tshirt_1":0,"hair_1":0,"chest_1":0,"blush_2":0,"mask_1":0,"skin":0,"age_1":0,"ears_1":-1,"tshirt_2":0,"ears_2":0}', 'unemployed', 0, '[]', '{"y":-968.0,"x":47.1,"z":29.4}', 400, 0, 'user', 0, 'MOHAMMED ', 'NIGGERS', '1893 11 12', 'm', '200', NULL, 0, NULL),
	('steam:11000011a5ebd58', 'license:52ff9bb62d0539f1cde232ef6fdbebb5a049510f', 0, 'DeadClox', '{"lipstick_3":0,"face":0,"helmet_2":0,"chain_1":0,"lipstick_1":0,"eyebrows_1":0,"torso_1":4,"eyebrows_2":0,"eyebrows_4":0,"lipstick_2":0,"makeup_3":0,"lipstick_4":0,"moles_2":0,"mask_2":0,"blush_1":0,"beard_4":0,"bracelets_2":0,"hair_color_2":0,"moles_1":0,"beard_1":0,"age_2":0,"eyebrows_3":0,"shoes_2":0,"watches_2":0,"pants_1":23,"decals_2":0,"helmet_1":-1,"arms_2":0,"eye_color":0,"chain_2":0,"beard_3":0,"pants_2":9,"sun_1":0,"bodyb_2":0,"hair_2":0,"blemishes_1":0,"blush_3":0,"bags_2":0,"watches_1":-1,"ears_2":0,"bodyb_1":0,"blemishes_2":0,"complexion_1":0,"makeup_4":0,"blush_2":0,"skin":0,"torso_2":0,"makeup_2":0,"glasses_2":0,"complexion_2":0,"bracelets_1":-1,"chest_2":0,"bproof_2":0,"hair_color_1":0,"hair_1":3,"sun_2":0,"beard_2":0,"chest_3":0,"bags_1":0,"decals_1":0,"glasses_1":2,"shoes_1":0,"tshirt_1":95,"arms":0,"chest_1":0,"makeup_1":0,"mask_1":0,"bproof_1":0,"age_1":0,"ears_1":-1,"tshirt_2":0,"sex":0}', 'unemployed', 0, '[]', '{"y":-957.5,"x":-268.8,"z":31.2}', 0, 0, 'user', 0, 'Tom', 'Carter', '1995-04-09', 'm', '180', NULL, 0, NULL),
	('steam:11000011aa170fd', 'license:e765405827e0c92c710a31dc232eea6e219bc7af', 0, 'only Headshots', NULL, 'taxi', 0, '[]', '{"y":-179.4,"x":915.4,"z":74.2}', 850, 0, 'user', 0, 'Ben', 'Dover', '1997-07-21', 'm', '155', NULL, 0, NULL),
	('steam:11000011b56bae5', 'license:c4cc01691040e796db2466e748b4265e6a6fd924', 0, 'Ramp', '{"lipstick_3":0,"face":0,"helmet_2":0,"chain_1":0,"lipstick_1":0,"eyebrows_1":0,"torso_1":0,"eyebrows_2":0,"eyebrows_4":0,"lipstick_2":0,"makeup_3":0,"lipstick_4":0,"moles_2":0,"mask_2":0,"blush_1":0,"decals_1":0,"bracelets_2":0,"hair_color_2":0,"moles_1":0,"beard_1":0,"age_2":0,"glasses_1":0,"makeup_1":0,"watches_2":0,"pants_1":0,"decals_2":0,"helmet_1":-1,"arms_2":0,"eye_color":0,"chain_2":0,"beard_3":0,"bracelets_1":-1,"sun_1":0,"bodyb_2":0,"complexion_2":0,"blemishes_1":0,"shoes_2":0,"hair_color_1":0,"bproof_1":0,"complexion_1":0,"ears_2":0,"blemishes_2":0,"pants_2":0,"makeup_4":0,"blush_2":0,"sun_2":0,"torso_2":0,"makeup_2":0,"age_1":0,"beard_2":0,"hair_2":0,"chest_2":0,"bproof_2":0,"mask_1":0,"bags_2":0,"bodyb_1":0,"glasses_2":0,"chest_3":0,"bags_1":0,"watches_1":-1,"blush_3":0,"shoes_1":0,"tshirt_1":0,"eyebrows_3":0,"chest_1":0,"beard_4":0,"arms":0,"sex":0,"hair_1":0,"skin":0,"tshirt_2":0,"ears_1":-1}', 'reporter', 0, '[]', '{"y":-971.6,"x":29.7,"z":29.0}', 650, 0, 'user', 0, 'John', 'Smith', '1974/01/01', 'm', '150', NULL, 0, NULL),
	('steam:110000131e418d6', 'license:afb6bf9e72aa1b65c74c89a4728ca1615aa14387', 0, 'Jakeup', '{"lipstick_3":0,"complexion_1":0,"helmet_2":0,"chain_1":0,"lipstick_1":0,"bags_2":0,"torso_1":0,"hair_color_1":0,"eyebrows_4":0,"lipstick_2":0,"makeup_3":0,"lipstick_4":0,"moles_2":0,"mask_2":0,"blush_1":0,"beard_4":0,"bracelets_2":0,"hair_color_2":0,"sex":0,"beard_1":0,"age_2":0,"eyebrows_3":0,"shoes_2":0,"watches_2":0,"pants_1":0,"decals_2":0,"helmet_1":-1,"arms_2":0,"eye_color":0,"hair_2":0,"beard_3":0,"bracelets_1":-1,"sun_1":0,"bodyb_2":0,"eyebrows_1":0,"blemishes_1":0,"eyebrows_2":0,"glasses_1":0,"bodyb_1":0,"chain_2":0,"makeup_4":0,"blemishes_2":0,"ears_2":0,"glasses_2":0,"bproof_1":0,"blush_2":0,"torso_2":0,"makeup_2":0,"face":0,"sun_2":0,"blush_3":0,"chest_2":0,"bproof_2":0,"complexion_2":0,"watches_1":-1,"arms":0,"age_1":0,"chest_3":0,"bags_1":0,"pants_2":0,"makeup_1":0,"shoes_1":0,"tshirt_1":0,"decals_1":0,"chest_1":0,"moles_1":0,"mask_1":0,"skin":0,"hair_1":0,"ears_1":-1,"tshirt_2":0,"beard_2":0}', 'unemployed', 0, '[]', '{"y":-1172.4,"x":-728.4,"z":10.2}', 0, 0, 'user', 0, 'Kalvin', 'Kenard', '1991-01-10', 'm', '199', NULL, 0, NULL),
	('steam:11000013319a446', 'license:75cb7cfeb7e064890bab7cdfaf7170c2d705274f', 0, 'Austin Granger', '{"beard_3":0,"bproof_2":0,"eyebrows_4":0,"sex":0,"arms_2":0,"age_2":0,"lipstick_4":0,"complexion_1":0,"torso_1":57,"lipstick_1":0,"moles_2":0,"sun_1":0,"complexion_2":0,"lipstick_3":0,"decals_1":0,"eye_color":0,"arms":0,"chest_1":0,"beard_2":8,"moles_1":0,"pants_2":0,"chain_1":0,"chain_2":0,"glasses_1":8,"bags_1":0,"bproof_1":0,"helmet_1":9,"decals_2":0,"shoes_2":0,"blush_2":0,"hair_2":0,"lipstick_2":0,"makeup_3":0,"makeup_1":10,"ears_1":1,"mask_1":0,"ears_2":0,"chest_2":0,"helmet_2":0,"bodyb_2":0,"makeup_2":0,"blemishes_1":0,"hair_1":11,"mask_2":0,"watches_2":0,"shoes_1":2,"torso_2":0,"face":0,"pants_1":1,"bracelets_2":0,"eyebrows_2":10,"age_1":0,"skin":11,"beard_4":0,"eyebrows_1":0,"watches_1":-1,"hair_color_2":0,"makeup_4":0,"tshirt_2":0,"hair_color_1":3,"tshirt_1":88,"bracelets_1":-1,"eyebrows_3":0,"sun_2":0,"beard_1":16,"bags_2":0,"chest_3":0,"blush_1":0,"glasses_2":1,"bodyb_1":0,"blemishes_2":0,"blush_3":0}', 'reporter', 0, '[]', '{"y":-987.4,"x":-268.1,"z":30.6}', 300, 0, 'user', 0, 'Austin', 'Granger', '2000/05/10', 'm', '172', NULL, 0, NULL),
	('steam:1100001337ae8c9', 'license:8cf24c44c0bceb009244068ce70b0d34817ad709', 0, 'Fence', '{"lipstick_3":0,"complexion_1":0,"ears_2":0,"chain_1":0,"lipstick_1":0,"bags_2":0,"torso_1":20,"hair_color_1":29,"eyebrows_4":0,"lipstick_2":0,"makeup_3":0,"lipstick_4":0,"moles_2":0,"mask_2":0,"blush_1":0,"beard_4":0,"bracelets_2":0,"hair_color_2":0,"sex":0,"beard_2":0,"age_2":0,"glasses_1":5,"makeup_1":0,"watches_2":0,"pants_1":20,"decals_2":0,"helmet_1":-1,"arms_2":0,"eye_color":0,"chain_2":0,"beard_3":0,"bracelets_1":-1,"sun_1":0,"bodyb_2":0,"mask_1":0,"blush_3":0,"age_1":0,"moles_1":0,"hair_2":0,"beard_1":0,"ears_1":-1,"blemishes_2":0,"sun_2":0,"glasses_2":0,"blush_2":0,"face":0,"torso_2":0,"makeup_2":0,"pants_2":0,"shoes_2":1,"decals_1":0,"chest_2":0,"bproof_2":0,"complexion_2":0,"eyebrows_1":0,"eyebrows_2":0,"makeup_4":0,"chest_3":0,"bags_1":0,"blemishes_1":0,"bodyb_1":0,"shoes_1":1,"tshirt_1":6,"watches_1":-1,"chest_1":0,"helmet_2":0,"arms":1,"bproof_1":0,"hair_1":2,"skin":0,"tshirt_2":0,"eyebrows_3":0}', 'police', 1, '[{"name":"WEAPON_NIGHTSTICK","label":"Nightstick","components":[],"ammo":0},{"name":"WEAPON_PISTOL","label":"Pistol","components":["clip_default"],"ammo":1000},{"name":"WEAPON_COMBATPISTOL","label":"Combat pistol","components":["clip_default"],"ammo":1000},{"name":"WEAPON_PUMPSHOTGUN","label":"Pump shotgun","components":[],"ammo":998},{"name":"WEAPON_STUNGUN","label":"Taser","components":[],"ammo":1000},{"name":"WEAPON_FLASHLIGHT","label":"Flashlight","components":[],"ammo":0}]', '{"y":-1433.6,"x":301.1,"z":29.6}', 23100, 0, 'user', 0, 'Ethan', 'Joss', '2000/06/15', 'm', '170', NULL, 0, NULL),
	('steam:110000136344c46', 'license:24ff276b0bf971a5def9b6c962b2e37f028985cf', 0, 'Britez', '{"lipstick_3":0,"complexion_1":0,"helmet_2":0,"chain_1":0,"lipstick_1":0,"bags_2":0,"torso_1":0,"hair_color_1":0,"eyebrows_4":0,"bodyb_1":0,"makeup_3":0,"lipstick_4":0,"moles_2":0,"mask_2":0,"blush_1":0,"beard_4":0,"bracelets_2":0,"hair_color_2":0,"sex":0,"beard_1":0,"age_2":0,"eyebrows_3":0,"shoes_2":0,"watches_2":0,"pants_1":0,"decals_2":0,"helmet_1":-1,"arms_2":0,"eye_color":0,"hair_2":0,"beard_3":0,"pants_2":0,"sun_1":0,"bodyb_2":0,"blush_3":0,"blemishes_1":0,"watches_1":-1,"chain_2":0,"bracelets_1":-1,"beard_2":0,"face":0,"blemishes_2":0,"sun_2":0,"glasses_2":0,"blush_2":0,"bproof_1":0,"torso_2":0,"makeup_2":0,"moles_1":0,"ears_2":0,"mask_1":0,"chest_2":0,"bproof_2":0,"hair_1":0,"complexion_2":0,"eyebrows_2":0,"eyebrows_1":0,"chest_3":0,"bags_1":0,"lipstick_2":0,"skin":0,"shoes_1":0,"tshirt_1":0,"makeup_4":0,"chest_1":0,"decals_1":0,"arms":0,"glasses_1":0,"age_1":0,"ears_1":-1,"tshirt_2":0,"makeup_1":0}', 'unemployed', 0, '[]', '{"y":-1275.8,"x":146.9,"z":28.7}', 200, 0, 'user', 0, 'Preacher', 'Lawson', '1999/04/20', 'm', '169', NULL, 0, NULL),
	('steam:1100001366d82fe', 'license:30d9c83df29acd5795a61cdbfa6f291e8620fa81', 0, 'tingzy0161', '{"lipstick_3":0,"face":0,"ears_2":0,"chain_1":0,"lipstick_1":0,"eyebrows_1":0,"torso_1":57,"hair_color_1":0,"eyebrows_4":0,"lipstick_2":0,"makeup_3":0,"lipstick_4":0,"moles_2":0,"mask_2":0,"blush_1":0,"beard_4":0,"bracelets_2":0,"hair_color_2":0,"moles_1":0,"beard_2":0,"age_2":0,"eyebrows_3":0,"shoes_2":0,"watches_2":0,"pants_1":55,"decals_2":0,"helmet_1":-1,"arms_2":0,"eye_color":0,"hair_2":0,"beard_3":0,"bracelets_1":0,"sun_1":0,"bodyb_2":0,"bodyb_1":0,"blush_3":0,"blemishes_1":0,"complexion_2":0,"pants_2":0,"skin":2,"complexion_1":0,"blemishes_2":0,"sun_2":0,"glasses_2":0,"blush_2":0,"helmet_2":0,"torso_2":0,"makeup_2":0,"arms":0,"chain_2":0,"bags_2":0,"chest_2":0,"bproof_2":0,"makeup_1":0,"eyebrows_2":0,"decals_1":0,"hair_1":1,"chest_3":0,"bags_1":0,"sex":0,"bproof_1":0,"shoes_1":7,"tshirt_1":0,"watches_1":0,"chest_1":0,"makeup_4":0,"mask_1":35,"beard_1":0,"age_1":0,"ears_1":-1,"tshirt_2":0,"glasses_1":0}', 'unemployed', 0, '[]', '{"y":-3169.5,"x":1094.6,"z":5.8}', 200, 0, 'user', 0, 'Damien', 'Marley', '6/2/98', 'm', '180', NULL, 0, NULL),
	('steam:1100001366d9112', 'license:7b90dc0df19aeeb4a120e8eeb374391609d509ce', 0, 'hackerdeluz', '{"lipstick_4":0,"complexion_2":0,"bags_2":0,"chain_1":0,"pants_2":0,"mask_1":0,"eyebrows_2":0,"decals_2":0,"shoes_2":0,"mask_2":0,"bracelets_1":-1,"helmet_2":0,"moles_2":0,"makeup_4":0,"watches_2":0,"sun_2":0,"bags_1":0,"bodyb_2":0,"arms":0,"lipstick_1":0,"blemishes_1":0,"glasses_1":0,"beard_2":0,"lipstick_2":0,"beard_3":0,"makeup_3":0,"blush_3":0,"torso_1":0,"beard_1":0,"ears_2":0,"helmet_1":-1,"hair_color_2":0,"beard_4":0,"chain_2":0,"chest_3":0,"lipstick_3":0,"bodyb_1":0,"blush_1":0,"moles_1":0,"sun_1":0,"face":0,"pants_1":0,"hair_1":0,"hair_2":0,"skin":0,"decals_1":0,"glasses_2":0,"age_1":0,"shoes_1":0,"chest_2":0,"bracelets_2":0,"complexion_1":0,"chest_1":0,"arms_2":0,"watches_1":-1,"sex":0,"blush_2":0,"torso_2":0,"tshirt_2":0,"eyebrows_3":0,"makeup_1":0,"eyebrows_1":0,"tshirt_1":0,"hair_color_1":0,"age_2":0,"eyebrows_4":0,"makeup_2":0,"eye_color":0,"ears_1":-1,"blemishes_2":0}', 'unemployed', 0, '[]', '{"z":46.5,"x":2336.3,"y":2535.4}', 0, 0, 'user', 0, '', '', '', '', '', NULL, 0, '614-6017'),
	('steam:110000136d86cde', 'license:49d6e8a07123ce41a61ead1ca61b172879e98abd', 950, 'Jack Frost', '{"lipstick_3":0,"face":4,"helmet_2":0,"chain_1":0,"lipstick_1":0,"bags_2":0,"torso_1":4,"eyebrows_2":0,"watches_1":-1,"lipstick_2":0,"makeup_3":0,"lipstick_4":0,"moles_2":0,"mask_2":0,"blush_1":0,"decals_1":0,"bracelets_2":0,"hair_color_2":0,"moles_1":0,"beard_2":0,"age_2":0,"glasses_1":0,"makeup_1":0,"watches_2":0,"pants_1":8,"decals_2":0,"sun_2":0,"arms_2":0,"eye_color":0,"hair_2":0,"beard_3":0,"bracelets_1":-1,"sun_1":0,"bodyb_2":0,"pants_2":0,"blush_3":0,"eyebrows_4":0,"ears_1":-1,"eyebrows_1":0,"bodyb_1":0,"mask_1":0,"blemishes_2":0,"shoes_2":0,"glasses_2":0,"blush_2":0,"complexion_1":0,"torso_2":0,"makeup_2":0,"ears_2":0,"complexion_2":0,"helmet_1":-1,"chest_2":0,"bproof_2":0,"age_1":0,"chain_2":0,"blemishes_1":0,"hair_color_1":0,"chest_3":0,"bags_1":0,"eyebrows_3":0,"makeup_4":0,"shoes_1":26,"tshirt_1":0,"sex":0,"chest_1":0,"bproof_1":0,"arms":0,"beard_4":0,"hair_1":0,"skin":0,"tshirt_2":0,"beard_1":0}', 'police', 1, '[{"name":"WEAPON_PISTOL","label":"Pistol","components":["clip_default"],"ammo":12},{"name":"WEAPON_CARBINERIFLE","label":"Carbine rifle","components":["clip_default"],"ammo":60}]', '{"y":6606.4,"x":191.8,"z":31.8}', 9000, 0, 'user', 0, 'Tyrone', 'Smith', '2000/10/04', 'm', '170', NULL, 0, NULL),
	('steam:110000136e96830', 'license:bf10d824104d54fd7cd85e6cc51fc20fabd22d7d', 0, 'galloomp1b', '{"lipstick_3":0,"complexion_1":0,"helmet_2":0,"chain_1":0,"lipstick_1":0,"bags_2":0,"torso_1":4,"hair_color_1":0,"eyebrows_4":0,"lipstick_2":0,"makeup_3":0,"lipstick_4":0,"moles_2":0,"mask_2":0,"blush_1":0,"beard_4":0,"bracelets_2":0,"hair_color_2":0,"sex":0,"beard_2":0,"age_2":0,"glasses_1":0,"shoes_2":1,"watches_2":0,"pants_1":4,"decals_2":0,"helmet_1":-1,"arms_2":0,"eye_color":0,"chain_2":0,"beard_3":0,"pants_2":0,"sun_1":0,"bodyb_2":0,"hair_2":0,"blush_3":0,"bracelets_1":-1,"ears_2":0,"arms":0,"face":0,"sun_2":0,"blemishes_2":0,"beard_1":0,"glasses_2":0,"blush_2":0,"eyebrows_3":0,"torso_2":0,"makeup_2":0,"makeup_4":0,"bproof_1":0,"hair_1":2,"chest_2":0,"bproof_2":0,"blemishes_1":0,"eyebrows_1":0,"eyebrows_2":0,"moles_1":0,"chest_3":0,"bags_1":0,"bodyb_1":0,"watches_1":-1,"shoes_1":4,"tshirt_1":0,"makeup_1":0,"chest_1":0,"ears_1":-1,"mask_1":0,"decals_1":0,"age_1":0,"skin":0,"tshirt_2":0,"complexion_2":0}', 'unemployed', 0, '[]', '{"y":-999.2,"x":396.6,"z":29.2}', 100, 0, 'user', 1, 'Mike', 'Junt', '1999/09/09', 'm', '180', NULL, 0, NULL),
	('steam:11000013726a6fe', 'license:eede2e7183d61cceb76174bf06723189262c3a70', 0, 'J4Y3', '{"lipstick_3":0,"complexion_1":0,"helmet_2":0,"chain_1":0,"lipstick_1":0,"eyebrows_1":0,"torso_1":0,"eyebrows_2":0,"eyebrows_4":0,"lipstick_2":0,"makeup_3":0,"lipstick_4":0,"moles_2":0,"mask_2":0,"blush_1":0,"decals_1":0,"bracelets_2":0,"hair_color_2":0,"moles_1":0,"beard_1":0,"age_2":0,"eyebrows_3":0,"makeup_1":0,"watches_2":0,"pants_1":0,"decals_2":0,"helmet_1":-1,"arms_2":0,"eye_color":0,"chain_2":0,"beard_3":0,"bracelets_1":-1,"sun_1":0,"bodyb_2":0,"beard_2":0,"blush_3":0,"hair_color_1":0,"face":10,"sex":0,"makeup_4":0,"ears_2":0,"blemishes_2":0,"shoes_2":0,"glasses_2":0,"blush_2":0,"blemishes_1":0,"torso_2":0,"makeup_2":0,"ears_1":-1,"glasses_1":0,"mask_1":0,"chest_2":0,"bproof_2":0,"hair_2":0,"complexion_2":0,"pants_2":0,"bodyb_1":0,"chest_3":0,"bags_1":0,"bproof_1":0,"beard_4":0,"shoes_1":0,"tshirt_1":0,"watches_1":-1,"chest_1":0,"age_1":0,"arms":0,"bags_2":0,"hair_1":11,"skin":0,"tshirt_2":0,"sun_2":0}', 'taxi', 0, '[]', '{"y":-799.6,"x":429.5,"z":29.5}', 875, 0, 'user', 0, 'John', 'Jay', '03/14/1996', 'm', '160', NULL, 0, NULL),
	('steam:11000013732c0c8', 'license:6ab43400a4f126a6eb52d868028d5737024f15fa', 0, 'david', '{"lipstick_3":0,"face":0,"ears_2":0,"chain_1":0,"lipstick_1":0,"complexion_2":0,"torso_1":0,"eyebrows_2":0,"watches_1":1,"bodyb_1":0,"makeup_3":0,"lipstick_4":0,"moles_2":0,"mask_2":0,"blush_1":0,"decals_1":0,"bracelets_2":0,"hair_color_2":0,"moles_1":0,"beard_2":0,"age_2":0,"eyebrows_3":0,"shoes_2":0,"watches_2":0,"pants_1":1,"decals_2":0,"helmet_1":-1,"arms_2":0,"eye_color":0,"hair_2":0,"beard_3":0,"pants_2":0,"sun_1":0,"bodyb_2":0,"sex":0,"blemishes_1":0,"age_1":0,"bproof_1":0,"beard_4":0,"chain_2":0,"beard_1":0,"blemishes_2":0,"complexion_1":0,"glasses_2":0,"blush_2":0,"sun_2":0,"torso_2":0,"makeup_2":0,"eyebrows_4":0,"makeup_4":0,"mask_1":0,"chest_2":0,"bproof_2":0,"skin":0,"glasses_1":0,"bags_2":0,"bracelets_1":-1,"chest_3":0,"bags_1":0,"hair_color_1":0,"helmet_2":0,"shoes_1":2,"tshirt_1":0,"blush_3":0,"chest_1":0,"eyebrows_1":0,"arms":0,"lipstick_2":0,"hair_1":4,"ears_1":-1,"tshirt_2":0,"makeup_1":0}', 'fisherman', 0, '[]', '{"y":-957.6,"x":-270.3,"z":31.2}', 1150, 0, 'user', 0, 'David', 'Walker', '12/18/1990', 'm', '180', NULL, 0, NULL),
	('steam:110000138c2c651', 'license:7b96b41c6c1fc1d85f2628b2e023b9c891b95b42', 0, 'maze99', '{"beard_3":0,"bproof_2":0,"eyebrows_4":0,"sex":0,"arms_2":0,"age_2":0,"lipstick_4":0,"eyebrows_3":0,"torso_1":0,"lipstick_1":0,"moles_2":0,"sun_1":0,"complexion_2":0,"lipstick_3":0,"decals_1":0,"eye_color":0,"arms":0,"chest_1":0,"beard_2":0,"moles_1":0,"makeup_4":0,"chain_1":0,"chain_2":0,"glasses_1":0,"bags_1":0,"bproof_1":0,"helmet_1":-1,"decals_2":0,"shoes_2":0,"blush_2":0,"hair_2":0,"lipstick_2":0,"makeup_3":0,"makeup_1":0,"ears_1":-1,"mask_1":0,"tshirt_2":0,"chest_2":0,"helmet_2":0,"bodyb_2":0,"makeup_2":0,"blemishes_1":0,"hair_1":2,"mask_2":0,"watches_2":0,"shoes_1":0,"beard_1":0,"bags_2":0,"bodyb_1":0,"bracelets_2":0,"eyebrows_2":0,"age_1":0,"skin":4,"hair_color_1":0,"eyebrows_1":0,"watches_1":-1,"ears_2":0,"tshirt_1":0,"pants_2":0,"blush_3":0,"complexion_1":0,"hair_color_2":0,"face":0,"sun_2":0,"torso_2":0,"bracelets_1":-1,"chest_3":0,"blush_1":0,"glasses_2":0,"beard_4":0,"blemishes_2":0,"pants_1":0}', 'unemployed', 0, '[]', '{"y":-2157.2,"x":-1255.8,"z":13.3}', 100, 0, 'user', 0, 'Frank', 'Castle', '1983/05/12', 'm', '200', NULL, 0, NULL),
	('steam:11000013b119c53', 'license:e9ab8ae62c2da229a46f5b9fb30e5283f446ee48', 0, 'Roleplayer', '{"lipstick_3":0,"face":9,"ears_2":0,"chain_1":0,"lipstick_1":0,"complexion_2":0,"torso_1":35,"eyebrows_2":0,"eyebrows_4":0,"bodyb_1":0,"makeup_3":0,"lipstick_4":0,"moles_2":0,"mask_2":0,"blush_1":0,"decals_1":0,"bracelets_2":0,"hair_color_2":0,"sex":0,"beard_1":0,"age_2":0,"eyebrows_3":0,"makeup_1":0,"watches_2":0,"pants_1":37,"decals_2":0,"sun_2":0,"arms_2":0,"eye_color":0,"chain_2":0,"beard_3":0,"bracelets_1":-1,"sun_1":0,"bodyb_2":0,"blush_3":0,"blemishes_1":0,"helmet_1":-1,"watches_1":-1,"bags_2":0,"beard_4":0,"beard_2":0,"blemishes_2":0,"mask_1":0,"makeup_4":0,"bproof_1":0,"hair_color_1":0,"torso_2":0,"makeup_2":0,"shoes_2":0,"hair_2":0,"eyebrows_1":0,"chest_2":0,"bproof_2":0,"pants_2":0,"lipstick_2":0,"helmet_2":0,"glasses_2":0,"chest_3":0,"bags_1":0,"blush_2":0,"hair_1":37,"shoes_1":3,"tshirt_1":0,"complexion_1":0,"chest_1":0,"ears_1":-1,"arms":0,"moles_1":0,"age_1":0,"skin":11,"tshirt_2":0,"glasses_1":0}', 'unemployed', 0, '[]', '{"y":-1012.5,"x":219.7,"z":28.9}', 400, 0, 'user', 0, 'Boon ', 'Bundy', '1000/05/29', 'm', '140', NULL, 0, NULL);
/*!40000 ALTER TABLE `users` ENABLE KEYS */;

-- Dumping structure for table essentialmode.user_accounts
CREATE TABLE IF NOT EXISTS `user_accounts` (
  `id` int(11) NOT NULL AUTO_INCREMENT,
  `identifier` varchar(22) COLLATE utf8mb4_bin NOT NULL,
  `name` varchar(50) COLLATE utf8mb4_bin NOT NULL,
  `money` double NOT NULL DEFAULT '0',
  PRIMARY KEY (`id`)
) ENGINE=InnoDB AUTO_INCREMENT=84 DEFAULT CHARSET=utf8mb4 COLLATE=utf8mb4_bin;

-- Dumping data for table essentialmode.user_accounts: ~83 rows (approximately)
/*!40000 ALTER TABLE `user_accounts` DISABLE KEYS */;
INSERT INTO `user_accounts` (`id`, `identifier`, `name`, `money`) VALUES
	(1, 'steam:11000010a44d3fb', 'black_money', 0),
	(2, 'steam:110000115986142', 'black_money', 1200),
	(3, 'steam:110000116557693', 'black_money', 0),
	(4, 'steam:11000010deddfd7', 'black_money', 0),
	(5, 'steam:11000011129537c', 'black_money', 0),
	(6, 'steam:1100001020d3eed', 'black_money', 0),
	(7, 'steam:11000010662e9c6', 'black_money', 0),
	(8, 'steam:11000010601b981', 'black_money', 0),
	(9, 'steam:110000102b061cf', 'black_money', 0),
	(10, 'steam:1100001123a2c90', 'black_money', 0),
	(11, 'steam:110000109c9813a', 'black_money', 0),
	(12, 'steam:1100001124879e8', 'black_money', 0),
	(13, 'steam:110000112e28479', 'black_money', 0),
	(14, 'steam:11000010770908b', 'black_money', 0),
	(15, 'steam:11000011a5ebd58', 'black_money', 0),
	(16, 'steam:1100001337ae8c9', 'black_money', 6630),
	(17, 'steam:110000136e96830', 'black_money', 0),
	(18, 'steam:11000010f459450', 'black_money', 0),
	(19, 'steam:11000013732c0c8', 'black_money', 0),
	(20, 'steam:1100001366d82fe', 'black_money', 0),
	(21, 'steam:11000010f685783', 'black_money', 0),
	(22, 'steam:1100001048bc9c5', 'black_money', 0),
	(23, 'steam:1100001060d204f', 'black_money', 0),
	(24, 'steam:110000111bf0044', 'black_money', 0),
	(25, 'steam:11000010a586332', 'black_money', 0),
	(26, 'steam:110000107cb08f9', 'black_money', 0),
	(27, 'steam:11000010538aa64', 'black_money', 0),
	(28, 'steam:11000011b56bae5', 'black_money', 0),
	(29, 'steam:11000011915c28b', 'black_money', 0),
	(30, 'steam:11000010e0f2322', 'black_money', 0),
	(31, 'steam:110000111c08cda', 'black_money', 0),
	(32, 'steam:1100001126d6569', 'black_money', 0),
	(33, 'steam:11000013726a6fe', 'black_money', 0),
	(34, 'steam:11000011aa170fd', 'black_money', 0),
	(35, 'steam:110000115e493c8', 'black_money', 0),
	(36, 'steam:11000011221b487', 'black_money', 0),
	(37, 'steam:1100001081f7334', 'black_money', 0),
	(38, 'steam:110000106929182', 'black_money', 0),
	(39, 'steam:11000010b560d5d', 'black_money', 0),
	(40, 'steam:110000136d86cde', 'black_money', 0),
	(41, 'steam:11000013b119c53', 'black_money', 0),
	(42, 'steam:1100001057027c6', 'black_money', 0),
	(43, 'steam:110000103e5543f', 'black_money', 0),
	(44, 'steam:11000010b8a1158', 'black_money', 0),
	(45, 'steam:1100001057e070e', 'black_money', 0),
	(46, 'steam:1100001066c265d', 'black_money', 0),
	(47, 'steam:110000105f9f2da', 'black_money', 0),
	(48, 'steam:110000117ace785', 'black_money', 0),
	(49, 'steam:110000100b83113', 'black_money', 0),
	(50, 'steam:11000011338901d', 'black_money', 0),
	(51, 'steam:11000010723c135', 'black_money', 0),
	(52, 'steam:110000107a24fa1', 'black_money', 0),
	(53, 'steam:110000136344c46', 'black_money', 0),
	(54, 'steam:11000010f0d0a35', 'black_money', 0),
	(55, 'steam:110000105128a8c', 'black_money', 0),
	(56, 'steam:11000010a3b2583', 'black_money', 0),
	(57, 'steam:110000105dc7164', 'black_money', 0),
	(58, 'steam:11000010a105523', 'black_money', 0),
	(59, 'steam:11000010ccf37ca', 'black_money', 0),
	(60, 'steam:11000010584aa40', 'black_money', 0),
	(61, 'steam:110000110e7f810', 'black_money', 0),
	(62, 'steam:11000010502c8dd', 'black_money', 0),
	(63, 'steam:11000010fc1fd64', 'black_money', 0),
	(64, 'steam:110000104cba75c', 'black_money', 0),
	(65, 'steam:110000131e418d6', 'black_money', 0),
	(66, 'steam:110000103cb67f0', 'black_money', 0),
	(67, 'steam:11000013319a446', 'black_money', 0),
	(68, 'steam:110000100d56d75', 'black_money', 0),
	(69, 'steam:110000138c2c651', 'black_money', 0),
	(70, 'steam:11000010edab357', 'black_money', 0),
	(71, 'steam:110000100020401', 'black_money', 0),
	(72, 'steam:110000101bf4db7', 'black_money', 0),
	(73, 'steam:11000010b2c0fc7', 'black_money', 0),
	(74, 'steam:1100001151b9041', 'black_money', 0),
	(75, 'steam:11000010c765b9e', 'black_money', 0),
	(76, 'steam:1100001073d9ce8', 'black_money', 0),
	(77, 'steam:11000010cb47682', 'black_money', 0),
	(78, 'steam:11000010659c823', 'black_money', 6120),
	(79, 'steam:1100001166c3189', 'black_money', 0),
	(80, 'steam:110000111998809', 'black_money', 0),
	(81, 'steam:1100001009e56e3', 'black_money', 0),
	(82, 'steam:110000116369cd9', 'black_money', 0),
	(83, 'steam:1100001366d9112', 'black_money', 0);
/*!40000 ALTER TABLE `user_accounts` ENABLE KEYS */;

-- Dumping structure for table essentialmode.user_inventory
CREATE TABLE IF NOT EXISTS `user_inventory` (
  `id` int(11) NOT NULL AUTO_INCREMENT,
  `identifier` varchar(22) COLLATE utf8mb4_bin NOT NULL,
  `item` varchar(50) COLLATE utf8mb4_bin NOT NULL,
  `count` int(11) NOT NULL,
  PRIMARY KEY (`id`)
) ENGINE=InnoDB AUTO_INCREMENT=3797 DEFAULT CHARSET=utf8mb4 COLLATE=utf8mb4_bin;

-- Dumping data for table essentialmode.user_inventory: ~3,796 rows (approximately)
/*!40000 ALTER TABLE `user_inventory` DISABLE KEYS */;
INSERT INTO `user_inventory` (`id`, `identifier`, `item`, `count`) VALUES
	(1, 'steam:11000010a44d3fb', 'meth', 302),
	(2, 'steam:11000010a44d3fb', 'medikit', 0),
	(3, 'steam:11000010a44d3fb', 'clothe', 0),
	(4, 'steam:11000010a44d3fb', 'fishbait', 0),
	(5, 'steam:11000010a44d3fb', 'weed_pooch', 0),
	(6, 'steam:11000010a44d3fb', 'fabric', 0),
	(7, 'steam:11000010a44d3fb', 'petrol_raffin', 0),
	(8, 'steam:11000010a44d3fb', 'coke_pooch', 0),
	(9, 'steam:11000010a44d3fb', 'gold', 0),
	(10, 'steam:11000010a44d3fb', 'fish', 0),
	(11, 'steam:11000010a44d3fb', 'packaged_chicken', 0),
	(12, 'steam:11000010a44d3fb', 'wool', 0),
	(13, 'steam:11000010a44d3fb', 'fixtool', 0),
	(14, 'steam:11000010a44d3fb', 'stone', 0),
	(15, 'steam:11000010a44d3fb', 'cutted_wood', 0),
	(16, 'steam:11000010a44d3fb', 'blowpipe', 0),
	(17, 'steam:11000010a44d3fb', 'alive_chicken', 0),
	(18, 'steam:11000010a44d3fb', 'bag', 0),
	(19, 'steam:11000010a44d3fb', 'turtlebait', 0),
	(20, 'steam:11000010a44d3fb', 'opium_pooch', 0),
	(21, 'steam:11000010a44d3fb', 'carokit', 0),
	(22, 'steam:11000010a44d3fb', 'wood', 0),
	(23, 'steam:11000010a44d3fb', 'weed', 0),
	(24, 'steam:11000010a44d3fb', 'gazbottle', 0),
	(25, 'steam:11000010a44d3fb', 'iron', 0),
	(26, 'steam:11000010a44d3fb', 'moneywashid', 0),
	(27, 'steam:11000010a44d3fb', 'carotool', 0),
	(28, 'steam:11000010a44d3fb', 'clip', 0),
	(29, 'steam:11000010a44d3fb', 'meth_pooch', 0),
	(30, 'steam:11000010a44d3fb', 'opium', 0),
	(31, 'steam:11000010a44d3fb', 'fixkit', 0),
	(32, 'steam:11000010a44d3fb', 'bandage', 0),
	(33, 'steam:11000010a44d3fb', 'coke', 0),
	(34, 'steam:11000010a44d3fb', 'essence', 0),
	(35, 'steam:11000010a44d3fb', 'packaged_plank', 0),
	(36, 'steam:11000010a44d3fb', 'turtle', 0),
	(37, 'steam:11000010a44d3fb', 'repairkit', 0),
	(38, 'steam:11000010a44d3fb', 'shark', 0),
	(39, 'steam:11000010a44d3fb', 'fishingrod', 0),
	(40, 'steam:11000010a44d3fb', 'washed_stone', 0),
	(41, 'steam:11000010a44d3fb', 'diamond', 0),
	(42, 'steam:11000010a44d3fb', 'slaughtered_chicken', 0),
	(43, 'steam:11000010a44d3fb', 'copper', 0),
	(44, 'steam:11000010a44d3fb', 'jewels', 0),
	(45, 'steam:11000010a44d3fb', 'petrol', 0),
	(46, 'steam:110000115986142', 'clothe', 0),
	(47, 'steam:110000115986142', 'medikit', 0),
	(48, 'steam:110000115986142', 'meth', 0),
	(49, 'steam:110000115986142', 'fishbait', 0),
	(50, 'steam:110000115986142', 'weed_pooch', 0),
	(51, 'steam:110000115986142', 'fabric', 0),
	(52, 'steam:110000115986142', 'gold', 0),
	(53, 'steam:110000115986142', 'petrol_raffin', 0),
	(54, 'steam:110000115986142', 'coke_pooch', 0),
	(55, 'steam:110000115986142', 'fish', 0),
	(56, 'steam:110000115986142', 'packaged_chicken', 0),
	(57, 'steam:110000115986142', 'wool', 0),
	(58, 'steam:110000115986142', 'cutted_wood', 0),
	(59, 'steam:110000115986142', 'fixtool', 0),
	(60, 'steam:110000115986142', 'blowpipe', 0),
	(61, 'steam:110000115986142', 'stone', 0),
	(62, 'steam:110000115986142', 'alive_chicken', 0),
	(63, 'steam:110000115986142', 'bag', 0),
	(64, 'steam:110000115986142', 'turtlebait', 0),
	(65, 'steam:110000115986142', 'carokit', 0),
	(66, 'steam:110000115986142', 'opium_pooch', 0),
	(67, 'steam:110000115986142', 'wood', 0),
	(68, 'steam:110000115986142', 'weed', 0),
	(69, 'steam:110000115986142', 'iron', 0),
	(70, 'steam:110000115986142', 'gazbottle', 0),
	(71, 'steam:110000115986142', 'moneywashid', 0),
	(72, 'steam:110000115986142', 'carotool', 0),
	(73, 'steam:110000115986142', 'clip', 0),
	(74, 'steam:110000115986142', 'meth_pooch', 0),
	(75, 'steam:110000115986142', 'opium', 0),
	(76, 'steam:110000115986142', 'bandage', 0),
	(77, 'steam:110000115986142', 'fixkit', 0),
	(78, 'steam:110000115986142', 'coke', 0),
	(79, 'steam:110000115986142', 'essence', 0),
	(80, 'steam:110000115986142', 'packaged_plank', 0),
	(81, 'steam:110000115986142', 'turtle', 0),
	(82, 'steam:110000115986142', 'repairkit', 0),
	(83, 'steam:110000115986142', 'shark', 0),
	(84, 'steam:110000115986142', 'fishingrod', 0),
	(85, 'steam:110000115986142', 'washed_stone', 0),
	(86, 'steam:110000115986142', 'diamond', 0),
	(87, 'steam:110000115986142', 'slaughtered_chicken', 0),
	(88, 'steam:110000115986142', 'copper', 0),
	(89, 'steam:110000115986142', 'jewels', 0),
	(90, 'steam:110000115986142', 'petrol', 0),
	(91, 'steam:110000116557693', 'meth', 0),
	(92, 'steam:110000116557693', 'medikit', 0),
	(93, 'steam:110000116557693', 'weed_pooch', 0),
	(94, 'steam:110000116557693', 'fishbait', 0),
	(95, 'steam:110000116557693', 'clothe', 0),
	(96, 'steam:110000116557693', 'fabric', 0),
	(97, 'steam:110000116557693', 'petrol_raffin', 0),
	(98, 'steam:110000116557693', 'gold', 0),
	(99, 'steam:110000116557693', 'coke_pooch', 0),
	(100, 'steam:110000116557693', 'fish', 0),
	(101, 'steam:110000116557693', 'packaged_chicken', 0),
	(102, 'steam:110000116557693', 'wool', 0),
	(103, 'steam:110000116557693', 'cutted_wood', 0),
	(104, 'steam:110000116557693', 'fixtool', 0),
	(105, 'steam:110000116557693', 'stone', 0),
	(106, 'steam:110000116557693', 'blowpipe', 0),
	(107, 'steam:110000116557693', 'alive_chicken', 0),
	(108, 'steam:110000116557693', 'bag', 0),
	(109, 'steam:110000116557693', 'turtlebait', 0),
	(110, 'steam:110000116557693', 'opium_pooch', 0),
	(111, 'steam:110000116557693', 'carokit', 0),
	(112, 'steam:110000116557693', 'wood', 0),
	(113, 'steam:110000116557693', 'weed', 0),
	(114, 'steam:110000116557693', 'iron', 0),
	(115, 'steam:110000116557693', 'gazbottle', 0),
	(116, 'steam:110000116557693', 'moneywashid', 0),
	(117, 'steam:110000116557693', 'carotool', 0),
	(118, 'steam:110000116557693', 'clip', 0),
	(119, 'steam:110000116557693', 'meth_pooch', 0),
	(120, 'steam:110000116557693', 'opium', 0),
	(121, 'steam:110000116557693', 'bandage', 0),
	(122, 'steam:110000116557693', 'fixkit', 0),
	(123, 'steam:110000116557693', 'coke', 0),
	(124, 'steam:110000116557693', 'essence', 0),
	(125, 'steam:110000116557693', 'packaged_plank', 0),
	(126, 'steam:110000116557693', 'turtle', 0),
	(127, 'steam:110000116557693', 'repairkit', 0),
	(128, 'steam:110000116557693', 'shark', 0),
	(129, 'steam:110000116557693', 'fishingrod', 0),
	(130, 'steam:110000116557693', 'washed_stone', 0),
	(131, 'steam:110000116557693', 'diamond', 0),
	(132, 'steam:110000116557693', 'slaughtered_chicken', 0),
	(133, 'steam:110000116557693', 'copper', 0),
	(134, 'steam:110000116557693', 'jewels', 0),
	(135, 'steam:110000116557693', 'petrol', 0),
	(136, 'steam:11000010deddfd7', 'meth', 0),
	(137, 'steam:11000010deddfd7', 'medikit', 0),
	(138, 'steam:11000010deddfd7', 'fishbait', 0),
	(139, 'steam:11000010deddfd7', 'weed_pooch', 10),
	(140, 'steam:11000010deddfd7', 'clothe', 0),
	(141, 'steam:11000010deddfd7', 'fabric', 0),
	(142, 'steam:11000010deddfd7', 'petrol_raffin', 0),
	(143, 'steam:11000010deddfd7', 'gold', 0),
	(144, 'steam:11000010deddfd7', 'fish', 0),
	(145, 'steam:11000010deddfd7', 'coke_pooch', 0),
	(146, 'steam:11000010deddfd7', 'packaged_chicken', 0),
	(147, 'steam:11000010deddfd7', 'wool', 0),
	(148, 'steam:11000010deddfd7', 'fixtool', 0),
	(149, 'steam:11000010deddfd7', 'cutted_wood', 0),
	(150, 'steam:11000010deddfd7', 'alive_chicken', 0),
	(151, 'steam:11000010deddfd7', 'bag', 0),
	(152, 'steam:11000010deddfd7', 'stone', 0),
	(153, 'steam:11000010deddfd7', 'blowpipe', 0),
	(154, 'steam:11000010deddfd7', 'turtlebait', 0),
	(155, 'steam:11000010deddfd7', 'opium_pooch', 0),
	(156, 'steam:11000010deddfd7', 'carokit', 0),
	(157, 'steam:11000010deddfd7', 'wood', 0),
	(158, 'steam:11000010deddfd7', 'weed', 0),
	(159, 'steam:11000010deddfd7', 'iron', 0),
	(160, 'steam:11000010deddfd7', 'gazbottle', 0),
	(161, 'steam:11000010deddfd7', 'moneywashid', 0),
	(162, 'steam:11000010deddfd7', 'carotool', 0),
	(163, 'steam:11000010deddfd7', 'meth_pooch', 0),
	(164, 'steam:11000010deddfd7', 'clip', 0),
	(165, 'steam:11000010deddfd7', 'opium', 0),
	(166, 'steam:11000010deddfd7', 'fixkit', 0),
	(167, 'steam:11000010deddfd7', 'bandage', 0),
	(168, 'steam:11000010deddfd7', 'coke', 0),
	(169, 'steam:11000010deddfd7', 'essence', 0),
	(170, 'steam:11000010deddfd7', 'packaged_plank', 0),
	(171, 'steam:11000010deddfd7', 'turtle', 0),
	(172, 'steam:11000010deddfd7', 'repairkit', 0),
	(173, 'steam:11000010deddfd7', 'shark', 0),
	(174, 'steam:11000010deddfd7', 'fishingrod', 0),
	(175, 'steam:11000010deddfd7', 'washed_stone', 0),
	(176, 'steam:11000010deddfd7', 'diamond', 0),
	(177, 'steam:11000010deddfd7', 'slaughtered_chicken', 0),
	(178, 'steam:11000010deddfd7', 'copper', 0),
	(179, 'steam:11000010deddfd7', 'jewels', 0),
	(180, 'steam:11000010deddfd7', 'petrol', 0),
	(181, 'steam:11000011129537c', 'clothe', 0),
	(182, 'steam:11000011129537c', 'fishbait', 0),
	(183, 'steam:11000011129537c', 'weed_pooch', 0),
	(184, 'steam:11000011129537c', 'meth', 0),
	(185, 'steam:11000011129537c', 'medikit', 0),
	(186, 'steam:11000011129537c', 'petrol_raffin', 0),
	(187, 'steam:11000011129537c', 'gold', 0),
	(188, 'steam:11000011129537c', 'fabric', 0),
	(189, 'steam:11000011129537c', 'coke_pooch', 0),
	(190, 'steam:11000011129537c', 'fish', 0),
	(191, 'steam:11000011129537c', 'packaged_chicken', 0),
	(192, 'steam:11000011129537c', 'wool', 0),
	(193, 'steam:11000011129537c', 'cutted_wood', 0),
	(194, 'steam:11000011129537c', 'fixtool', 0),
	(195, 'steam:11000011129537c', 'stone', 0),
	(196, 'steam:11000011129537c', 'blowpipe', 0),
	(197, 'steam:11000011129537c', 'alive_chicken', 0),
	(198, 'steam:11000011129537c', 'opium_pooch', 0),
	(199, 'steam:11000011129537c', 'carokit', 0),
	(200, 'steam:11000011129537c', 'bag', 0),
	(201, 'steam:11000011129537c', 'turtlebait', 0),
	(202, 'steam:11000011129537c', 'wood', 0),
	(203, 'steam:11000011129537c', 'iron', 0),
	(204, 'steam:11000011129537c', 'gazbottle', 0),
	(205, 'steam:11000011129537c', 'weed', 0),
	(206, 'steam:11000011129537c', 'moneywashid', 0),
	(207, 'steam:11000011129537c', 'carotool', 0),
	(208, 'steam:11000011129537c', 'clip', 0),
	(209, 'steam:11000011129537c', 'meth_pooch', 0),
	(210, 'steam:11000011129537c', 'opium', 0),
	(211, 'steam:11000011129537c', 'bandage', 0),
	(212, 'steam:11000011129537c', 'fixkit', 0),
	(213, 'steam:11000011129537c', 'coke', 0),
	(214, 'steam:11000011129537c', 'essence', 0),
	(215, 'steam:11000011129537c', 'packaged_plank', 0),
	(216, 'steam:11000011129537c', 'turtle', 0),
	(217, 'steam:11000011129537c', 'repairkit', 0),
	(218, 'steam:11000011129537c', 'shark', 0),
	(219, 'steam:11000011129537c', 'washed_stone', 0),
	(220, 'steam:11000011129537c', 'slaughtered_chicken', 0),
	(221, 'steam:11000011129537c', 'fishingrod', 0),
	(222, 'steam:11000011129537c', 'diamond', 0),
	(223, 'steam:11000011129537c', 'jewels', 0),
	(224, 'steam:11000011129537c', 'copper', 0),
	(225, 'steam:11000011129537c', 'petrol', 0),
	(226, 'steam:1100001020d3eed', 'meth', 0),
	(227, 'steam:1100001020d3eed', 'medikit', 0),
	(228, 'steam:1100001020d3eed', 'weed_pooch', 0),
	(229, 'steam:1100001020d3eed', 'fishbait', 0),
	(230, 'steam:1100001020d3eed', 'clothe', 0),
	(231, 'steam:1100001020d3eed', 'fabric', 0),
	(232, 'steam:1100001020d3eed', 'petrol_raffin', 0),
	(233, 'steam:1100001020d3eed', 'gold', 0),
	(234, 'steam:1100001020d3eed', 'coke_pooch', 0),
	(235, 'steam:1100001020d3eed', 'fish', 0),
	(236, 'steam:1100001020d3eed', 'packaged_chicken', 0),
	(237, 'steam:1100001020d3eed', 'wool', 0),
	(238, 'steam:1100001020d3eed', 'cutted_wood', 0),
	(239, 'steam:1100001020d3eed', 'fixtool', 0),
	(240, 'steam:1100001020d3eed', 'stone', 0),
	(241, 'steam:1100001020d3eed', 'blowpipe', 0),
	(242, 'steam:1100001020d3eed', 'alive_chicken', 0),
	(243, 'steam:1100001020d3eed', 'bag', 0),
	(244, 'steam:1100001020d3eed', 'turtlebait', 0),
	(245, 'steam:1100001020d3eed', 'opium_pooch', 0),
	(246, 'steam:1100001020d3eed', 'carokit', 0),
	(247, 'steam:1100001020d3eed', 'wood', 0),
	(248, 'steam:1100001020d3eed', 'weed', 0),
	(249, 'steam:1100001020d3eed', 'iron', 0),
	(250, 'steam:1100001020d3eed', 'gazbottle', 0),
	(251, 'steam:1100001020d3eed', 'moneywashid', 0),
	(252, 'steam:1100001020d3eed', 'carotool', 0),
	(253, 'steam:1100001020d3eed', 'clip', 0),
	(254, 'steam:1100001020d3eed', 'meth_pooch', 0),
	(255, 'steam:1100001020d3eed', 'opium', 0),
	(256, 'steam:1100001020d3eed', 'bandage', 0),
	(257, 'steam:1100001020d3eed', 'essence', 0),
	(258, 'steam:1100001020d3eed', 'fixkit', 0),
	(259, 'steam:1100001020d3eed', 'coke', 0),
	(260, 'steam:1100001020d3eed', 'packaged_plank', 0),
	(261, 'steam:1100001020d3eed', 'turtle', 0),
	(262, 'steam:1100001020d3eed', 'repairkit', 0),
	(263, 'steam:1100001020d3eed', 'shark', 0),
	(264, 'steam:1100001020d3eed', 'fishingrod', 0),
	(265, 'steam:1100001020d3eed', 'washed_stone', 0),
	(266, 'steam:1100001020d3eed', 'diamond', 0),
	(267, 'steam:1100001020d3eed', 'slaughtered_chicken', 0),
	(268, 'steam:1100001020d3eed', 'copper', 0),
	(269, 'steam:1100001020d3eed', 'jewels', 0),
	(270, 'steam:1100001020d3eed', 'petrol', 0),
	(271, 'steam:11000010662e9c6', 'meth', 0),
	(272, 'steam:11000010662e9c6', 'medikit', 0),
	(273, 'steam:11000010662e9c6', 'fishbait', 0),
	(274, 'steam:11000010662e9c6', 'weed_pooch', 0),
	(275, 'steam:11000010662e9c6', 'clothe', 0),
	(276, 'steam:11000010662e9c6', 'fabric', 0),
	(277, 'steam:11000010662e9c6', 'gold', 0),
	(278, 'steam:11000010662e9c6', 'coke_pooch', 0),
	(279, 'steam:11000010662e9c6', 'petrol_raffin', 0),
	(280, 'steam:11000010662e9c6', 'fish', 0),
	(281, 'steam:11000010662e9c6', 'packaged_chicken', 0),
	(282, 'steam:11000010662e9c6', 'wool', 0),
	(283, 'steam:11000010662e9c6', 'cutted_wood', 0),
	(284, 'steam:11000010662e9c6', 'fixtool', 0),
	(285, 'steam:11000010662e9c6', 'stone', 0),
	(286, 'steam:11000010662e9c6', 'blowpipe', 0),
	(287, 'steam:11000010662e9c6', 'alive_chicken', 0),
	(288, 'steam:11000010662e9c6', 'bag', 0),
	(289, 'steam:11000010662e9c6', 'turtlebait', 0),
	(290, 'steam:11000010662e9c6', 'opium_pooch', 0),
	(291, 'steam:11000010662e9c6', 'carokit', 0),
	(292, 'steam:11000010662e9c6', 'wood', 0),
	(293, 'steam:11000010662e9c6', 'weed', 0),
	(294, 'steam:11000010662e9c6', 'iron', 0),
	(295, 'steam:11000010662e9c6', 'gazbottle', 0),
	(296, 'steam:11000010662e9c6', 'moneywashid', 0),
	(297, 'steam:11000010662e9c6', 'carotool', 0),
	(298, 'steam:11000010662e9c6', 'clip', 0),
	(299, 'steam:11000010662e9c6', 'meth_pooch', 0),
	(300, 'steam:11000010662e9c6', 'opium', 0),
	(301, 'steam:11000010662e9c6', 'bandage', 0),
	(302, 'steam:11000010662e9c6', 'fixkit', 0),
	(303, 'steam:11000010662e9c6', 'coke', 0),
	(304, 'steam:11000010662e9c6', 'essence', 0),
	(305, 'steam:11000010662e9c6', 'packaged_plank', 0),
	(306, 'steam:11000010662e9c6', 'turtle', 0),
	(307, 'steam:11000010662e9c6', 'repairkit', 0),
	(308, 'steam:11000010662e9c6', 'shark', 0),
	(309, 'steam:11000010662e9c6', 'fishingrod', 0),
	(310, 'steam:11000010662e9c6', 'washed_stone', 0),
	(311, 'steam:11000010662e9c6', 'diamond', 0),
	(312, 'steam:11000010662e9c6', 'slaughtered_chicken', 0),
	(313, 'steam:11000010662e9c6', 'copper', 0),
	(314, 'steam:11000010662e9c6', 'jewels', 0),
	(315, 'steam:11000010662e9c6', 'petrol', 0),
	(316, 'steam:11000010601b981', 'meth', 71),
	(317, 'steam:11000010601b981', 'wool', 0),
	(318, 'steam:11000010601b981', 'blowpipe', 0),
	(319, 'steam:11000010601b981', 'cutted_wood', 0),
	(320, 'steam:11000010601b981', 'copper', 0),
	(321, 'steam:11000010601b981', 'moneywashid', 0),
	(322, 'steam:11000010601b981', 'carokit', 0),
	(323, 'steam:11000010601b981', 'meth_pooch', 0),
	(324, 'steam:11000010601b981', 'coke', 0),
	(325, 'steam:11000010601b981', 'opium_pooch', 0),
	(326, 'steam:11000010601b981', 'weed', 0),
	(327, 'steam:11000010601b981', 'fishingrod', 0),
	(328, 'steam:11000010601b981', 'fish', 0),
	(329, 'steam:11000010601b981', 'diamond', 0),
	(330, 'steam:11000010601b981', 'repairkit', 0),
	(331, 'steam:11000010601b981', 'coke_pooch', 0),
	(332, 'steam:11000010601b981', 'gold', 0),
	(333, 'steam:11000010601b981', 'fabric', 0),
	(334, 'steam:11000010601b981', 'packaged_plank', 0),
	(335, 'steam:11000010601b981', 'fixtool', 0),
	(336, 'steam:11000010601b981', 'turtlebait', 0),
	(337, 'steam:11000010601b981', 'clothe', 0),
	(338, 'steam:11000010601b981', 'alive_chicken', 0),
	(339, 'steam:11000010601b981', 'wood', 0),
	(340, 'steam:11000010601b981', 'weed_pooch', 0),
	(341, 'steam:11000010601b981', 'washed_stone', 0),
	(342, 'steam:11000010601b981', 'fishbait', 0),
	(343, 'steam:11000010601b981', 'opium', 0),
	(344, 'steam:11000010601b981', 'clip', 0),
	(345, 'steam:11000010601b981', 'petrol', 0),
	(346, 'steam:11000010601b981', 'medikit', 0),
	(347, 'steam:11000010601b981', 'slaughtered_chicken', 0),
	(348, 'steam:11000010601b981', 'jewels', 0),
	(349, 'steam:11000010601b981', 'bag', 0),
	(350, 'steam:11000010601b981', 'petrol_raffin', 0),
	(351, 'steam:11000010601b981', 'turtle', 0),
	(352, 'steam:11000010601b981', 'bandage', 0),
	(353, 'steam:11000010601b981', 'iron', 0),
	(354, 'steam:11000010601b981', 'gazbottle', 0),
	(355, 'steam:11000010601b981', 'packaged_chicken', 0),
	(356, 'steam:11000010601b981', 'essence', 0),
	(357, 'steam:11000010601b981', 'stone', 0),
	(358, 'steam:11000010601b981', 'fixkit', 0),
	(359, 'steam:11000010601b981', 'shark', 0),
	(360, 'steam:11000010601b981', 'carotool', 0),
	(361, 'steam:110000102b061cf', 'meth', 0),
	(362, 'steam:110000102b061cf', 'blowpipe', 0),
	(363, 'steam:110000102b061cf', 'wool', 0),
	(364, 'steam:110000102b061cf', 'cutted_wood', 0),
	(365, 'steam:110000102b061cf', 'copper', 0),
	(366, 'steam:110000102b061cf', 'moneywashid', 0),
	(367, 'steam:110000102b061cf', 'carokit', 0),
	(368, 'steam:110000102b061cf', 'meth_pooch', 0),
	(369, 'steam:110000102b061cf', 'coke', 0),
	(370, 'steam:110000102b061cf', 'opium_pooch', 0),
	(371, 'steam:110000102b061cf', 'weed', 0),
	(372, 'steam:110000102b061cf', 'fishingrod', 0),
	(373, 'steam:110000102b061cf', 'fish', 0),
	(374, 'steam:110000102b061cf', 'diamond', 0),
	(375, 'steam:110000102b061cf', 'repairkit', 0),
	(376, 'steam:110000102b061cf', 'coke_pooch', 0),
	(377, 'steam:110000102b061cf', 'gold', 0),
	(378, 'steam:110000102b061cf', 'fabric', 0),
	(379, 'steam:110000102b061cf', 'packaged_plank', 0),
	(380, 'steam:110000102b061cf', 'fixtool', 0),
	(381, 'steam:110000102b061cf', 'turtlebait', 0),
	(382, 'steam:110000102b061cf', 'clothe', 0),
	(383, 'steam:110000102b061cf', 'alive_chicken', 0),
	(384, 'steam:110000102b061cf', 'wood', 0),
	(385, 'steam:110000102b061cf', 'weed_pooch', 0),
	(386, 'steam:110000102b061cf', 'washed_stone', 0),
	(387, 'steam:110000102b061cf', 'fishbait', 0),
	(388, 'steam:110000102b061cf', 'opium', 0),
	(389, 'steam:110000102b061cf', 'clip', 0),
	(390, 'steam:110000102b061cf', 'petrol', 0),
	(391, 'steam:110000102b061cf', 'medikit', 0),
	(392, 'steam:110000102b061cf', 'slaughtered_chicken', 0),
	(393, 'steam:110000102b061cf', 'jewels', 0),
	(394, 'steam:110000102b061cf', 'bag', 0),
	(395, 'steam:110000102b061cf', 'petrol_raffin', 0),
	(396, 'steam:110000102b061cf', 'turtle', 0),
	(397, 'steam:110000102b061cf', 'bandage', 0),
	(398, 'steam:110000102b061cf', 'iron', 0),
	(399, 'steam:110000102b061cf', 'gazbottle', 0),
	(400, 'steam:110000102b061cf', 'packaged_chicken', 0),
	(401, 'steam:110000102b061cf', 'essence', 0),
	(402, 'steam:110000102b061cf', 'stone', 0),
	(403, 'steam:110000102b061cf', 'fixkit', 0),
	(404, 'steam:110000102b061cf', 'shark', 0),
	(405, 'steam:110000102b061cf', 'carotool', 0),
	(406, 'steam:1100001123a2c90', 'meth', 0),
	(407, 'steam:1100001123a2c90', 'wool', 0),
	(408, 'steam:1100001123a2c90', 'blowpipe', 0),
	(409, 'steam:1100001123a2c90', 'cutted_wood', 0),
	(410, 'steam:1100001123a2c90', 'copper', 0),
	(411, 'steam:1100001123a2c90', 'moneywashid', 0),
	(412, 'steam:1100001123a2c90', 'carokit', 0),
	(413, 'steam:1100001123a2c90', 'meth_pooch', 0),
	(414, 'steam:1100001123a2c90', 'coke', 0),
	(415, 'steam:1100001123a2c90', 'opium_pooch', 0),
	(416, 'steam:1100001123a2c90', 'weed', 0),
	(417, 'steam:1100001123a2c90', 'fishingrod', 0),
	(418, 'steam:1100001123a2c90', 'fish', 0),
	(419, 'steam:1100001123a2c90', 'diamond', 0),
	(420, 'steam:1100001123a2c90', 'repairkit', 0),
	(421, 'steam:1100001123a2c90', 'coke_pooch', 0),
	(422, 'steam:1100001123a2c90', 'gold', 0),
	(423, 'steam:1100001123a2c90', 'fabric', 0),
	(424, 'steam:1100001123a2c90', 'packaged_plank', 0),
	(425, 'steam:1100001123a2c90', 'fixtool', 0),
	(426, 'steam:1100001123a2c90', 'turtlebait', 0),
	(427, 'steam:1100001123a2c90', 'clothe', 0),
	(428, 'steam:1100001123a2c90', 'alive_chicken', 0),
	(429, 'steam:1100001123a2c90', 'wood', 0),
	(430, 'steam:1100001123a2c90', 'weed_pooch', 0),
	(431, 'steam:1100001123a2c90', 'washed_stone', 0),
	(432, 'steam:1100001123a2c90', 'fishbait', 0),
	(433, 'steam:1100001123a2c90', 'opium', 0),
	(434, 'steam:1100001123a2c90', 'clip', 0),
	(435, 'steam:1100001123a2c90', 'petrol', 0),
	(436, 'steam:1100001123a2c90', 'medikit', 0),
	(437, 'steam:1100001123a2c90', 'slaughtered_chicken', 0),
	(438, 'steam:1100001123a2c90', 'jewels', 0),
	(439, 'steam:1100001123a2c90', 'bag', 0),
	(440, 'steam:1100001123a2c90', 'petrol_raffin', 0),
	(441, 'steam:1100001123a2c90', 'turtle', 0),
	(442, 'steam:1100001123a2c90', 'bandage', 0),
	(443, 'steam:1100001123a2c90', 'iron', 0),
	(444, 'steam:1100001123a2c90', 'gazbottle', 0),
	(445, 'steam:1100001123a2c90', 'packaged_chicken', 0),
	(446, 'steam:1100001123a2c90', 'essence', 0),
	(447, 'steam:1100001123a2c90', 'stone', 0),
	(448, 'steam:1100001123a2c90', 'fixkit', 0),
	(449, 'steam:1100001123a2c90', 'shark', 0),
	(450, 'steam:1100001123a2c90', 'carotool', 0),
	(451, 'steam:110000109c9813a', 'meth', 0),
	(452, 'steam:110000109c9813a', 'wool', 0),
	(453, 'steam:110000109c9813a', 'blowpipe', 0),
	(454, 'steam:110000109c9813a', 'cutted_wood', 0),
	(455, 'steam:110000109c9813a', 'copper', 0),
	(456, 'steam:110000109c9813a', 'moneywashid', 0),
	(457, 'steam:110000109c9813a', 'carokit', 0),
	(458, 'steam:110000109c9813a', 'meth_pooch', 0),
	(459, 'steam:110000109c9813a', 'coke', 0),
	(460, 'steam:110000109c9813a', 'opium_pooch', 0),
	(461, 'steam:110000109c9813a', 'weed', 0),
	(462, 'steam:110000109c9813a', 'fishingrod', 0),
	(463, 'steam:110000109c9813a', 'fish', 0),
	(464, 'steam:110000109c9813a', 'diamond', 0),
	(465, 'steam:110000109c9813a', 'repairkit', 0),
	(466, 'steam:110000109c9813a', 'coke_pooch', 0),
	(467, 'steam:110000109c9813a', 'gold', 0),
	(468, 'steam:110000109c9813a', 'fabric', 0),
	(469, 'steam:110000109c9813a', 'packaged_plank', 0),
	(470, 'steam:110000109c9813a', 'fixtool', 0),
	(471, 'steam:110000109c9813a', 'turtlebait', 0),
	(472, 'steam:110000109c9813a', 'clothe', 0),
	(473, 'steam:110000109c9813a', 'alive_chicken', 0),
	(474, 'steam:110000109c9813a', 'wood', 0),
	(475, 'steam:110000109c9813a', 'weed_pooch', 0),
	(476, 'steam:110000109c9813a', 'washed_stone', 0),
	(477, 'steam:110000109c9813a', 'fishbait', 0),
	(478, 'steam:110000109c9813a', 'opium', 0),
	(479, 'steam:110000109c9813a', 'clip', 0),
	(480, 'steam:110000109c9813a', 'petrol', 0),
	(481, 'steam:110000109c9813a', 'medikit', 25),
	(482, 'steam:110000109c9813a', 'slaughtered_chicken', 0),
	(483, 'steam:110000109c9813a', 'jewels', 0),
	(484, 'steam:110000109c9813a', 'bag', 0),
	(485, 'steam:110000109c9813a', 'petrol_raffin', 0),
	(486, 'steam:110000109c9813a', 'turtle', 0),
	(487, 'steam:110000109c9813a', 'bandage', 20),
	(488, 'steam:110000109c9813a', 'iron', 0),
	(489, 'steam:110000109c9813a', 'gazbottle', 0),
	(490, 'steam:110000109c9813a', 'packaged_chicken', 0),
	(491, 'steam:110000109c9813a', 'essence', 0),
	(492, 'steam:110000109c9813a', 'stone', 0),
	(493, 'steam:110000109c9813a', 'fixkit', 0),
	(494, 'steam:110000109c9813a', 'shark', 0),
	(495, 'steam:110000109c9813a', 'carotool', 0),
	(496, 'steam:1100001124879e8', 'meth', 420),
	(497, 'steam:1100001124879e8', 'wool', 0),
	(498, 'steam:1100001124879e8', 'blowpipe', 0),
	(499, 'steam:1100001124879e8', 'cutted_wood', 0),
	(500, 'steam:1100001124879e8', 'copper', 0),
	(501, 'steam:1100001124879e8', 'moneywashid', 0),
	(502, 'steam:1100001124879e8', 'carokit', 0),
	(503, 'steam:1100001124879e8', 'meth_pooch', 2),
	(504, 'steam:1100001124879e8', 'coke', 0),
	(505, 'steam:1100001124879e8', 'opium_pooch', 0),
	(506, 'steam:1100001124879e8', 'weed', 0),
	(507, 'steam:1100001124879e8', 'fishingrod', 0),
	(508, 'steam:1100001124879e8', 'fish', 0),
	(509, 'steam:1100001124879e8', 'diamond', 0),
	(510, 'steam:1100001124879e8', 'repairkit', 0),
	(511, 'steam:1100001124879e8', 'coke_pooch', 0),
	(512, 'steam:1100001124879e8', 'gold', 0),
	(513, 'steam:1100001124879e8', 'fabric', 0),
	(514, 'steam:1100001124879e8', 'packaged_plank', 0),
	(515, 'steam:1100001124879e8', 'fixtool', 0),
	(516, 'steam:1100001124879e8', 'turtlebait', 0),
	(517, 'steam:1100001124879e8', 'clothe', 0),
	(518, 'steam:1100001124879e8', 'alive_chicken', 0),
	(519, 'steam:1100001124879e8', 'wood', 0),
	(520, 'steam:1100001124879e8', 'weed_pooch', 0),
	(521, 'steam:1100001124879e8', 'washed_stone', 0),
	(522, 'steam:1100001124879e8', 'fishbait', 0),
	(523, 'steam:1100001124879e8', 'clip', 0),
	(524, 'steam:1100001124879e8', 'opium', 0),
	(525, 'steam:1100001124879e8', 'petrol', 0),
	(526, 'steam:1100001124879e8', 'medikit', 0),
	(527, 'steam:1100001124879e8', 'slaughtered_chicken', 0),
	(528, 'steam:1100001124879e8', 'jewels', 0),
	(529, 'steam:1100001124879e8', 'bag', 0),
	(530, 'steam:1100001124879e8', 'petrol_raffin', 0),
	(531, 'steam:1100001124879e8', 'turtle', 0),
	(532, 'steam:1100001124879e8', 'bandage', 0),
	(533, 'steam:1100001124879e8', 'iron', 0),
	(534, 'steam:1100001124879e8', 'gazbottle', 0),
	(535, 'steam:1100001124879e8', 'packaged_chicken', 0),
	(536, 'steam:1100001124879e8', 'essence', 0),
	(537, 'steam:1100001124879e8', 'stone', 0),
	(538, 'steam:1100001124879e8', 'fixkit', 0),
	(539, 'steam:1100001124879e8', 'shark', 0),
	(540, 'steam:1100001124879e8', 'carotool', 0),
	(541, 'steam:110000112e28479', 'meth', 0),
	(542, 'steam:110000112e28479', 'blowpipe', 0),
	(543, 'steam:110000112e28479', 'cutted_wood', 0),
	(544, 'steam:110000112e28479', 'copper', 0),
	(545, 'steam:110000112e28479', 'wool', 0),
	(546, 'steam:110000112e28479', 'moneywashid', 0),
	(547, 'steam:110000112e28479', 'carokit', 0),
	(548, 'steam:110000112e28479', 'meth_pooch', 0),
	(549, 'steam:110000112e28479', 'coke', 67),
	(550, 'steam:110000112e28479', 'opium_pooch', 0),
	(551, 'steam:110000112e28479', 'weed', 0),
	(552, 'steam:110000112e28479', 'fishingrod', 0),
	(553, 'steam:110000112e28479', 'fish', 0),
	(554, 'steam:110000112e28479', 'diamond', 0),
	(555, 'steam:110000112e28479', 'repairkit', 0),
	(556, 'steam:110000112e28479', 'coke_pooch', 0),
	(557, 'steam:110000112e28479', 'gold', 0),
	(558, 'steam:110000112e28479', 'fabric', 0),
	(559, 'steam:110000112e28479', 'packaged_plank', 0),
	(560, 'steam:110000112e28479', 'fixtool', 0),
	(561, 'steam:110000112e28479', 'turtlebait', 0),
	(562, 'steam:110000112e28479', 'clothe', 0),
	(563, 'steam:110000112e28479', 'alive_chicken', 0),
	(564, 'steam:110000112e28479', 'wood', 0),
	(565, 'steam:110000112e28479', 'weed_pooch', 0),
	(566, 'steam:110000112e28479', 'washed_stone', 0),
	(567, 'steam:110000112e28479', 'fishbait', 0),
	(568, 'steam:110000112e28479', 'opium', 0),
	(569, 'steam:110000112e28479', 'clip', 0),
	(570, 'steam:110000112e28479', 'petrol', 0),
	(571, 'steam:110000112e28479', 'medikit', 0),
	(572, 'steam:110000112e28479', 'slaughtered_chicken', 0),
	(573, 'steam:110000112e28479', 'jewels', 0),
	(574, 'steam:110000112e28479', 'bag', 0),
	(575, 'steam:110000112e28479', 'petrol_raffin', 0),
	(576, 'steam:110000112e28479', 'turtle', 0),
	(577, 'steam:110000112e28479', 'bandage', 0),
	(578, 'steam:110000112e28479', 'iron', 0),
	(579, 'steam:110000112e28479', 'gazbottle', 0),
	(580, 'steam:110000112e28479', 'packaged_chicken', 0),
	(581, 'steam:110000112e28479', 'essence', 0),
	(582, 'steam:110000112e28479', 'stone', 0),
	(583, 'steam:110000112e28479', 'fixkit', 0),
	(584, 'steam:110000112e28479', 'shark', 0),
	(585, 'steam:110000112e28479', 'carotool', 0),
	(586, 'steam:11000010770908b', 'meth', 0),
	(587, 'steam:11000010770908b', 'wool', 0),
	(588, 'steam:11000010770908b', 'blowpipe', 0),
	(589, 'steam:11000010770908b', 'cutted_wood', 0),
	(590, 'steam:11000010770908b', 'copper', 0),
	(591, 'steam:11000010770908b', 'moneywashid', 0),
	(592, 'steam:11000010770908b', 'carokit', 0),
	(593, 'steam:11000010770908b', 'meth_pooch', 0),
	(594, 'steam:11000010770908b', 'coke', 0),
	(595, 'steam:11000010770908b', 'opium_pooch', 0),
	(596, 'steam:11000010770908b', 'weed', 0),
	(597, 'steam:11000010770908b', 'fishingrod', 0),
	(598, 'steam:11000010770908b', 'fish', 0),
	(599, 'steam:11000010770908b', 'diamond', 0),
	(600, 'steam:11000010770908b', 'repairkit', 0),
	(601, 'steam:11000010770908b', 'coke_pooch', 0),
	(602, 'steam:11000010770908b', 'fixtool', 0),
	(603, 'steam:11000010770908b', 'fabric', 0),
	(604, 'steam:11000010770908b', 'packaged_plank', 0),
	(605, 'steam:11000010770908b', 'gold', 0),
	(606, 'steam:11000010770908b', 'turtlebait', 0),
	(607, 'steam:11000010770908b', 'clothe', 0),
	(608, 'steam:11000010770908b', 'alive_chicken', 0),
	(609, 'steam:11000010770908b', 'wood', 0),
	(610, 'steam:11000010770908b', 'weed_pooch', 0),
	(611, 'steam:11000010770908b', 'washed_stone', 0),
	(612, 'steam:11000010770908b', 'fishbait', 0),
	(613, 'steam:11000010770908b', 'opium', 0),
	(614, 'steam:11000010770908b', 'clip', 0),
	(615, 'steam:11000010770908b', 'petrol', 0),
	(616, 'steam:11000010770908b', 'medikit', 0),
	(617, 'steam:11000010770908b', 'slaughtered_chicken', 0),
	(618, 'steam:11000010770908b', 'jewels', 0),
	(619, 'steam:11000010770908b', 'bag', 0),
	(620, 'steam:11000010770908b', 'petrol_raffin', 0),
	(621, 'steam:11000010770908b', 'turtle', 0),
	(622, 'steam:11000010770908b', 'bandage', 0),
	(623, 'steam:11000010770908b', 'iron', 0),
	(624, 'steam:11000010770908b', 'gazbottle', 0),
	(625, 'steam:11000010770908b', 'packaged_chicken', 0),
	(626, 'steam:11000010770908b', 'essence', 0),
	(627, 'steam:11000010770908b', 'stone', 0),
	(628, 'steam:11000010770908b', 'fixkit', 0),
	(629, 'steam:11000010770908b', 'shark', 0),
	(630, 'steam:11000010770908b', 'carotool', 0),
	(631, 'steam:11000011a5ebd58', 'meth', 0),
	(632, 'steam:11000011a5ebd58', 'wool', 0),
	(633, 'steam:11000011a5ebd58', 'blowpipe', 0),
	(634, 'steam:11000011a5ebd58', 'cutted_wood', 0),
	(635, 'steam:11000011a5ebd58', 'copper', 0),
	(636, 'steam:11000011a5ebd58', 'moneywashid', 0),
	(637, 'steam:11000011a5ebd58', 'carokit', 0),
	(638, 'steam:11000011a5ebd58', 'meth_pooch', 0),
	(639, 'steam:11000011a5ebd58', 'coke', 0),
	(640, 'steam:11000011a5ebd58', 'opium_pooch', 0),
	(641, 'steam:11000011a5ebd58', 'weed', 0),
	(642, 'steam:11000011a5ebd58', 'fishingrod', 0),
	(643, 'steam:11000011a5ebd58', 'fish', 0),
	(644, 'steam:11000011a5ebd58', 'diamond', 0),
	(645, 'steam:11000011a5ebd58', 'repairkit', 0),
	(646, 'steam:11000011a5ebd58', 'coke_pooch', 0),
	(647, 'steam:11000011a5ebd58', 'gold', 0),
	(648, 'steam:11000011a5ebd58', 'fabric', 0),
	(649, 'steam:11000011a5ebd58', 'packaged_plank', 0),
	(650, 'steam:11000011a5ebd58', 'fixtool', 0),
	(651, 'steam:11000011a5ebd58', 'turtlebait', 0),
	(652, 'steam:11000011a5ebd58', 'clothe', 0),
	(653, 'steam:11000011a5ebd58', 'alive_chicken', 0),
	(654, 'steam:11000011a5ebd58', 'wood', 0),
	(655, 'steam:11000011a5ebd58', 'weed_pooch', 0),
	(656, 'steam:11000011a5ebd58', 'washed_stone', 0),
	(657, 'steam:11000011a5ebd58', 'fishbait', 0),
	(658, 'steam:11000011a5ebd58', 'opium', 0),
	(659, 'steam:11000011a5ebd58', 'clip', 0),
	(660, 'steam:11000011a5ebd58', 'petrol', 0),
	(661, 'steam:11000011a5ebd58', 'medikit', 0),
	(662, 'steam:11000011a5ebd58', 'slaughtered_chicken', 0),
	(663, 'steam:11000011a5ebd58', 'jewels', 0),
	(664, 'steam:11000011a5ebd58', 'bag', 0),
	(665, 'steam:11000011a5ebd58', 'petrol_raffin', 0),
	(666, 'steam:11000011a5ebd58', 'turtle', 0),
	(667, 'steam:11000011a5ebd58', 'bandage', 0),
	(668, 'steam:11000011a5ebd58', 'iron', 0),
	(669, 'steam:11000011a5ebd58', 'gazbottle', 0),
	(670, 'steam:11000011a5ebd58', 'packaged_chicken', 0),
	(671, 'steam:11000011a5ebd58', 'essence', 0),
	(672, 'steam:11000011a5ebd58', 'stone', 0),
	(673, 'steam:11000011a5ebd58', 'fixkit', 0),
	(674, 'steam:11000011a5ebd58', 'shark', 0),
	(675, 'steam:11000011a5ebd58', 'carotool', 0),
	(676, 'steam:1100001337ae8c9', 'meth', 0),
	(677, 'steam:1100001337ae8c9', 'wool', 0),
	(678, 'steam:1100001337ae8c9', 'blowpipe', 0),
	(679, 'steam:1100001337ae8c9', 'cutted_wood', 0),
	(680, 'steam:1100001337ae8c9', 'copper', 0),
	(681, 'steam:1100001337ae8c9', 'moneywashid', 0),
	(682, 'steam:1100001337ae8c9', 'carokit', 0),
	(683, 'steam:1100001337ae8c9', 'meth_pooch', 0),
	(684, 'steam:1100001337ae8c9', 'coke', 0),
	(685, 'steam:1100001337ae8c9', 'opium_pooch', 0),
	(686, 'steam:1100001337ae8c9', 'weed', 61),
	(687, 'steam:1100001337ae8c9', 'fishingrod', 0),
	(688, 'steam:1100001337ae8c9', 'fish', 0),
	(689, 'steam:1100001337ae8c9', 'diamond', 0),
	(690, 'steam:1100001337ae8c9', 'repairkit', 0),
	(691, 'steam:1100001337ae8c9', 'coke_pooch', 0),
	(692, 'steam:1100001337ae8c9', 'gold', 0),
	(693, 'steam:1100001337ae8c9', 'fabric', 0),
	(694, 'steam:1100001337ae8c9', 'packaged_plank', 0),
	(695, 'steam:1100001337ae8c9', 'fixtool', 0),
	(696, 'steam:1100001337ae8c9', 'turtlebait', 0),
	(697, 'steam:1100001337ae8c9', 'clothe', 0),
	(698, 'steam:1100001337ae8c9', 'alive_chicken', 0),
	(699, 'steam:1100001337ae8c9', 'wood', 0),
	(700, 'steam:1100001337ae8c9', 'weed_pooch', 0),
	(701, 'steam:1100001337ae8c9', 'washed_stone', 0),
	(702, 'steam:1100001337ae8c9', 'fishbait', 0),
	(703, 'steam:1100001337ae8c9', 'opium', 0),
	(704, 'steam:1100001337ae8c9', 'clip', 0),
	(705, 'steam:1100001337ae8c9', 'petrol', 0),
	(706, 'steam:1100001337ae8c9', 'medikit', 0),
	(707, 'steam:1100001337ae8c9', 'slaughtered_chicken', 0),
	(708, 'steam:1100001337ae8c9', 'jewels', 0),
	(709, 'steam:1100001337ae8c9', 'bag', 0),
	(710, 'steam:1100001337ae8c9', 'petrol_raffin', 0),
	(711, 'steam:1100001337ae8c9', 'turtle', 0),
	(712, 'steam:1100001337ae8c9', 'bandage', 0),
	(713, 'steam:1100001337ae8c9', 'iron', 0),
	(714, 'steam:1100001337ae8c9', 'gazbottle', 0),
	(715, 'steam:1100001337ae8c9', 'packaged_chicken', 0),
	(716, 'steam:1100001337ae8c9', 'essence', 0),
	(717, 'steam:1100001337ae8c9', 'stone', 0),
	(718, 'steam:1100001337ae8c9', 'fixkit', 0),
	(719, 'steam:1100001337ae8c9', 'shark', 0),
	(720, 'steam:1100001337ae8c9', 'carotool', 0),
	(721, 'steam:110000136e96830', 'meth', 0),
	(722, 'steam:110000136e96830', 'wool', 0),
	(723, 'steam:110000136e96830', 'blowpipe', 0),
	(724, 'steam:110000136e96830', 'cutted_wood', 0),
	(725, 'steam:110000136e96830', 'copper', 0),
	(726, 'steam:110000136e96830', 'moneywashid', 0),
	(727, 'steam:110000136e96830', 'carokit', 0),
	(728, 'steam:110000136e96830', 'meth_pooch', 0),
	(729, 'steam:110000136e96830', 'coke', 0),
	(730, 'steam:110000136e96830', 'opium_pooch', 0),
	(731, 'steam:110000136e96830', 'weed', 0),
	(732, 'steam:110000136e96830', 'fishingrod', 0),
	(733, 'steam:110000136e96830', 'fish', 0),
	(734, 'steam:110000136e96830', 'diamond', 0),
	(735, 'steam:110000136e96830', 'repairkit', 0),
	(736, 'steam:110000136e96830', 'coke_pooch', 0),
	(737, 'steam:110000136e96830', 'gold', 0),
	(738, 'steam:110000136e96830', 'fabric', 0),
	(739, 'steam:110000136e96830', 'packaged_plank', 0),
	(740, 'steam:110000136e96830', 'fixtool', 0),
	(741, 'steam:110000136e96830', 'turtlebait', 0),
	(742, 'steam:110000136e96830', 'clothe', 0),
	(743, 'steam:110000136e96830', 'wood', 0),
	(744, 'steam:110000136e96830', 'alive_chicken', 0),
	(745, 'steam:110000136e96830', 'weed_pooch', 0),
	(746, 'steam:110000136e96830', 'washed_stone', 0),
	(747, 'steam:110000136e96830', 'fishbait', 0),
	(748, 'steam:110000136e96830', 'opium', 0),
	(749, 'steam:110000136e96830', 'clip', 0),
	(750, 'steam:110000136e96830', 'petrol', 0),
	(751, 'steam:110000136e96830', 'medikit', 0),
	(752, 'steam:110000136e96830', 'slaughtered_chicken', 0),
	(753, 'steam:110000136e96830', 'jewels', 0),
	(754, 'steam:110000136e96830', 'bag', 0),
	(755, 'steam:110000136e96830', 'petrol_raffin', 0),
	(756, 'steam:110000136e96830', 'turtle', 0),
	(757, 'steam:110000136e96830', 'bandage', 0),
	(758, 'steam:110000136e96830', 'gazbottle', 0),
	(759, 'steam:110000136e96830', 'packaged_chicken', 0),
	(760, 'steam:110000136e96830', 'iron', 0),
	(761, 'steam:110000136e96830', 'essence', 0),
	(762, 'steam:110000136e96830', 'stone', 0),
	(763, 'steam:110000136e96830', 'fixkit', 0),
	(764, 'steam:110000136e96830', 'carotool', 0),
	(765, 'steam:110000136e96830', 'shark', 0),
	(766, 'steam:11000010f459450', 'wool', 0),
	(767, 'steam:11000010f459450', 'blowpipe', 0),
	(768, 'steam:11000010f459450', 'meth', 0),
	(769, 'steam:11000010f459450', 'cutted_wood', 0),
	(770, 'steam:11000010f459450', 'copper', 0),
	(771, 'steam:11000010f459450', 'moneywashid', 0),
	(772, 'steam:11000010f459450', 'carokit', 0),
	(773, 'steam:11000010f459450', 'meth_pooch', 0),
	(774, 'steam:11000010f459450', 'coke', 0),
	(775, 'steam:11000010f459450', 'opium_pooch', 0),
	(776, 'steam:11000010f459450', 'weed', 0),
	(777, 'steam:11000010f459450', 'fishingrod', 0),
	(778, 'steam:11000010f459450', 'fish', 0),
	(779, 'steam:11000010f459450', 'repairkit', 0),
	(780, 'steam:11000010f459450', 'diamond', 0),
	(781, 'steam:11000010f459450', 'gold', 0),
	(782, 'steam:11000010f459450', 'coke_pooch', 0),
	(783, 'steam:11000010f459450', 'packaged_plank', 0),
	(784, 'steam:11000010f459450', 'fabric', 0),
	(785, 'steam:11000010f459450', 'fixtool', 0),
	(786, 'steam:11000010f459450', 'turtlebait', 0),
	(787, 'steam:11000010f459450', 'clothe', 0),
	(788, 'steam:11000010f459450', 'alive_chicken', 0),
	(789, 'steam:11000010f459450', 'wood', 0),
	(790, 'steam:11000010f459450', 'weed_pooch', 0),
	(791, 'steam:11000010f459450', 'washed_stone', 0),
	(792, 'steam:11000010f459450', 'fishbait', 0),
	(793, 'steam:11000010f459450', 'opium', 0),
	(794, 'steam:11000010f459450', 'clip', 0),
	(795, 'steam:11000010f459450', 'petrol', 0),
	(796, 'steam:11000010f459450', 'medikit', 0),
	(797, 'steam:11000010f459450', 'slaughtered_chicken', 0),
	(798, 'steam:11000010f459450', 'bag', 0),
	(799, 'steam:11000010f459450', 'petrol_raffin', 0),
	(800, 'steam:11000010f459450', 'jewels', 0),
	(801, 'steam:11000010f459450', 'bandage', 0),
	(802, 'steam:11000010f459450', 'turtle', 0),
	(803, 'steam:11000010f459450', 'iron', 0),
	(804, 'steam:11000010f459450', 'packaged_chicken', 0),
	(805, 'steam:11000010f459450', 'gazbottle', 0),
	(806, 'steam:11000010f459450', 'essence', 0),
	(807, 'steam:11000010f459450', 'stone', 0),
	(808, 'steam:11000010f459450', 'carotool', 0),
	(809, 'steam:11000010f459450', 'fixkit', 0),
	(810, 'steam:11000010f459450', 'shark', 0),
	(811, 'steam:11000013732c0c8', 'meth', 0),
	(812, 'steam:11000013732c0c8', 'wool', 0),
	(813, 'steam:11000013732c0c8', 'blowpipe', 0),
	(814, 'steam:11000013732c0c8', 'cutted_wood', 0),
	(815, 'steam:11000013732c0c8', 'copper', 0),
	(816, 'steam:11000013732c0c8', 'moneywashid', 0),
	(817, 'steam:11000013732c0c8', 'carokit', 0),
	(818, 'steam:11000013732c0c8', 'meth_pooch', 0),
	(819, 'steam:11000013732c0c8', 'coke', 0),
	(820, 'steam:11000013732c0c8', 'opium_pooch', 0),
	(821, 'steam:11000013732c0c8', 'weed', 0),
	(822, 'steam:11000013732c0c8', 'fishingrod', 0),
	(823, 'steam:11000013732c0c8', 'fish', 0),
	(824, 'steam:11000013732c0c8', 'diamond', 0),
	(825, 'steam:11000013732c0c8', 'repairkit', 0),
	(826, 'steam:11000013732c0c8', 'coke_pooch', 0),
	(827, 'steam:11000013732c0c8', 'gold', 0),
	(828, 'steam:11000013732c0c8', 'fabric', 0),
	(829, 'steam:11000013732c0c8', 'packaged_plank', 0),
	(830, 'steam:11000013732c0c8', 'fixtool', 0),
	(831, 'steam:11000013732c0c8', 'turtlebait', 0),
	(832, 'steam:11000013732c0c8', 'clothe', 0),
	(833, 'steam:11000013732c0c8', 'alive_chicken', 0),
	(834, 'steam:11000013732c0c8', 'wood', 0),
	(835, 'steam:11000013732c0c8', 'weed_pooch', 0),
	(836, 'steam:11000013732c0c8', 'washed_stone', 0),
	(837, 'steam:11000013732c0c8', 'fishbait', 0),
	(838, 'steam:11000013732c0c8', 'opium', 0),
	(839, 'steam:11000013732c0c8', 'clip', 0),
	(840, 'steam:11000013732c0c8', 'petrol', 0),
	(841, 'steam:11000013732c0c8', 'medikit', 0),
	(842, 'steam:11000013732c0c8', 'slaughtered_chicken', 0),
	(843, 'steam:11000013732c0c8', 'bag', 0),
	(844, 'steam:11000013732c0c8', 'jewels', 0),
	(845, 'steam:11000013732c0c8', 'petrol_raffin', 0),
	(846, 'steam:11000013732c0c8', 'turtle', 0),
	(847, 'steam:11000013732c0c8', 'bandage', 0),
	(848, 'steam:11000013732c0c8', 'iron', 0),
	(849, 'steam:11000013732c0c8', 'gazbottle', 0),
	(850, 'steam:11000013732c0c8', 'packaged_chicken', 0),
	(851, 'steam:11000013732c0c8', 'essence', 0),
	(852, 'steam:11000013732c0c8', 'stone', 0),
	(853, 'steam:11000013732c0c8', 'fixkit', 0),
	(854, 'steam:11000013732c0c8', 'shark', 0),
	(855, 'steam:11000013732c0c8', 'carotool', 0),
	(856, 'steam:1100001366d82fe', 'meth', 0),
	(857, 'steam:1100001366d82fe', 'wool', 0),
	(858, 'steam:1100001366d82fe', 'blowpipe', 0),
	(859, 'steam:1100001366d82fe', 'cutted_wood', 0),
	(860, 'steam:1100001366d82fe', 'copper', 0),
	(861, 'steam:1100001366d82fe', 'moneywashid', 0),
	(862, 'steam:1100001366d82fe', 'carokit', 0),
	(863, 'steam:1100001366d82fe', 'meth_pooch', 0),
	(864, 'steam:1100001366d82fe', 'coke', 0),
	(865, 'steam:1100001366d82fe', 'opium_pooch', 0),
	(866, 'steam:1100001366d82fe', 'weed', 0),
	(867, 'steam:1100001366d82fe', 'fishingrod', 0),
	(868, 'steam:1100001366d82fe', 'diamond', 0),
	(869, 'steam:1100001366d82fe', 'repairkit', 0),
	(870, 'steam:1100001366d82fe', 'fish', 0),
	(871, 'steam:1100001366d82fe', 'gold', 0),
	(872, 'steam:1100001366d82fe', 'fabric', 0),
	(873, 'steam:1100001366d82fe', 'packaged_plank', 0),
	(874, 'steam:1100001366d82fe', 'coke_pooch', 0),
	(875, 'steam:1100001366d82fe', 'fixtool', 0),
	(876, 'steam:1100001366d82fe', 'turtlebait', 0),
	(877, 'steam:1100001366d82fe', 'clothe', 0),
	(878, 'steam:1100001366d82fe', 'alive_chicken', 0),
	(879, 'steam:1100001366d82fe', 'wood', 0),
	(880, 'steam:1100001366d82fe', 'weed_pooch', 0),
	(881, 'steam:1100001366d82fe', 'washed_stone', 0),
	(882, 'steam:1100001366d82fe', 'fishbait', 0),
	(883, 'steam:1100001366d82fe', 'opium', 0),
	(884, 'steam:1100001366d82fe', 'clip', 0),
	(885, 'steam:1100001366d82fe', 'petrol', 0),
	(886, 'steam:1100001366d82fe', 'medikit', 0),
	(887, 'steam:1100001366d82fe', 'slaughtered_chicken', 0),
	(888, 'steam:1100001366d82fe', 'jewels', 0),
	(889, 'steam:1100001366d82fe', 'bag', 0),
	(890, 'steam:1100001366d82fe', 'petrol_raffin', 0),
	(891, 'steam:1100001366d82fe', 'turtle', 0),
	(892, 'steam:1100001366d82fe', 'bandage', 0),
	(893, 'steam:1100001366d82fe', 'iron', 0),
	(894, 'steam:1100001366d82fe', 'gazbottle', 0),
	(895, 'steam:1100001366d82fe', 'packaged_chicken', 0),
	(896, 'steam:1100001366d82fe', 'essence', 0),
	(897, 'steam:1100001366d82fe', 'stone', 0),
	(898, 'steam:1100001366d82fe', 'fixkit', 0),
	(899, 'steam:1100001366d82fe', 'shark', 0),
	(900, 'steam:1100001366d82fe', 'carotool', 0),
	(901, 'steam:11000010f685783', 'meth', 0),
	(902, 'steam:11000010f685783', 'wool', 0),
	(903, 'steam:11000010f685783', 'cutted_wood', 0),
	(904, 'steam:11000010f685783', 'copper', 0),
	(905, 'steam:11000010f685783', 'blowpipe', 0),
	(906, 'steam:11000010f685783', 'moneywashid', 0),
	(907, 'steam:11000010f685783', 'carokit', 0),
	(908, 'steam:11000010f685783', 'meth_pooch', 0),
	(909, 'steam:11000010f685783', 'coke', 0),
	(910, 'steam:11000010f685783', 'opium_pooch', 0),
	(911, 'steam:11000010f685783', 'weed', 0),
	(912, 'steam:11000010f685783', 'fishingrod', 0),
	(913, 'steam:11000010f685783', 'fish', 0),
	(914, 'steam:11000010f685783', 'diamond', 0),
	(915, 'steam:11000010f685783', 'repairkit', 0),
	(916, 'steam:11000010f685783', 'coke_pooch', 0),
	(917, 'steam:11000010f685783', 'gold', 0),
	(918, 'steam:11000010f685783', 'fabric', 0),
	(919, 'steam:11000010f685783', 'packaged_plank', 0),
	(920, 'steam:11000010f685783', 'fixtool', 0),
	(921, 'steam:11000010f685783', 'turtlebait', 0),
	(922, 'steam:11000010f685783', 'clothe', 0),
	(923, 'steam:11000010f685783', 'alive_chicken', 0),
	(924, 'steam:11000010f685783', 'wood', 0),
	(925, 'steam:11000010f685783', 'weed_pooch', 0),
	(926, 'steam:11000010f685783', 'washed_stone', 0),
	(927, 'steam:11000010f685783', 'fishbait', 0),
	(928, 'steam:11000010f685783', 'opium', 0),
	(929, 'steam:11000010f685783', 'clip', 0),
	(930, 'steam:11000010f685783', 'petrol', 0),
	(931, 'steam:11000010f685783', 'medikit', 0),
	(932, 'steam:11000010f685783', 'slaughtered_chicken', 0),
	(933, 'steam:11000010f685783', 'jewels', 0),
	(934, 'steam:11000010f685783', 'bag', 0),
	(935, 'steam:11000010f685783', 'petrol_raffin', 0),
	(936, 'steam:11000010f685783', 'turtle', 0),
	(937, 'steam:11000010f685783', 'bandage', 0),
	(938, 'steam:11000010f685783', 'iron', 0),
	(939, 'steam:11000010f685783', 'gazbottle', 0),
	(940, 'steam:11000010f685783', 'packaged_chicken', 0),
	(941, 'steam:11000010f685783', 'essence', 0),
	(942, 'steam:11000010f685783', 'stone', 0),
	(943, 'steam:11000010f685783', 'fixkit', 0),
	(944, 'steam:11000010f685783', 'shark', 0),
	(945, 'steam:11000010f685783', 'carotool', 0),
	(946, 'steam:1100001048bc9c5', 'meth', 0),
	(947, 'steam:1100001048bc9c5', 'wool', 0),
	(948, 'steam:1100001048bc9c5', 'blowpipe', 0),
	(949, 'steam:1100001048bc9c5', 'cutted_wood', 0),
	(950, 'steam:1100001048bc9c5', 'copper', 0),
	(951, 'steam:1100001048bc9c5', 'moneywashid', 0),
	(952, 'steam:1100001048bc9c5', 'carokit', 0),
	(953, 'steam:1100001048bc9c5', 'meth_pooch', 0),
	(954, 'steam:1100001048bc9c5', 'coke', 0),
	(955, 'steam:1100001048bc9c5', 'opium_pooch', 0),
	(956, 'steam:1100001048bc9c5', 'fishingrod', 0),
	(957, 'steam:1100001048bc9c5', 'weed', 0),
	(958, 'steam:1100001048bc9c5', 'fish', 100),
	(959, 'steam:1100001048bc9c5', 'diamond', 0),
	(960, 'steam:1100001048bc9c5', 'repairkit', 0),
	(961, 'steam:1100001048bc9c5', 'coke_pooch', 0),
	(962, 'steam:1100001048bc9c5', 'gold', 0),
	(963, 'steam:1100001048bc9c5', 'fabric', 0),
	(964, 'steam:1100001048bc9c5', 'packaged_plank', 0),
	(965, 'steam:1100001048bc9c5', 'fixtool', 0),
	(966, 'steam:1100001048bc9c5', 'turtlebait', 0),
	(967, 'steam:1100001048bc9c5', 'clothe', 0),
	(968, 'steam:1100001048bc9c5', 'alive_chicken', 0),
	(969, 'steam:1100001048bc9c5', 'wood', 0),
	(970, 'steam:1100001048bc9c5', 'weed_pooch', 0),
	(971, 'steam:1100001048bc9c5', 'washed_stone', 0),
	(972, 'steam:1100001048bc9c5', 'fishbait', 0),
	(973, 'steam:1100001048bc9c5', 'opium', 0),
	(974, 'steam:1100001048bc9c5', 'clip', 0),
	(975, 'steam:1100001048bc9c5', 'petrol', 0),
	(976, 'steam:1100001048bc9c5', 'medikit', 0),
	(977, 'steam:1100001048bc9c5', 'slaughtered_chicken', 0),
	(978, 'steam:1100001048bc9c5', 'jewels', 0),
	(979, 'steam:1100001048bc9c5', 'bag', 0),
	(980, 'steam:1100001048bc9c5', 'petrol_raffin', 0),
	(981, 'steam:1100001048bc9c5', 'turtle', 0),
	(982, 'steam:1100001048bc9c5', 'bandage', 0),
	(983, 'steam:1100001048bc9c5', 'iron', 0),
	(984, 'steam:1100001048bc9c5', 'gazbottle', 0),
	(985, 'steam:1100001048bc9c5', 'packaged_chicken', 0),
	(986, 'steam:1100001048bc9c5', 'essence', 0),
	(987, 'steam:1100001048bc9c5', 'stone', 0),
	(988, 'steam:1100001048bc9c5', 'fixkit', 0),
	(989, 'steam:1100001048bc9c5', 'shark', 0),
	(990, 'steam:1100001048bc9c5', 'carotool', 0),
	(991, 'steam:1100001060d204f', 'meth', 0),
	(992, 'steam:1100001060d204f', 'wool', 0),
	(993, 'steam:1100001060d204f', 'blowpipe', 0),
	(994, 'steam:1100001060d204f', 'cutted_wood', 0),
	(995, 'steam:1100001060d204f', 'copper', 0),
	(996, 'steam:1100001060d204f', 'moneywashid', 0),
	(997, 'steam:1100001060d204f', 'carokit', 0),
	(998, 'steam:1100001060d204f', 'meth_pooch', 0),
	(999, 'steam:1100001060d204f', 'coke', 0),
	(1000, 'steam:1100001060d204f', 'opium_pooch', 0),
	(1001, 'steam:1100001060d204f', 'weed', 0),
	(1002, 'steam:1100001060d204f', 'diamond', 0),
	(1003, 'steam:1100001060d204f', 'repairkit', 0),
	(1004, 'steam:1100001060d204f', 'fishingrod', 0),
	(1005, 'steam:1100001060d204f', 'fish', 0),
	(1006, 'steam:1100001060d204f', 'coke_pooch', 0),
	(1007, 'steam:1100001060d204f', 'gold', 0),
	(1008, 'steam:1100001060d204f', 'fabric', 0),
	(1009, 'steam:1100001060d204f', 'packaged_plank', 0),
	(1010, 'steam:1100001060d204f', 'fixtool', 0),
	(1011, 'steam:1100001060d204f', 'turtlebait', 0),
	(1012, 'steam:1100001060d204f', 'clothe', 0),
	(1013, 'steam:1100001060d204f', 'alive_chicken', 0),
	(1014, 'steam:1100001060d204f', 'wood', 0),
	(1015, 'steam:1100001060d204f', 'weed_pooch', 0),
	(1016, 'steam:1100001060d204f', 'washed_stone', 0),
	(1017, 'steam:1100001060d204f', 'fishbait', 0),
	(1018, 'steam:1100001060d204f', 'opium', 0),
	(1019, 'steam:1100001060d204f', 'clip', 0),
	(1020, 'steam:1100001060d204f', 'petrol', 0),
	(1021, 'steam:1100001060d204f', 'medikit', 0),
	(1022, 'steam:1100001060d204f', 'slaughtered_chicken', 0),
	(1023, 'steam:1100001060d204f', 'jewels', 0),
	(1024, 'steam:1100001060d204f', 'bag', 0),
	(1025, 'steam:1100001060d204f', 'petrol_raffin', 0),
	(1026, 'steam:1100001060d204f', 'turtle', 0),
	(1027, 'steam:1100001060d204f', 'bandage', 0),
	(1028, 'steam:1100001060d204f', 'iron', 0),
	(1029, 'steam:1100001060d204f', 'gazbottle', 0),
	(1030, 'steam:1100001060d204f', 'packaged_chicken', 0),
	(1031, 'steam:1100001060d204f', 'essence', 0),
	(1032, 'steam:1100001060d204f', 'stone', 0),
	(1033, 'steam:1100001060d204f', 'fixkit', 0),
	(1034, 'steam:1100001060d204f', 'shark', 0),
	(1035, 'steam:1100001060d204f', 'carotool', 0),
	(1036, 'steam:110000111bf0044', 'meth', 0),
	(1037, 'steam:110000111bf0044', 'wool', 0),
	(1038, 'steam:110000111bf0044', 'blowpipe', 0),
	(1039, 'steam:110000111bf0044', 'cutted_wood', 0),
	(1040, 'steam:110000111bf0044', 'copper', 0),
	(1041, 'steam:110000111bf0044', 'moneywashid', 0),
	(1042, 'steam:110000111bf0044', 'carokit', 0),
	(1043, 'steam:110000111bf0044', 'meth_pooch', 0),
	(1044, 'steam:110000111bf0044', 'coke', 0),
	(1045, 'steam:110000111bf0044', 'opium_pooch', 0),
	(1046, 'steam:110000111bf0044', 'weed', 0),
	(1047, 'steam:110000111bf0044', 'fishingrod', 0),
	(1048, 'steam:110000111bf0044', 'fish', 0),
	(1049, 'steam:110000111bf0044', 'diamond', 0),
	(1050, 'steam:110000111bf0044', 'repairkit', 0),
	(1051, 'steam:110000111bf0044', 'coke_pooch', 0),
	(1052, 'steam:110000111bf0044', 'gold', 0),
	(1053, 'steam:110000111bf0044', 'fabric', 0),
	(1054, 'steam:110000111bf0044', 'packaged_plank', 0),
	(1055, 'steam:110000111bf0044', 'fixtool', 0),
	(1056, 'steam:110000111bf0044', 'turtlebait', 0),
	(1057, 'steam:110000111bf0044', 'clothe', 0),
	(1058, 'steam:110000111bf0044', 'alive_chicken', 0),
	(1059, 'steam:110000111bf0044', 'wood', 0),
	(1060, 'steam:110000111bf0044', 'weed_pooch', 0),
	(1061, 'steam:110000111bf0044', 'washed_stone', 0),
	(1062, 'steam:110000111bf0044', 'fishbait', 0),
	(1063, 'steam:110000111bf0044', 'opium', 0),
	(1064, 'steam:110000111bf0044', 'clip', 0),
	(1065, 'steam:110000111bf0044', 'petrol', 0),
	(1066, 'steam:110000111bf0044', 'medikit', 0),
	(1067, 'steam:110000111bf0044', 'slaughtered_chicken', 0),
	(1068, 'steam:110000111bf0044', 'jewels', 0),
	(1069, 'steam:110000111bf0044', 'bag', 0),
	(1070, 'steam:110000111bf0044', 'petrol_raffin', 0),
	(1071, 'steam:110000111bf0044', 'turtle', 0),
	(1072, 'steam:110000111bf0044', 'bandage', 0),
	(1073, 'steam:110000111bf0044', 'iron', 0),
	(1074, 'steam:110000111bf0044', 'gazbottle', 0),
	(1075, 'steam:110000111bf0044', 'packaged_chicken', 0),
	(1076, 'steam:110000111bf0044', 'essence', 0),
	(1077, 'steam:110000111bf0044', 'fixkit', 0),
	(1078, 'steam:110000111bf0044', 'stone', 0),
	(1079, 'steam:110000111bf0044', 'shark', 0),
	(1080, 'steam:110000111bf0044', 'carotool', 0),
	(1081, 'steam:11000010a586332', 'meth', 0),
	(1082, 'steam:11000010a586332', 'wool', 0),
	(1083, 'steam:11000010a586332', 'blowpipe', 0),
	(1084, 'steam:11000010a586332', 'cutted_wood', 0),
	(1085, 'steam:11000010a586332', 'copper', 0),
	(1086, 'steam:11000010a586332', 'moneywashid', 0),
	(1087, 'steam:11000010a586332', 'carokit', 0),
	(1088, 'steam:11000010a586332', 'meth_pooch', 0),
	(1089, 'steam:11000010a586332', 'coke', 0),
	(1090, 'steam:11000010a586332', 'opium_pooch', 0),
	(1091, 'steam:11000010a586332', 'weed', 0),
	(1092, 'steam:11000010a586332', 'fishingrod', 0),
	(1093, 'steam:11000010a586332', 'fish', 0),
	(1094, 'steam:11000010a586332', 'diamond', 0),
	(1095, 'steam:11000010a586332', 'repairkit', 0),
	(1096, 'steam:11000010a586332', 'coke_pooch', 0),
	(1097, 'steam:11000010a586332', 'gold', 0),
	(1098, 'steam:11000010a586332', 'fabric', 0),
	(1099, 'steam:11000010a586332', 'packaged_plank', 0),
	(1100, 'steam:11000010a586332', 'fixtool', 0),
	(1101, 'steam:11000010a586332', 'turtlebait', 0),
	(1102, 'steam:11000010a586332', 'clothe', 0),
	(1103, 'steam:11000010a586332', 'alive_chicken', 0),
	(1104, 'steam:11000010a586332', 'wood', 0),
	(1105, 'steam:11000010a586332', 'weed_pooch', 0),
	(1106, 'steam:11000010a586332', 'washed_stone', 0),
	(1107, 'steam:11000010a586332', 'fishbait', 0),
	(1108, 'steam:11000010a586332', 'opium', 0),
	(1109, 'steam:11000010a586332', 'clip', 0),
	(1110, 'steam:11000010a586332', 'petrol', 0),
	(1111, 'steam:11000010a586332', 'medikit', 0),
	(1112, 'steam:11000010a586332', 'slaughtered_chicken', 0),
	(1113, 'steam:11000010a586332', 'jewels', 0),
	(1114, 'steam:11000010a586332', 'bag', 0),
	(1115, 'steam:11000010a586332', 'petrol_raffin', 0),
	(1116, 'steam:11000010a586332', 'turtle', 0),
	(1117, 'steam:11000010a586332', 'bandage', 0),
	(1118, 'steam:11000010a586332', 'iron', 0),
	(1119, 'steam:11000010a586332', 'gazbottle', 0),
	(1120, 'steam:11000010a586332', 'packaged_chicken', 0),
	(1121, 'steam:11000010a586332', 'essence', 0),
	(1122, 'steam:11000010a586332', 'stone', 0),
	(1123, 'steam:11000010a586332', 'fixkit', 0),
	(1124, 'steam:11000010a586332', 'shark', 0),
	(1125, 'steam:11000010a586332', 'carotool', 0),
	(1126, 'steam:110000107cb08f9', 'meth', 0),
	(1127, 'steam:110000107cb08f9', 'wool', 0),
	(1128, 'steam:110000107cb08f9', 'blowpipe', 0),
	(1129, 'steam:110000107cb08f9', 'cutted_wood', 0),
	(1130, 'steam:110000107cb08f9', 'copper', 0),
	(1131, 'steam:110000107cb08f9', 'moneywashid', 0),
	(1132, 'steam:110000107cb08f9', 'carokit', 0),
	(1133, 'steam:110000107cb08f9', 'meth_pooch', 0),
	(1134, 'steam:110000107cb08f9', 'coke', 0),
	(1135, 'steam:110000107cb08f9', 'opium_pooch', 0),
	(1136, 'steam:110000107cb08f9', 'weed', 0),
	(1137, 'steam:110000107cb08f9', 'fishingrod', 0),
	(1138, 'steam:110000107cb08f9', 'fish', 0),
	(1139, 'steam:110000107cb08f9', 'diamond', 0),
	(1140, 'steam:110000107cb08f9', 'repairkit', 0),
	(1141, 'steam:110000107cb08f9', 'coke_pooch', 0),
	(1142, 'steam:110000107cb08f9', 'gold', 0),
	(1143, 'steam:110000107cb08f9', 'fabric', 0),
	(1144, 'steam:110000107cb08f9', 'packaged_plank', 0),
	(1145, 'steam:110000107cb08f9', 'fixtool', 0),
	(1146, 'steam:110000107cb08f9', 'turtlebait', 0),
	(1147, 'steam:110000107cb08f9', 'clothe', 0),
	(1148, 'steam:110000107cb08f9', 'alive_chicken', 0),
	(1149, 'steam:110000107cb08f9', 'wood', 0),
	(1150, 'steam:110000107cb08f9', 'weed_pooch', 0),
	(1151, 'steam:110000107cb08f9', 'washed_stone', 0),
	(1152, 'steam:110000107cb08f9', 'fishbait', 0),
	(1153, 'steam:110000107cb08f9', 'opium', 0),
	(1154, 'steam:110000107cb08f9', 'clip', 0),
	(1155, 'steam:110000107cb08f9', 'petrol', 0),
	(1156, 'steam:110000107cb08f9', 'medikit', 0),
	(1157, 'steam:110000107cb08f9', 'slaughtered_chicken', 0),
	(1158, 'steam:110000107cb08f9', 'jewels', 0),
	(1159, 'steam:110000107cb08f9', 'bag', 0),
	(1160, 'steam:110000107cb08f9', 'petrol_raffin', 0),
	(1161, 'steam:110000107cb08f9', 'turtle', 0),
	(1162, 'steam:110000107cb08f9', 'bandage', 0),
	(1163, 'steam:110000107cb08f9', 'iron', 0),
	(1164, 'steam:110000107cb08f9', 'gazbottle', 0),
	(1165, 'steam:110000107cb08f9', 'packaged_chicken', 0),
	(1166, 'steam:110000107cb08f9', 'essence', 0),
	(1167, 'steam:110000107cb08f9', 'stone', 0),
	(1168, 'steam:110000107cb08f9', 'fixkit', 0),
	(1169, 'steam:110000107cb08f9', 'shark', 0),
	(1170, 'steam:110000107cb08f9', 'carotool', 0),
	(1171, 'steam:11000010538aa64', 'meth', 0),
	(1172, 'steam:11000010538aa64', 'wool', 0),
	(1173, 'steam:11000010538aa64', 'blowpipe', 0),
	(1174, 'steam:11000010538aa64', 'cutted_wood', 0),
	(1175, 'steam:11000010538aa64', 'copper', 0),
	(1176, 'steam:11000010538aa64', 'moneywashid', 0),
	(1177, 'steam:11000010538aa64', 'carokit', 0),
	(1178, 'steam:11000010538aa64', 'meth_pooch', 0),
	(1179, 'steam:11000010538aa64', 'coke', 0),
	(1180, 'steam:11000010538aa64', 'opium_pooch', 0),
	(1181, 'steam:11000010538aa64', 'weed', 0),
	(1182, 'steam:11000010538aa64', 'fishingrod', 0),
	(1183, 'steam:11000010538aa64', 'fish', 0),
	(1184, 'steam:11000010538aa64', 'diamond', 0),
	(1185, 'steam:11000010538aa64', 'repairkit', 0),
	(1186, 'steam:11000010538aa64', 'coke_pooch', 0),
	(1187, 'steam:11000010538aa64', 'gold', 0),
	(1188, 'steam:11000010538aa64', 'fabric', 0),
	(1189, 'steam:11000010538aa64', 'packaged_plank', 0),
	(1190, 'steam:11000010538aa64', 'fixtool', 0),
	(1191, 'steam:11000010538aa64', 'clothe', 0),
	(1192, 'steam:11000010538aa64', 'alive_chicken', 0),
	(1193, 'steam:11000010538aa64', 'turtlebait', 0),
	(1194, 'steam:11000010538aa64', 'weed_pooch', 0),
	(1195, 'steam:11000010538aa64', 'wood', 0),
	(1196, 'steam:11000010538aa64', 'washed_stone', 0),
	(1197, 'steam:11000010538aa64', 'fishbait', 0),
	(1198, 'steam:11000010538aa64', 'opium', 0),
	(1199, 'steam:11000010538aa64', 'clip', 0),
	(1200, 'steam:11000010538aa64', 'petrol', 0),
	(1201, 'steam:11000010538aa64', 'medikit', 0),
	(1202, 'steam:11000010538aa64', 'slaughtered_chicken', 0),
	(1203, 'steam:11000010538aa64', 'jewels', 0),
	(1204, 'steam:11000010538aa64', 'bag', 0),
	(1205, 'steam:11000010538aa64', 'petrol_raffin', 0),
	(1206, 'steam:11000010538aa64', 'turtle', 0),
	(1207, 'steam:11000010538aa64', 'iron', 0),
	(1208, 'steam:11000010538aa64', 'bandage', 0),
	(1209, 'steam:11000010538aa64', 'gazbottle', 0),
	(1210, 'steam:11000010538aa64', 'packaged_chicken', 0),
	(1211, 'steam:11000010538aa64', 'essence', 0),
	(1212, 'steam:11000010538aa64', 'stone', 0),
	(1213, 'steam:11000010538aa64', 'fixkit', 0),
	(1214, 'steam:11000010538aa64', 'shark', 0),
	(1215, 'steam:11000010538aa64', 'carotool', 0),
	(1216, 'steam:11000011b56bae5', 'meth', 0),
	(1217, 'steam:11000011b56bae5', 'wool', 0),
	(1218, 'steam:11000011b56bae5', 'blowpipe', 0),
	(1219, 'steam:11000011b56bae5', 'cutted_wood', 0),
	(1220, 'steam:11000011b56bae5', 'copper', 0),
	(1221, 'steam:11000011b56bae5', 'moneywashid', 0),
	(1222, 'steam:11000011b56bae5', 'carokit', 0),
	(1223, 'steam:11000011b56bae5', 'meth_pooch', 0),
	(1224, 'steam:11000011b56bae5', 'coke', 0),
	(1225, 'steam:11000011b56bae5', 'opium_pooch', 0),
	(1226, 'steam:11000011b56bae5', 'weed', 0),
	(1227, 'steam:11000011b56bae5', 'fishingrod', 0),
	(1228, 'steam:11000011b56bae5', 'fish', 0),
	(1229, 'steam:11000011b56bae5', 'diamond', 0),
	(1230, 'steam:11000011b56bae5', 'repairkit', 0),
	(1231, 'steam:11000011b56bae5', 'coke_pooch', 0),
	(1232, 'steam:11000011b56bae5', 'gold', 0),
	(1233, 'steam:11000011b56bae5', 'fabric', 0),
	(1234, 'steam:11000011b56bae5', 'packaged_plank', 0),
	(1235, 'steam:11000011b56bae5', 'fixtool', 0),
	(1236, 'steam:11000011b56bae5', 'turtlebait', 0),
	(1237, 'steam:11000011b56bae5', 'clothe', 0),
	(1238, 'steam:11000011b56bae5', 'alive_chicken', 0),
	(1239, 'steam:11000011b56bae5', 'wood', 0),
	(1240, 'steam:11000011b56bae5', 'weed_pooch', 0),
	(1241, 'steam:11000011b56bae5', 'washed_stone', 0),
	(1242, 'steam:11000011b56bae5', 'fishbait', 0),
	(1243, 'steam:11000011b56bae5', 'opium', 0),
	(1244, 'steam:11000011b56bae5', 'petrol', 0),
	(1245, 'steam:11000011b56bae5', 'clip', 0),
	(1246, 'steam:11000011b56bae5', 'medikit', 0),
	(1247, 'steam:11000011b56bae5', 'slaughtered_chicken', 0),
	(1248, 'steam:11000011b56bae5', 'jewels', 0),
	(1249, 'steam:11000011b56bae5', 'bag', 0),
	(1250, 'steam:11000011b56bae5', 'petrol_raffin', 0),
	(1251, 'steam:11000011b56bae5', 'turtle', 0),
	(1252, 'steam:11000011b56bae5', 'bandage', 0),
	(1253, 'steam:11000011b56bae5', 'iron', 0),
	(1254, 'steam:11000011b56bae5', 'gazbottle', 0),
	(1255, 'steam:11000011b56bae5', 'packaged_chicken', 0),
	(1256, 'steam:11000011b56bae5', 'essence', 0),
	(1257, 'steam:11000011b56bae5', 'stone', 0),
	(1258, 'steam:11000011b56bae5', 'fixkit', 0),
	(1259, 'steam:11000011b56bae5', 'shark', 0),
	(1260, 'steam:11000011b56bae5', 'carotool', 0),
	(1261, 'steam:11000011915c28b', 'meth', 0),
	(1262, 'steam:11000011915c28b', 'wool', 0),
	(1263, 'steam:11000011915c28b', 'blowpipe', 0),
	(1264, 'steam:11000011915c28b', 'cutted_wood', 0),
	(1265, 'steam:11000011915c28b', 'copper', 0),
	(1266, 'steam:11000011915c28b', 'moneywashid', 0),
	(1267, 'steam:11000011915c28b', 'carokit', 0),
	(1268, 'steam:11000011915c28b', 'meth_pooch', 0),
	(1269, 'steam:11000011915c28b', 'coke', 0),
	(1270, 'steam:11000011915c28b', 'opium_pooch', 0),
	(1271, 'steam:11000011915c28b', 'weed', 0),
	(1272, 'steam:11000011915c28b', 'fishingrod', 0),
	(1273, 'steam:11000011915c28b', 'fish', 0),
	(1274, 'steam:11000011915c28b', 'diamond', 0),
	(1275, 'steam:11000011915c28b', 'repairkit', 0),
	(1276, 'steam:11000011915c28b', 'coke_pooch', 0),
	(1277, 'steam:11000011915c28b', 'gold', 0),
	(1278, 'steam:11000011915c28b', 'fabric', 0),
	(1279, 'steam:11000011915c28b', 'packaged_plank', 0),
	(1280, 'steam:11000011915c28b', 'fixtool', 0),
	(1281, 'steam:11000011915c28b', 'turtlebait', 0),
	(1282, 'steam:11000011915c28b', 'clothe', 0),
	(1283, 'steam:11000011915c28b', 'alive_chicken', 0),
	(1284, 'steam:11000011915c28b', 'wood', 0),
	(1285, 'steam:11000011915c28b', 'weed_pooch', 0),
	(1286, 'steam:11000011915c28b', 'washed_stone', 0),
	(1287, 'steam:11000011915c28b', 'fishbait', 0),
	(1288, 'steam:11000011915c28b', 'opium', 0),
	(1289, 'steam:11000011915c28b', 'clip', 0),
	(1290, 'steam:11000011915c28b', 'petrol', 0),
	(1291, 'steam:11000011915c28b', 'medikit', 0),
	(1292, 'steam:11000011915c28b', 'slaughtered_chicken', 0),
	(1293, 'steam:11000011915c28b', 'jewels', 0),
	(1294, 'steam:11000011915c28b', 'bag', 0),
	(1295, 'steam:11000011915c28b', 'petrol_raffin', 0),
	(1296, 'steam:11000011915c28b', 'turtle', 0),
	(1297, 'steam:11000011915c28b', 'bandage', 0),
	(1298, 'steam:11000011915c28b', 'iron', 0),
	(1299, 'steam:11000011915c28b', 'gazbottle', 0),
	(1300, 'steam:11000011915c28b', 'packaged_chicken', 0),
	(1301, 'steam:11000011915c28b', 'essence', 0),
	(1302, 'steam:11000011915c28b', 'stone', 0),
	(1303, 'steam:11000011915c28b', 'fixkit', 0),
	(1304, 'steam:11000011915c28b', 'shark', 0),
	(1305, 'steam:11000011915c28b', 'carotool', 0),
	(1306, 'steam:11000010e0f2322', 'meth', 0),
	(1307, 'steam:11000010e0f2322', 'wool', 0),
	(1308, 'steam:11000010e0f2322', 'blowpipe', 0),
	(1309, 'steam:11000010e0f2322', 'cutted_wood', 0),
	(1310, 'steam:11000010e0f2322', 'copper', 0),
	(1311, 'steam:11000010e0f2322', 'moneywashid', 0),
	(1312, 'steam:11000010e0f2322', 'carokit', 0),
	(1313, 'steam:11000010e0f2322', 'meth_pooch', 0),
	(1314, 'steam:11000010e0f2322', 'coke', 0),
	(1315, 'steam:11000010e0f2322', 'opium_pooch', 0),
	(1316, 'steam:11000010e0f2322', 'weed', 0),
	(1317, 'steam:11000010e0f2322', 'fishingrod', 0),
	(1318, 'steam:11000010e0f2322', 'fish', 0),
	(1319, 'steam:11000010e0f2322', 'diamond', 0),
	(1320, 'steam:11000010e0f2322', 'repairkit', 0),
	(1321, 'steam:11000010e0f2322', 'coke_pooch', 0),
	(1322, 'steam:11000010e0f2322', 'gold', 0),
	(1323, 'steam:11000010e0f2322', 'fabric', 0),
	(1324, 'steam:11000010e0f2322', 'packaged_plank', 0),
	(1325, 'steam:11000010e0f2322', 'fixtool', 0),
	(1326, 'steam:11000010e0f2322', 'turtlebait', 0),
	(1327, 'steam:11000010e0f2322', 'clothe', 0),
	(1328, 'steam:11000010e0f2322', 'alive_chicken', 0),
	(1329, 'steam:11000010e0f2322', 'wood', 0),
	(1330, 'steam:11000010e0f2322', 'weed_pooch', 0),
	(1331, 'steam:11000010e0f2322', 'washed_stone', 0),
	(1332, 'steam:11000010e0f2322', 'fishbait', 0),
	(1333, 'steam:11000010e0f2322', 'opium', 0),
	(1334, 'steam:11000010e0f2322', 'clip', 0),
	(1335, 'steam:11000010e0f2322', 'petrol', 0),
	(1336, 'steam:11000010e0f2322', 'medikit', 0),
	(1337, 'steam:11000010e0f2322', 'slaughtered_chicken', 0),
	(1338, 'steam:11000010e0f2322', 'jewels', 0),
	(1339, 'steam:11000010e0f2322', 'bag', 0),
	(1340, 'steam:11000010e0f2322', 'petrol_raffin', 0),
	(1341, 'steam:11000010e0f2322', 'turtle', 0),
	(1342, 'steam:11000010e0f2322', 'bandage', 0),
	(1343, 'steam:11000010e0f2322', 'iron', 0),
	(1344, 'steam:11000010e0f2322', 'gazbottle', 0),
	(1345, 'steam:11000010e0f2322', 'packaged_chicken', 0),
	(1346, 'steam:11000010e0f2322', 'essence', 0),
	(1347, 'steam:11000010e0f2322', 'stone', 0),
	(1348, 'steam:11000010e0f2322', 'fixkit', 0),
	(1349, 'steam:11000010e0f2322', 'shark', 0),
	(1350, 'steam:11000010e0f2322', 'carotool', 0),
	(1351, 'steam:110000111c08cda', 'meth', 0),
	(1352, 'steam:110000111c08cda', 'wool', 0),
	(1353, 'steam:110000111c08cda', 'blowpipe', 0),
	(1354, 'steam:110000111c08cda', 'cutted_wood', 0),
	(1355, 'steam:110000111c08cda', 'copper', 0),
	(1356, 'steam:110000111c08cda', 'moneywashid', 0),
	(1357, 'steam:110000111c08cda', 'carokit', 0),
	(1358, 'steam:110000111c08cda', 'meth_pooch', 0),
	(1359, 'steam:110000111c08cda', 'coke', 0),
	(1360, 'steam:110000111c08cda', 'opium_pooch', 0),
	(1361, 'steam:110000111c08cda', 'weed', 0),
	(1362, 'steam:110000111c08cda', 'fish', 0),
	(1363, 'steam:110000111c08cda', 'fishingrod', 0),
	(1364, 'steam:110000111c08cda', 'diamond', 0),
	(1365, 'steam:110000111c08cda', 'repairkit', 0),
	(1366, 'steam:110000111c08cda', 'coke_pooch', 0),
	(1367, 'steam:110000111c08cda', 'gold', 0),
	(1368, 'steam:110000111c08cda', 'fabric', 0),
	(1369, 'steam:110000111c08cda', 'packaged_plank', 0),
	(1370, 'steam:110000111c08cda', 'fixtool', 0),
	(1371, 'steam:110000111c08cda', 'turtlebait', 0),
	(1372, 'steam:110000111c08cda', 'clothe', 0),
	(1373, 'steam:110000111c08cda', 'alive_chicken', 0),
	(1374, 'steam:110000111c08cda', 'wood', 0),
	(1375, 'steam:110000111c08cda', 'weed_pooch', 0),
	(1376, 'steam:110000111c08cda', 'washed_stone', 0),
	(1377, 'steam:110000111c08cda', 'fishbait', 0),
	(1378, 'steam:110000111c08cda', 'opium', 0),
	(1379, 'steam:110000111c08cda', 'clip', 0),
	(1380, 'steam:110000111c08cda', 'petrol', 0),
	(1381, 'steam:110000111c08cda', 'medikit', 0),
	(1382, 'steam:110000111c08cda', 'slaughtered_chicken', 0),
	(1383, 'steam:110000111c08cda', 'jewels', 0),
	(1384, 'steam:110000111c08cda', 'bag', 0),
	(1385, 'steam:110000111c08cda', 'petrol_raffin', 0),
	(1386, 'steam:110000111c08cda', 'turtle', 0),
	(1387, 'steam:110000111c08cda', 'bandage', 0),
	(1388, 'steam:110000111c08cda', 'iron', 0),
	(1389, 'steam:110000111c08cda', 'gazbottle', 0),
	(1390, 'steam:110000111c08cda', 'packaged_chicken', 0),
	(1391, 'steam:110000111c08cda', 'essence', 0),
	(1392, 'steam:110000111c08cda', 'stone', 0),
	(1393, 'steam:110000111c08cda', 'fixkit', 0),
	(1394, 'steam:110000111c08cda', 'shark', 0),
	(1395, 'steam:110000111c08cda', 'carotool', 0),
	(1396, 'steam:1100001126d6569', 'meth', 0),
	(1397, 'steam:1100001126d6569', 'blowpipe', 0),
	(1398, 'steam:1100001126d6569', 'wool', 0),
	(1399, 'steam:1100001126d6569', 'cutted_wood', 0),
	(1400, 'steam:1100001126d6569', 'copper', 0),
	(1401, 'steam:1100001126d6569', 'moneywashid', 0),
	(1402, 'steam:1100001126d6569', 'carokit', 0),
	(1403, 'steam:1100001126d6569', 'meth_pooch', 0),
	(1404, 'steam:1100001126d6569', 'coke', 0),
	(1405, 'steam:1100001126d6569', 'opium_pooch', 0),
	(1406, 'steam:1100001126d6569', 'weed', 0),
	(1407, 'steam:1100001126d6569', 'fishingrod', 0),
	(1408, 'steam:1100001126d6569', 'fish', 0),
	(1409, 'steam:1100001126d6569', 'diamond', 0),
	(1410, 'steam:1100001126d6569', 'repairkit', 0),
	(1411, 'steam:1100001126d6569', 'coke_pooch', 0),
	(1412, 'steam:1100001126d6569', 'gold', 0),
	(1413, 'steam:1100001126d6569', 'fabric', 0),
	(1414, 'steam:1100001126d6569', 'packaged_plank', 0),
	(1415, 'steam:1100001126d6569', 'fixtool', 0),
	(1416, 'steam:1100001126d6569', 'turtlebait', 0),
	(1417, 'steam:1100001126d6569', 'clothe', 0),
	(1418, 'steam:1100001126d6569', 'alive_chicken', 0),
	(1419, 'steam:1100001126d6569', 'wood', 0),
	(1420, 'steam:1100001126d6569', 'weed_pooch', 0),
	(1421, 'steam:1100001126d6569', 'washed_stone', 0),
	(1422, 'steam:1100001126d6569', 'fishbait', 0),
	(1423, 'steam:1100001126d6569', 'opium', 0),
	(1424, 'steam:1100001126d6569', 'clip', 0),
	(1425, 'steam:1100001126d6569', 'petrol', 0),
	(1426, 'steam:1100001126d6569', 'medikit', 0),
	(1427, 'steam:1100001126d6569', 'slaughtered_chicken', 0),
	(1428, 'steam:1100001126d6569', 'jewels', 0),
	(1429, 'steam:1100001126d6569', 'bag', 0),
	(1430, 'steam:1100001126d6569', 'petrol_raffin', 0),
	(1431, 'steam:1100001126d6569', 'turtle', 0),
	(1432, 'steam:1100001126d6569', 'bandage', 0),
	(1433, 'steam:1100001126d6569', 'iron', 0),
	(1434, 'steam:1100001126d6569', 'gazbottle', 0),
	(1435, 'steam:1100001126d6569', 'packaged_chicken', 0),
	(1436, 'steam:1100001126d6569', 'essence', 0),
	(1437, 'steam:1100001126d6569', 'stone', 0),
	(1438, 'steam:1100001126d6569', 'fixkit', 0),
	(1439, 'steam:1100001126d6569', 'shark', 0),
	(1440, 'steam:1100001126d6569', 'carotool', 0),
	(1441, 'steam:11000013726a6fe', 'meth', 0),
	(1442, 'steam:11000013726a6fe', 'blowpipe', 0),
	(1443, 'steam:11000013726a6fe', 'wool', 0),
	(1444, 'steam:11000013726a6fe', 'cutted_wood', 0),
	(1445, 'steam:11000013726a6fe', 'copper', 0),
	(1446, 'steam:11000013726a6fe', 'moneywashid', 0),
	(1447, 'steam:11000013726a6fe', 'carokit', 0),
	(1448, 'steam:11000013726a6fe', 'meth_pooch', 0),
	(1449, 'steam:11000013726a6fe', 'coke', 0),
	(1450, 'steam:11000013726a6fe', 'opium_pooch', 0),
	(1451, 'steam:11000013726a6fe', 'weed', 0),
	(1452, 'steam:11000013726a6fe', 'fishingrod', 0),
	(1453, 'steam:11000013726a6fe', 'fish', 0),
	(1454, 'steam:11000013726a6fe', 'diamond', 0),
	(1455, 'steam:11000013726a6fe', 'repairkit', 0),
	(1456, 'steam:11000013726a6fe', 'coke_pooch', 0),
	(1457, 'steam:11000013726a6fe', 'gold', 0),
	(1458, 'steam:11000013726a6fe', 'fabric', 0),
	(1459, 'steam:11000013726a6fe', 'packaged_plank', 0),
	(1460, 'steam:11000013726a6fe', 'fixtool', 0),
	(1461, 'steam:11000013726a6fe', 'turtlebait', 0),
	(1462, 'steam:11000013726a6fe', 'clothe', 0),
	(1463, 'steam:11000013726a6fe', 'alive_chicken', 0),
	(1464, 'steam:11000013726a6fe', 'wood', 0),
	(1465, 'steam:11000013726a6fe', 'weed_pooch', 0),
	(1466, 'steam:11000013726a6fe', 'washed_stone', 0),
	(1467, 'steam:11000013726a6fe', 'fishbait', 0),
	(1468, 'steam:11000013726a6fe', 'opium', 0),
	(1469, 'steam:11000013726a6fe', 'clip', 0),
	(1470, 'steam:11000013726a6fe', 'petrol', 0),
	(1471, 'steam:11000013726a6fe', 'medikit', 0),
	(1472, 'steam:11000013726a6fe', 'slaughtered_chicken', 0),
	(1473, 'steam:11000013726a6fe', 'jewels', 0),
	(1474, 'steam:11000013726a6fe', 'bag', 0),
	(1475, 'steam:11000013726a6fe', 'petrol_raffin', 0),
	(1476, 'steam:11000013726a6fe', 'turtle', 0),
	(1477, 'steam:11000013726a6fe', 'bandage', 0),
	(1478, 'steam:11000013726a6fe', 'iron', 0),
	(1479, 'steam:11000013726a6fe', 'gazbottle', 0),
	(1480, 'steam:11000013726a6fe', 'packaged_chicken', 0),
	(1481, 'steam:11000013726a6fe', 'essence', 0),
	(1482, 'steam:11000013726a6fe', 'stone', 0),
	(1483, 'steam:11000013726a6fe', 'fixkit', 0),
	(1484, 'steam:11000013726a6fe', 'shark', 0),
	(1485, 'steam:11000013726a6fe', 'carotool', 0),
	(1486, 'steam:11000011aa170fd', 'meth', 0),
	(1487, 'steam:11000011aa170fd', 'wool', 0),
	(1488, 'steam:11000011aa170fd', 'blowpipe', 0),
	(1489, 'steam:11000011aa170fd', 'cutted_wood', 0),
	(1490, 'steam:11000011aa170fd', 'copper', 0),
	(1491, 'steam:11000011aa170fd', 'moneywashid', 0),
	(1492, 'steam:11000011aa170fd', 'carokit', 0),
	(1493, 'steam:11000011aa170fd', 'meth_pooch', 0),
	(1494, 'steam:11000011aa170fd', 'coke', 0),
	(1495, 'steam:11000011aa170fd', 'opium_pooch', 0),
	(1496, 'steam:11000011aa170fd', 'weed', 0),
	(1497, 'steam:11000011aa170fd', 'fishingrod', 0),
	(1498, 'steam:11000011aa170fd', 'fish', 0),
	(1499, 'steam:11000011aa170fd', 'diamond', 0),
	(1500, 'steam:11000011aa170fd', 'repairkit', 0),
	(1501, 'steam:11000011aa170fd', 'coke_pooch', 0),
	(1502, 'steam:11000011aa170fd', 'gold', 0),
	(1503, 'steam:11000011aa170fd', 'fabric', 0),
	(1504, 'steam:11000011aa170fd', 'packaged_plank', 0),
	(1505, 'steam:11000011aa170fd', 'fixtool', 0),
	(1506, 'steam:11000011aa170fd', 'turtlebait', 0),
	(1507, 'steam:11000011aa170fd', 'clothe', 0),
	(1508, 'steam:11000011aa170fd', 'alive_chicken', 0),
	(1509, 'steam:11000011aa170fd', 'wood', 0),
	(1510, 'steam:11000011aa170fd', 'weed_pooch', 0),
	(1511, 'steam:11000011aa170fd', 'washed_stone', 0),
	(1512, 'steam:11000011aa170fd', 'fishbait', 0),
	(1513, 'steam:11000011aa170fd', 'opium', 0),
	(1514, 'steam:11000011aa170fd', 'clip', 0),
	(1515, 'steam:11000011aa170fd', 'petrol', 0),
	(1516, 'steam:11000011aa170fd', 'medikit', 0),
	(1517, 'steam:11000011aa170fd', 'slaughtered_chicken', 0),
	(1518, 'steam:11000011aa170fd', 'jewels', 0),
	(1519, 'steam:11000011aa170fd', 'bag', 0),
	(1520, 'steam:11000011aa170fd', 'petrol_raffin', 0),
	(1521, 'steam:11000011aa170fd', 'turtle', 0),
	(1522, 'steam:11000011aa170fd', 'bandage', 0),
	(1523, 'steam:11000011aa170fd', 'iron', 0),
	(1524, 'steam:11000011aa170fd', 'gazbottle', 0),
	(1525, 'steam:11000011aa170fd', 'packaged_chicken', 0),
	(1526, 'steam:11000011aa170fd', 'essence', 0),
	(1527, 'steam:11000011aa170fd', 'stone', 0),
	(1528, 'steam:11000011aa170fd', 'fixkit', 0),
	(1529, 'steam:11000011aa170fd', 'shark', 0),
	(1530, 'steam:11000011aa170fd', 'carotool', 0),
	(1531, 'steam:110000115e493c8', 'meth', 0),
	(1532, 'steam:110000115e493c8', 'wool', 0),
	(1533, 'steam:110000115e493c8', 'blowpipe', 0),
	(1534, 'steam:110000115e493c8', 'cutted_wood', 0),
	(1535, 'steam:110000115e493c8', 'copper', 0),
	(1536, 'steam:110000115e493c8', 'moneywashid', 0),
	(1537, 'steam:110000115e493c8', 'carokit', 0),
	(1538, 'steam:110000115e493c8', 'meth_pooch', 0),
	(1539, 'steam:110000115e493c8', 'coke', 0),
	(1540, 'steam:110000115e493c8', 'opium_pooch', 0),
	(1541, 'steam:110000115e493c8', 'weed', 0),
	(1542, 'steam:110000115e493c8', 'fishingrod', 0),
	(1543, 'steam:110000115e493c8', 'fish', 0),
	(1544, 'steam:110000115e493c8', 'diamond', 0),
	(1545, 'steam:110000115e493c8', 'repairkit', 0),
	(1546, 'steam:110000115e493c8', 'gold', 0),
	(1547, 'steam:110000115e493c8', 'fabric', 0),
	(1548, 'steam:110000115e493c8', 'coke_pooch', 0),
	(1549, 'steam:110000115e493c8', 'packaged_plank', 0),
	(1550, 'steam:110000115e493c8', 'fixtool', 0),
	(1551, 'steam:110000115e493c8', 'turtlebait', 0),
	(1552, 'steam:110000115e493c8', 'clothe', 0),
	(1553, 'steam:110000115e493c8', 'alive_chicken', 0),
	(1554, 'steam:110000115e493c8', 'wood', 0),
	(1555, 'steam:110000115e493c8', 'weed_pooch', 0),
	(1556, 'steam:110000115e493c8', 'washed_stone', 0),
	(1557, 'steam:110000115e493c8', 'fishbait', 0),
	(1558, 'steam:110000115e493c8', 'opium', 0),
	(1559, 'steam:110000115e493c8', 'clip', 0),
	(1560, 'steam:110000115e493c8', 'petrol', 0),
	(1561, 'steam:110000115e493c8', 'medikit', 0),
	(1562, 'steam:110000115e493c8', 'slaughtered_chicken', 0),
	(1563, 'steam:110000115e493c8', 'jewels', 0),
	(1564, 'steam:110000115e493c8', 'bag', 0),
	(1565, 'steam:110000115e493c8', 'petrol_raffin', 0),
	(1566, 'steam:110000115e493c8', 'turtle', 0),
	(1567, 'steam:110000115e493c8', 'bandage', 0),
	(1568, 'steam:110000115e493c8', 'iron', 0),
	(1569, 'steam:110000115e493c8', 'gazbottle', 0),
	(1570, 'steam:110000115e493c8', 'packaged_chicken', 0),
	(1571, 'steam:110000115e493c8', 'essence', 0),
	(1572, 'steam:110000115e493c8', 'stone', 0),
	(1573, 'steam:110000115e493c8', 'fixkit', 0),
	(1574, 'steam:110000115e493c8', 'shark', 0),
	(1575, 'steam:110000115e493c8', 'carotool', 0),
	(1576, 'steam:11000011221b487', 'meth', 0),
	(1577, 'steam:11000011221b487', 'wool', 0),
	(1578, 'steam:11000011221b487', 'blowpipe', 0),
	(1579, 'steam:11000011221b487', 'copper', 0),
	(1580, 'steam:11000011221b487', 'cutted_wood', 0),
	(1581, 'steam:11000011221b487', 'moneywashid', 0),
	(1582, 'steam:11000011221b487', 'carokit', 0),
	(1583, 'steam:11000011221b487', 'meth_pooch', 0),
	(1584, 'steam:11000011221b487', 'coke', 0),
	(1585, 'steam:11000011221b487', 'opium_pooch', 0),
	(1586, 'steam:11000011221b487', 'weed', 0),
	(1587, 'steam:11000011221b487', 'fishingrod', 0),
	(1588, 'steam:11000011221b487', 'fish', 0),
	(1589, 'steam:11000011221b487', 'diamond', 0),
	(1590, 'steam:11000011221b487', 'repairkit', 0),
	(1591, 'steam:11000011221b487', 'coke_pooch', 0),
	(1592, 'steam:11000011221b487', 'gold', 0),
	(1593, 'steam:11000011221b487', 'fabric', 0),
	(1594, 'steam:11000011221b487', 'packaged_plank', 0),
	(1595, 'steam:11000011221b487', 'turtlebait', 0),
	(1596, 'steam:11000011221b487', 'fixtool', 0),
	(1597, 'steam:11000011221b487', 'clothe', 0),
	(1598, 'steam:11000011221b487', 'alive_chicken', 0),
	(1599, 'steam:11000011221b487', 'wood', 0),
	(1600, 'steam:11000011221b487', 'weed_pooch', 17),
	(1601, 'steam:11000011221b487', 'washed_stone', 0),
	(1602, 'steam:11000011221b487', 'fishbait', 0),
	(1603, 'steam:11000011221b487', 'opium', 0),
	(1604, 'steam:11000011221b487', 'clip', 0),
	(1605, 'steam:11000011221b487', 'petrol', 0),
	(1606, 'steam:11000011221b487', 'medikit', 0),
	(1607, 'steam:11000011221b487', 'slaughtered_chicken', 0),
	(1608, 'steam:11000011221b487', 'jewels', 0),
	(1609, 'steam:11000011221b487', 'bag', 0),
	(1610, 'steam:11000011221b487', 'petrol_raffin', 0),
	(1611, 'steam:11000011221b487', 'turtle', 0),
	(1612, 'steam:11000011221b487', 'bandage', 0),
	(1613, 'steam:11000011221b487', 'iron', 0),
	(1614, 'steam:11000011221b487', 'gazbottle', 0),
	(1615, 'steam:11000011221b487', 'packaged_chicken', 0),
	(1616, 'steam:11000011221b487', 'essence', 0),
	(1617, 'steam:11000011221b487', 'stone', 0),
	(1618, 'steam:11000011221b487', 'fixkit', 0),
	(1619, 'steam:11000011221b487', 'shark', 0),
	(1620, 'steam:11000011221b487', 'carotool', 0),
	(1621, 'steam:1100001081f7334', 'meth', 0),
	(1622, 'steam:1100001081f7334', 'wool', 0),
	(1623, 'steam:1100001081f7334', 'blowpipe', 0),
	(1624, 'steam:1100001081f7334', 'cutted_wood', 0),
	(1625, 'steam:1100001081f7334', 'copper', 0),
	(1626, 'steam:1100001081f7334', 'moneywashid', 0),
	(1627, 'steam:1100001081f7334', 'carokit', 0),
	(1628, 'steam:1100001081f7334', 'meth_pooch', 0),
	(1629, 'steam:1100001081f7334', 'opium_pooch', 0),
	(1630, 'steam:1100001081f7334', 'coke', 0),
	(1631, 'steam:1100001081f7334', 'weed', 4),
	(1632, 'steam:1100001081f7334', 'fishingrod', 0),
	(1633, 'steam:1100001081f7334', 'fish', 0),
	(1634, 'steam:1100001081f7334', 'diamond', 0),
	(1635, 'steam:1100001081f7334', 'repairkit', 0),
	(1636, 'steam:1100001081f7334', 'coke_pooch', 0),
	(1637, 'steam:1100001081f7334', 'gold', 0),
	(1638, 'steam:1100001081f7334', 'fabric', 0),
	(1639, 'steam:1100001081f7334', 'packaged_plank', 0),
	(1640, 'steam:1100001081f7334', 'fixtool', 0),
	(1641, 'steam:1100001081f7334', 'turtlebait', 0),
	(1642, 'steam:1100001081f7334', 'clothe', 0),
	(1643, 'steam:1100001081f7334', 'alive_chicken', 0),
	(1644, 'steam:1100001081f7334', 'wood', 0),
	(1645, 'steam:1100001081f7334', 'weed_pooch', 0),
	(1646, 'steam:1100001081f7334', 'washed_stone', 0),
	(1647, 'steam:1100001081f7334', 'fishbait', 0),
	(1648, 'steam:1100001081f7334', 'opium', 37),
	(1649, 'steam:1100001081f7334', 'clip', 0),
	(1650, 'steam:1100001081f7334', 'petrol', 0),
	(1651, 'steam:1100001081f7334', 'medikit', 0),
	(1652, 'steam:1100001081f7334', 'slaughtered_chicken', 0),
	(1653, 'steam:1100001081f7334', 'jewels', 0),
	(1654, 'steam:1100001081f7334', 'bag', 0),
	(1655, 'steam:1100001081f7334', 'petrol_raffin', 0),
	(1656, 'steam:1100001081f7334', 'turtle', 0),
	(1657, 'steam:1100001081f7334', 'bandage', 0),
	(1658, 'steam:1100001081f7334', 'iron', 0),
	(1659, 'steam:1100001081f7334', 'gazbottle', 0),
	(1660, 'steam:1100001081f7334', 'packaged_chicken', 0),
	(1661, 'steam:1100001081f7334', 'essence', 0),
	(1662, 'steam:1100001081f7334', 'stone', 0),
	(1663, 'steam:1100001081f7334', 'fixkit', 0),
	(1664, 'steam:1100001081f7334', 'shark', 0),
	(1665, 'steam:1100001081f7334', 'carotool', 0),
	(1666, 'steam:110000106929182', 'meth', 0),
	(1667, 'steam:110000106929182', 'wool', 0),
	(1668, 'steam:110000106929182', 'blowpipe', 0),
	(1669, 'steam:110000106929182', 'cutted_wood', 0),
	(1670, 'steam:110000106929182', 'copper', 0),
	(1671, 'steam:110000106929182', 'moneywashid', 0),
	(1672, 'steam:110000106929182', 'carokit', 0),
	(1673, 'steam:110000106929182', 'meth_pooch', 0),
	(1674, 'steam:110000106929182', 'coke', 0),
	(1675, 'steam:110000106929182', 'opium_pooch', 0),
	(1676, 'steam:110000106929182', 'weed', 1),
	(1677, 'steam:110000106929182', 'fishingrod', 0),
	(1678, 'steam:110000106929182', 'fish', 0),
	(1679, 'steam:110000106929182', 'diamond', 0),
	(1680, 'steam:110000106929182', 'repairkit', 0),
	(1681, 'steam:110000106929182', 'coke_pooch', 0),
	(1682, 'steam:110000106929182', 'gold', 0),
	(1683, 'steam:110000106929182', 'fabric', 0),
	(1684, 'steam:110000106929182', 'packaged_plank', 0),
	(1685, 'steam:110000106929182', 'fixtool', 0),
	(1686, 'steam:110000106929182', 'turtlebait', 0),
	(1687, 'steam:110000106929182', 'clothe', 0),
	(1688, 'steam:110000106929182', 'alive_chicken', 0),
	(1689, 'steam:110000106929182', 'wood', 0),
	(1690, 'steam:110000106929182', 'weed_pooch', 0),
	(1691, 'steam:110000106929182', 'washed_stone', 0),
	(1692, 'steam:110000106929182', 'fishbait', 0),
	(1693, 'steam:110000106929182', 'opium', 35),
	(1694, 'steam:110000106929182', 'clip', 0),
	(1695, 'steam:110000106929182', 'petrol', 0),
	(1696, 'steam:110000106929182', 'medikit', 0),
	(1697, 'steam:110000106929182', 'slaughtered_chicken', 0),
	(1698, 'steam:110000106929182', 'jewels', 0),
	(1699, 'steam:110000106929182', 'bag', 0),
	(1700, 'steam:110000106929182', 'petrol_raffin', 0),
	(1701, 'steam:110000106929182', 'turtle', 0),
	(1702, 'steam:110000106929182', 'bandage', 0),
	(1703, 'steam:110000106929182', 'iron', 0),
	(1704, 'steam:110000106929182', 'gazbottle', 0),
	(1705, 'steam:110000106929182', 'packaged_chicken', 0),
	(1706, 'steam:110000106929182', 'essence', 0),
	(1707, 'steam:110000106929182', 'stone', 0),
	(1708, 'steam:110000106929182', 'fixkit', 0),
	(1709, 'steam:110000106929182', 'shark', 0),
	(1710, 'steam:110000106929182', 'carotool', 0),
	(1711, 'steam:11000010b560d5d', 'meth', 0),
	(1712, 'steam:11000010b560d5d', 'wool', 0),
	(1713, 'steam:11000010b560d5d', 'blowpipe', 0),
	(1714, 'steam:11000010b560d5d', 'cutted_wood', 0),
	(1715, 'steam:11000010b560d5d', 'copper', 0),
	(1716, 'steam:11000010b560d5d', 'moneywashid', 0),
	(1717, 'steam:11000010b560d5d', 'carokit', 0),
	(1718, 'steam:11000010b560d5d', 'meth_pooch', 0),
	(1719, 'steam:11000010b560d5d', 'coke', 0),
	(1720, 'steam:11000010b560d5d', 'opium_pooch', 0),
	(1721, 'steam:11000010b560d5d', 'weed', 0),
	(1722, 'steam:11000010b560d5d', 'fishingrod', 0),
	(1723, 'steam:11000010b560d5d', 'fish', 0),
	(1724, 'steam:11000010b560d5d', 'diamond', 0),
	(1725, 'steam:11000010b560d5d', 'repairkit', 0),
	(1726, 'steam:11000010b560d5d', 'coke_pooch', 0),
	(1727, 'steam:11000010b560d5d', 'gold', 0),
	(1728, 'steam:11000010b560d5d', 'fabric', 0),
	(1729, 'steam:11000010b560d5d', 'packaged_plank', 0),
	(1730, 'steam:11000010b560d5d', 'fixtool', 0),
	(1731, 'steam:11000010b560d5d', 'turtlebait', 0),
	(1732, 'steam:11000010b560d5d', 'clothe', 0),
	(1733, 'steam:11000010b560d5d', 'alive_chicken', 0),
	(1734, 'steam:11000010b560d5d', 'wood', 0),
	(1735, 'steam:11000010b560d5d', 'weed_pooch', 0),
	(1736, 'steam:11000010b560d5d', 'washed_stone', 0),
	(1737, 'steam:11000010b560d5d', 'fishbait', 0),
	(1738, 'steam:11000010b560d5d', 'opium', 0),
	(1739, 'steam:11000010b560d5d', 'clip', 0),
	(1740, 'steam:11000010b560d5d', 'petrol', 0),
	(1741, 'steam:11000010b560d5d', 'medikit', 0),
	(1742, 'steam:11000010b560d5d', 'slaughtered_chicken', 0),
	(1743, 'steam:11000010b560d5d', 'jewels', 0),
	(1744, 'steam:11000010b560d5d', 'bag', 0),
	(1745, 'steam:11000010b560d5d', 'petrol_raffin', 0),
	(1746, 'steam:11000010b560d5d', 'turtle', 0),
	(1747, 'steam:11000010b560d5d', 'bandage', 0),
	(1748, 'steam:11000010b560d5d', 'iron', 0),
	(1749, 'steam:11000010b560d5d', 'gazbottle', 0),
	(1750, 'steam:11000010b560d5d', 'packaged_chicken', 0),
	(1751, 'steam:11000010b560d5d', 'essence', 0),
	(1752, 'steam:11000010b560d5d', 'stone', 0),
	(1753, 'steam:11000010b560d5d', 'fixkit', 0),
	(1754, 'steam:11000010b560d5d', 'shark', 0),
	(1755, 'steam:11000010b560d5d', 'carotool', 0),
	(1756, 'steam:110000136d86cde', 'meth', 0),
	(1757, 'steam:110000136d86cde', 'wool', 0),
	(1758, 'steam:110000136d86cde', 'blowpipe', 0),
	(1759, 'steam:110000136d86cde', 'cutted_wood', 0),
	(1760, 'steam:110000136d86cde', 'copper', 0),
	(1761, 'steam:110000136d86cde', 'moneywashid', 0),
	(1762, 'steam:110000136d86cde', 'carokit', 0),
	(1763, 'steam:110000136d86cde', 'meth_pooch', 0),
	(1764, 'steam:110000136d86cde', 'coke', 0),
	(1765, 'steam:110000136d86cde', 'opium_pooch', 0),
	(1766, 'steam:110000136d86cde', 'weed', 0),
	(1767, 'steam:110000136d86cde', 'fishingrod', 0),
	(1768, 'steam:110000136d86cde', 'fish', 0),
	(1769, 'steam:110000136d86cde', 'diamond', 0),
	(1770, 'steam:110000136d86cde', 'repairkit', 0),
	(1771, 'steam:110000136d86cde', 'coke_pooch', 0),
	(1772, 'steam:110000136d86cde', 'gold', 0),
	(1773, 'steam:110000136d86cde', 'fabric', 0),
	(1774, 'steam:110000136d86cde', 'packaged_plank', 0),
	(1775, 'steam:110000136d86cde', 'fixtool', 0),
	(1776, 'steam:110000136d86cde', 'turtlebait', 0),
	(1777, 'steam:110000136d86cde', 'alive_chicken', 0),
	(1778, 'steam:110000136d86cde', 'clothe', 0),
	(1779, 'steam:110000136d86cde', 'wood', 0),
	(1780, 'steam:110000136d86cde', 'weed_pooch', 0),
	(1781, 'steam:110000136d86cde', 'washed_stone', 0),
	(1782, 'steam:110000136d86cde', 'fishbait', 0),
	(1783, 'steam:110000136d86cde', 'opium', 0),
	(1784, 'steam:110000136d86cde', 'clip', 0),
	(1785, 'steam:110000136d86cde', 'petrol', 0),
	(1786, 'steam:110000136d86cde', 'medikit', 0),
	(1787, 'steam:110000136d86cde', 'slaughtered_chicken', 0),
	(1788, 'steam:110000136d86cde', 'jewels', 0),
	(1789, 'steam:110000136d86cde', 'bag', 0),
	(1790, 'steam:110000136d86cde', 'petrol_raffin', 0),
	(1791, 'steam:110000136d86cde', 'turtle', 0),
	(1792, 'steam:110000136d86cde', 'bandage', 0),
	(1793, 'steam:110000136d86cde', 'iron', 0),
	(1794, 'steam:110000136d86cde', 'gazbottle', 0),
	(1795, 'steam:110000136d86cde', 'packaged_chicken', 0),
	(1796, 'steam:110000136d86cde', 'essence', 0),
	(1797, 'steam:110000136d86cde', 'stone', 0),
	(1798, 'steam:110000136d86cde', 'fixkit', 0),
	(1799, 'steam:110000136d86cde', 'shark', 0),
	(1800, 'steam:110000136d86cde', 'carotool', 0),
	(1801, 'steam:11000013b119c53', 'wool', 0),
	(1802, 'steam:11000013b119c53', 'blowpipe', 0),
	(1803, 'steam:11000013b119c53', 'meth', 0),
	(1804, 'steam:11000013b119c53', 'cutted_wood', 0),
	(1805, 'steam:11000013b119c53', 'copper', 0),
	(1806, 'steam:11000013b119c53', 'moneywashid', 0),
	(1807, 'steam:11000013b119c53', 'carokit', 0),
	(1808, 'steam:11000013b119c53', 'coke', 0),
	(1809, 'steam:11000013b119c53', 'opium_pooch', 0),
	(1810, 'steam:11000013b119c53', 'meth_pooch', 0),
	(1811, 'steam:11000013b119c53', 'weed', 0),
	(1812, 'steam:11000013b119c53', 'fishingrod', 0),
	(1813, 'steam:11000013b119c53', 'fish', 0),
	(1814, 'steam:11000013b119c53', 'repairkit', 0),
	(1815, 'steam:11000013b119c53', 'diamond', 0),
	(1816, 'steam:11000013b119c53', 'coke_pooch', 0),
	(1817, 'steam:11000013b119c53', 'fabric', 0),
	(1818, 'steam:11000013b119c53', 'gold', 0),
	(1819, 'steam:11000013b119c53', 'packaged_plank', 0),
	(1820, 'steam:11000013b119c53', 'fixtool', 0),
	(1821, 'steam:11000013b119c53', 'turtlebait', 0),
	(1822, 'steam:11000013b119c53', 'clothe', 0),
	(1823, 'steam:11000013b119c53', 'weed_pooch', 0),
	(1824, 'steam:11000013b119c53', 'washed_stone', 0),
	(1825, 'steam:11000013b119c53', 'alive_chicken', 0),
	(1826, 'steam:11000013b119c53', 'wood', 0),
	(1827, 'steam:11000013b119c53', 'fishbait', 0),
	(1828, 'steam:11000013b119c53', 'opium', 0),
	(1829, 'steam:11000013b119c53', 'petrol', 0),
	(1830, 'steam:11000013b119c53', 'medikit', 0),
	(1831, 'steam:11000013b119c53', 'clip', 0),
	(1832, 'steam:11000013b119c53', 'slaughtered_chicken', 0),
	(1833, 'steam:11000013b119c53', 'jewels', 0),
	(1834, 'steam:11000013b119c53', 'bag', 0),
	(1835, 'steam:11000013b119c53', 'turtle', 0),
	(1836, 'steam:11000013b119c53', 'petrol_raffin', 0),
	(1837, 'steam:11000013b119c53', 'bandage', 0),
	(1838, 'steam:11000013b119c53', 'iron', 0),
	(1839, 'steam:11000013b119c53', 'gazbottle', 0),
	(1840, 'steam:11000013b119c53', 'packaged_chicken', 0),
	(1841, 'steam:11000013b119c53', 'essence', 0),
	(1842, 'steam:11000013b119c53', 'stone', 0),
	(1843, 'steam:11000013b119c53', 'fixkit', 0),
	(1844, 'steam:11000013b119c53', 'carotool', 0),
	(1845, 'steam:11000013b119c53', 'shark', 0),
	(1846, 'steam:1100001057027c6', 'blowpipe', 0),
	(1847, 'steam:1100001057027c6', 'meth', 0),
	(1848, 'steam:1100001057027c6', 'wool', 0),
	(1849, 'steam:1100001057027c6', 'cutted_wood', 0),
	(1850, 'steam:1100001057027c6', 'copper', 0),
	(1851, 'steam:1100001057027c6', 'moneywashid', 0),
	(1852, 'steam:1100001057027c6', 'carokit', 0),
	(1853, 'steam:1100001057027c6', 'meth_pooch', 0),
	(1854, 'steam:1100001057027c6', 'opium_pooch', 0),
	(1855, 'steam:1100001057027c6', 'coke', 0),
	(1856, 'steam:1100001057027c6', 'fishingrod', 0),
	(1857, 'steam:1100001057027c6', 'diamond', 0),
	(1858, 'steam:1100001057027c6', 'weed', 0),
	(1859, 'steam:1100001057027c6', 'fish', 0),
	(1860, 'steam:1100001057027c6', 'repairkit', 0),
	(1861, 'steam:1100001057027c6', 'coke_pooch', 0),
	(1862, 'steam:1100001057027c6', 'gold', 0),
	(1863, 'steam:1100001057027c6', 'fabric', 0),
	(1864, 'steam:1100001057027c6', 'packaged_plank', 0),
	(1865, 'steam:1100001057027c6', 'fixtool', 0),
	(1866, 'steam:1100001057027c6', 'turtlebait', 0),
	(1867, 'steam:1100001057027c6', 'alive_chicken', 0),
	(1868, 'steam:1100001057027c6', 'clothe', 0),
	(1869, 'steam:1100001057027c6', 'wood', 0),
	(1870, 'steam:1100001057027c6', 'weed_pooch', 0),
	(1871, 'steam:1100001057027c6', 'washed_stone', 0),
	(1872, 'steam:1100001057027c6', 'fishbait', 0),
	(1873, 'steam:1100001057027c6', 'opium', 0),
	(1874, 'steam:1100001057027c6', 'clip', 0),
	(1875, 'steam:1100001057027c6', 'petrol', 0),
	(1876, 'steam:1100001057027c6', 'medikit', 0),
	(1877, 'steam:1100001057027c6', 'slaughtered_chicken', 0),
	(1878, 'steam:1100001057027c6', 'jewels', 0),
	(1879, 'steam:1100001057027c6', 'bag', 0),
	(1880, 'steam:1100001057027c6', 'petrol_raffin', 0),
	(1881, 'steam:1100001057027c6', 'turtle', 0),
	(1882, 'steam:1100001057027c6', 'bandage', 0),
	(1883, 'steam:1100001057027c6', 'iron', 0),
	(1884, 'steam:1100001057027c6', 'gazbottle', 0),
	(1885, 'steam:1100001057027c6', 'packaged_chicken', 0),
	(1886, 'steam:1100001057027c6', 'essence', 0),
	(1887, 'steam:1100001057027c6', 'shark', 0),
	(1888, 'steam:1100001057027c6', 'stone', 0),
	(1889, 'steam:1100001057027c6', 'fixkit', 0),
	(1890, 'steam:1100001057027c6', 'carotool', 0),
	(1891, 'steam:110000103e5543f', 'meth', 0),
	(1892, 'steam:110000103e5543f', 'wool', 0),
	(1893, 'steam:110000103e5543f', 'blowpipe', 0),
	(1894, 'steam:110000103e5543f', 'cutted_wood', 0),
	(1895, 'steam:110000103e5543f', 'copper', 0),
	(1896, 'steam:110000103e5543f', 'carokit', 0),
	(1897, 'steam:110000103e5543f', 'moneywashid', 0),
	(1898, 'steam:110000103e5543f', 'meth_pooch', 0),
	(1899, 'steam:110000103e5543f', 'coke', 0),
	(1900, 'steam:110000103e5543f', 'opium_pooch', 0),
	(1901, 'steam:110000103e5543f', 'weed', 0),
	(1902, 'steam:110000103e5543f', 'fishingrod', 0),
	(1903, 'steam:110000103e5543f', 'fish', 0),
	(1904, 'steam:110000103e5543f', 'diamond', 0),
	(1905, 'steam:110000103e5543f', 'repairkit', 0),
	(1906, 'steam:110000103e5543f', 'coke_pooch', 0),
	(1907, 'steam:110000103e5543f', 'gold', 0),
	(1908, 'steam:110000103e5543f', 'fabric', 0),
	(1909, 'steam:110000103e5543f', 'packaged_plank', 0),
	(1910, 'steam:110000103e5543f', 'fixtool', 0),
	(1911, 'steam:110000103e5543f', 'turtlebait', 0),
	(1912, 'steam:110000103e5543f', 'clothe', 0),
	(1913, 'steam:110000103e5543f', 'alive_chicken', 0),
	(1914, 'steam:110000103e5543f', 'wood', 0),
	(1915, 'steam:110000103e5543f', 'weed_pooch', 0),
	(1916, 'steam:110000103e5543f', 'washed_stone', 0),
	(1917, 'steam:110000103e5543f', 'fishbait', 0),
	(1918, 'steam:110000103e5543f', 'opium', 0),
	(1919, 'steam:110000103e5543f', 'clip', 0),
	(1920, 'steam:110000103e5543f', 'petrol', 0),
	(1921, 'steam:110000103e5543f', 'medikit', 0),
	(1922, 'steam:110000103e5543f', 'slaughtered_chicken', 0),
	(1923, 'steam:110000103e5543f', 'jewels', 0),
	(1924, 'steam:110000103e5543f', 'bag', 0),
	(1925, 'steam:110000103e5543f', 'petrol_raffin', 0),
	(1926, 'steam:110000103e5543f', 'turtle', 0),
	(1927, 'steam:110000103e5543f', 'bandage', 0),
	(1928, 'steam:110000103e5543f', 'iron', 0),
	(1929, 'steam:110000103e5543f', 'gazbottle', 0),
	(1930, 'steam:110000103e5543f', 'packaged_chicken', 0),
	(1931, 'steam:110000103e5543f', 'fixkit', 0),
	(1932, 'steam:110000103e5543f', 'stone', 0),
	(1933, 'steam:110000103e5543f', 'essence', 0),
	(1934, 'steam:110000103e5543f', 'carotool', 0),
	(1935, 'steam:110000103e5543f', 'shark', 0),
	(1936, 'steam:11000010b8a1158', 'meth', 0),
	(1937, 'steam:11000010b8a1158', 'wool', 0),
	(1938, 'steam:11000010b8a1158', 'blowpipe', 0),
	(1939, 'steam:11000010b8a1158', 'cutted_wood', 0),
	(1940, 'steam:11000010b8a1158', 'copper', 0),
	(1941, 'steam:11000010b8a1158', 'carokit', 0),
	(1942, 'steam:11000010b8a1158', 'moneywashid', 0),
	(1943, 'steam:11000010b8a1158', 'meth_pooch', 0),
	(1944, 'steam:11000010b8a1158', 'coke', 0),
	(1945, 'steam:11000010b8a1158', 'opium_pooch', 0),
	(1946, 'steam:11000010b8a1158', 'weed', 0),
	(1947, 'steam:11000010b8a1158', 'fishingrod', 0),
	(1948, 'steam:11000010b8a1158', 'fish', 0),
	(1949, 'steam:11000010b8a1158', 'diamond', 0),
	(1950, 'steam:11000010b8a1158', 'repairkit', 0),
	(1951, 'steam:11000010b8a1158', 'coke_pooch', 0),
	(1952, 'steam:11000010b8a1158', 'gold', 0),
	(1953, 'steam:11000010b8a1158', 'fabric', 0),
	(1954, 'steam:11000010b8a1158', 'packaged_plank', 0),
	(1955, 'steam:11000010b8a1158', 'fixtool', 0),
	(1956, 'steam:11000010b8a1158', 'turtlebait', 0),
	(1957, 'steam:11000010b8a1158', 'clothe', 0),
	(1958, 'steam:11000010b8a1158', 'alive_chicken', 0),
	(1959, 'steam:11000010b8a1158', 'wood', 0),
	(1960, 'steam:11000010b8a1158', 'weed_pooch', 0),
	(1961, 'steam:11000010b8a1158', 'washed_stone', 0),
	(1962, 'steam:11000010b8a1158', 'fishbait', 0),
	(1963, 'steam:11000010b8a1158', 'opium', 0),
	(1964, 'steam:11000010b8a1158', 'clip', 0),
	(1965, 'steam:11000010b8a1158', 'petrol', 0),
	(1966, 'steam:11000010b8a1158', 'medikit', 0),
	(1967, 'steam:11000010b8a1158', 'slaughtered_chicken', 0),
	(1968, 'steam:11000010b8a1158', 'jewels', 0),
	(1969, 'steam:11000010b8a1158', 'bag', 0),
	(1970, 'steam:11000010b8a1158', 'petrol_raffin', 0),
	(1971, 'steam:11000010b8a1158', 'turtle', 0),
	(1972, 'steam:11000010b8a1158', 'bandage', 0),
	(1973, 'steam:11000010b8a1158', 'iron', 0),
	(1974, 'steam:11000010b8a1158', 'gazbottle', 0),
	(1975, 'steam:11000010b8a1158', 'packaged_chicken', 0),
	(1976, 'steam:11000010b8a1158', 'essence', 0),
	(1977, 'steam:11000010b8a1158', 'stone', 0),
	(1978, 'steam:11000010b8a1158', 'fixkit', 0),
	(1979, 'steam:11000010b8a1158', 'shark', 0),
	(1980, 'steam:11000010b8a1158', 'carotool', 0),
	(1981, 'steam:1100001057e070e', 'meth', 0),
	(1982, 'steam:1100001057e070e', 'wool', 0),
	(1983, 'steam:1100001057e070e', 'blowpipe', 0),
	(1984, 'steam:1100001057e070e', 'cutted_wood', 0),
	(1985, 'steam:1100001057e070e', 'copper', 0),
	(1986, 'steam:1100001057e070e', 'moneywashid', 0),
	(1987, 'steam:1100001057e070e', 'carokit', 0),
	(1988, 'steam:1100001057e070e', 'meth_pooch', 0),
	(1989, 'steam:1100001057e070e', 'coke', 0),
	(1990, 'steam:1100001057e070e', 'opium_pooch', 0),
	(1991, 'steam:1100001057e070e', 'weed', 0),
	(1992, 'steam:1100001057e070e', 'fishingrod', 0),
	(1993, 'steam:1100001057e070e', 'fish', 0),
	(1994, 'steam:1100001057e070e', 'diamond', 0),
	(1995, 'steam:1100001057e070e', 'repairkit', 0),
	(1996, 'steam:1100001057e070e', 'coke_pooch', 0),
	(1997, 'steam:1100001057e070e', 'gold', 0),
	(1998, 'steam:1100001057e070e', 'fabric', 0),
	(1999, 'steam:1100001057e070e', 'packaged_plank', 0),
	(2000, 'steam:1100001057e070e', 'fixtool', 0),
	(2001, 'steam:1100001057e070e', 'turtlebait', 0),
	(2002, 'steam:1100001057e070e', 'clothe', 0),
	(2003, 'steam:1100001057e070e', 'alive_chicken', 0),
	(2004, 'steam:1100001057e070e', 'wood', 0),
	(2005, 'steam:1100001057e070e', 'weed_pooch', 0),
	(2006, 'steam:1100001057e070e', 'washed_stone', 0),
	(2007, 'steam:1100001057e070e', 'fishbait', 0),
	(2008, 'steam:1100001057e070e', 'opium', 0),
	(2009, 'steam:1100001057e070e', 'clip', 0),
	(2010, 'steam:1100001057e070e', 'petrol', 0),
	(2011, 'steam:1100001057e070e', 'slaughtered_chicken', 0),
	(2012, 'steam:1100001057e070e', 'medikit', 0),
	(2013, 'steam:1100001057e070e', 'jewels', 0),
	(2014, 'steam:1100001057e070e', 'bag', 0),
	(2015, 'steam:1100001057e070e', 'petrol_raffin', 0),
	(2016, 'steam:1100001057e070e', 'turtle', 0),
	(2017, 'steam:1100001057e070e', 'bandage', 0),
	(2018, 'steam:1100001057e070e', 'iron', 0),
	(2019, 'steam:1100001057e070e', 'packaged_chicken', 0),
	(2020, 'steam:1100001057e070e', 'gazbottle', 0),
	(2021, 'steam:1100001057e070e', 'essence', 0),
	(2022, 'steam:1100001057e070e', 'stone', 0),
	(2023, 'steam:1100001057e070e', 'fixkit', 0),
	(2024, 'steam:1100001057e070e', 'shark', 0),
	(2025, 'steam:1100001057e070e', 'carotool', 0),
	(2026, 'steam:1100001066c265d', 'wool', 0),
	(2027, 'steam:1100001066c265d', 'blowpipe', 0),
	(2028, 'steam:1100001066c265d', 'cutted_wood', 0),
	(2029, 'steam:1100001066c265d', 'copper', 0),
	(2030, 'steam:1100001066c265d', 'meth', 0),
	(2031, 'steam:1100001066c265d', 'moneywashid', 0),
	(2032, 'steam:1100001066c265d', 'carokit', 0),
	(2033, 'steam:1100001066c265d', 'meth_pooch', 0),
	(2034, 'steam:1100001066c265d', 'coke', 0),
	(2035, 'steam:1100001066c265d', 'opium_pooch', 0),
	(2036, 'steam:1100001066c265d', 'weed', 0),
	(2037, 'steam:1100001066c265d', 'fishingrod', 0),
	(2038, 'steam:1100001066c265d', 'fish', 0),
	(2039, 'steam:1100001066c265d', 'diamond', 0),
	(2040, 'steam:1100001066c265d', 'repairkit', 0),
	(2041, 'steam:1100001066c265d', 'coke_pooch', 0),
	(2042, 'steam:1100001066c265d', 'fixtool', 0),
	(2043, 'steam:1100001066c265d', 'packaged_plank', 0),
	(2044, 'steam:1100001066c265d', 'fabric', 0),
	(2045, 'steam:1100001066c265d', 'gold', 0),
	(2046, 'steam:1100001066c265d', 'turtlebait', 0),
	(2047, 'steam:1100001066c265d', 'wood', 0),
	(2048, 'steam:1100001066c265d', 'clothe', 0),
	(2049, 'steam:1100001066c265d', 'weed_pooch', 0),
	(2050, 'steam:1100001066c265d', 'alive_chicken', 0),
	(2051, 'steam:1100001066c265d', 'washed_stone', 0),
	(2052, 'steam:1100001066c265d', 'fishbait', 0),
	(2053, 'steam:1100001066c265d', 'opium', 0),
	(2054, 'steam:1100001066c265d', 'clip', 0),
	(2055, 'steam:1100001066c265d', 'petrol', 0),
	(2056, 'steam:1100001066c265d', 'slaughtered_chicken', 0),
	(2057, 'steam:1100001066c265d', 'medikit', 0),
	(2058, 'steam:1100001066c265d', 'jewels', 0),
	(2059, 'steam:1100001066c265d', 'bag', 0),
	(2060, 'steam:1100001066c265d', 'petrol_raffin', 0),
	(2061, 'steam:1100001066c265d', 'turtle', 0),
	(2062, 'steam:1100001066c265d', 'bandage', 0),
	(2063, 'steam:1100001066c265d', 'iron', 0),
	(2064, 'steam:1100001066c265d', 'gazbottle', 0),
	(2065, 'steam:1100001066c265d', 'packaged_chicken', 0),
	(2066, 'steam:1100001066c265d', 'essence', 0),
	(2067, 'steam:1100001066c265d', 'stone', 0),
	(2068, 'steam:1100001066c265d', 'fixkit', 0),
	(2069, 'steam:1100001066c265d', 'shark', 0),
	(2070, 'steam:1100001066c265d', 'carotool', 0),
	(2071, 'steam:110000105f9f2da', 'meth', 0),
	(2072, 'steam:110000105f9f2da', 'wool', 0),
	(2073, 'steam:110000105f9f2da', 'blowpipe', 0),
	(2074, 'steam:110000105f9f2da', 'cutted_wood', 0),
	(2075, 'steam:110000105f9f2da', 'copper', 0),
	(2076, 'steam:110000105f9f2da', 'meth_pooch', 0),
	(2077, 'steam:110000105f9f2da', 'coke', 0),
	(2078, 'steam:110000105f9f2da', 'opium_pooch', 0),
	(2079, 'steam:110000105f9f2da', 'moneywashid', 0),
	(2080, 'steam:110000105f9f2da', 'carokit', 0),
	(2081, 'steam:110000105f9f2da', 'weed', 0),
	(2082, 'steam:110000105f9f2da', 'fishingrod', 0),
	(2083, 'steam:110000105f9f2da', 'fish', 0),
	(2084, 'steam:110000105f9f2da', 'diamond', 0),
	(2085, 'steam:110000105f9f2da', 'repairkit', 0),
	(2086, 'steam:110000105f9f2da', 'coke_pooch', 0),
	(2087, 'steam:110000105f9f2da', 'gold', 0),
	(2088, 'steam:110000105f9f2da', 'fabric', 0),
	(2089, 'steam:110000105f9f2da', 'packaged_plank', 0),
	(2090, 'steam:110000105f9f2da', 'fixtool', 0),
	(2091, 'steam:110000105f9f2da', 'turtlebait', 0),
	(2092, 'steam:110000105f9f2da', 'clothe', 0),
	(2093, 'steam:110000105f9f2da', 'alive_chicken', 0),
	(2094, 'steam:110000105f9f2da', 'wood', 0),
	(2095, 'steam:110000105f9f2da', 'weed_pooch', 0),
	(2096, 'steam:110000105f9f2da', 'washed_stone', 0),
	(2097, 'steam:110000105f9f2da', 'fishbait', 0),
	(2098, 'steam:110000105f9f2da', 'opium', 0),
	(2099, 'steam:110000105f9f2da', 'clip', 0),
	(2100, 'steam:110000105f9f2da', 'petrol', 0),
	(2101, 'steam:110000105f9f2da', 'slaughtered_chicken', 0),
	(2102, 'steam:110000105f9f2da', 'medikit', 0),
	(2103, 'steam:110000105f9f2da', 'jewels', 0),
	(2104, 'steam:110000105f9f2da', 'bag', 0),
	(2105, 'steam:110000105f9f2da', 'petrol_raffin', 0),
	(2106, 'steam:110000105f9f2da', 'turtle', 0),
	(2107, 'steam:110000105f9f2da', 'bandage', 0),
	(2108, 'steam:110000105f9f2da', 'iron', 0),
	(2109, 'steam:110000105f9f2da', 'gazbottle', 0),
	(2110, 'steam:110000105f9f2da', 'packaged_chicken', 0),
	(2111, 'steam:110000105f9f2da', 'essence', 0),
	(2112, 'steam:110000105f9f2da', 'stone', 0),
	(2113, 'steam:110000105f9f2da', 'fixkit', 0),
	(2114, 'steam:110000105f9f2da', 'shark', 0),
	(2115, 'steam:110000105f9f2da', 'carotool', 0),
	(2116, 'steam:110000117ace785', 'meth', 0),
	(2117, 'steam:110000117ace785', 'blowpipe', 0),
	(2118, 'steam:110000117ace785', 'wool', 0),
	(2119, 'steam:110000117ace785', 'cutted_wood', 0),
	(2120, 'steam:110000117ace785', 'copper', 0),
	(2121, 'steam:110000117ace785', 'moneywashid', 0),
	(2122, 'steam:110000117ace785', 'carokit', 0),
	(2123, 'steam:110000117ace785', 'coke', 0),
	(2124, 'steam:110000117ace785', 'opium_pooch', 0),
	(2125, 'steam:110000117ace785', 'meth_pooch', 0),
	(2126, 'steam:110000117ace785', 'weed', 1),
	(2127, 'steam:110000117ace785', 'fishingrod', 0),
	(2128, 'steam:110000117ace785', 'fish', 0),
	(2129, 'steam:110000117ace785', 'diamond', 0),
	(2130, 'steam:110000117ace785', 'repairkit', 0),
	(2131, 'steam:110000117ace785', 'coke_pooch', 0),
	(2132, 'steam:110000117ace785', 'fabric', 0),
	(2133, 'steam:110000117ace785', 'gold', 0),
	(2134, 'steam:110000117ace785', 'fixtool', 0),
	(2135, 'steam:110000117ace785', 'packaged_plank', 0),
	(2136, 'steam:110000117ace785', 'turtlebait', 0),
	(2137, 'steam:110000117ace785', 'clothe', 0),
	(2138, 'steam:110000117ace785', 'alive_chicken', 0),
	(2139, 'steam:110000117ace785', 'wood', 0),
	(2140, 'steam:110000117ace785', 'weed_pooch', 16),
	(2141, 'steam:110000117ace785', 'clip', 0),
	(2142, 'steam:110000117ace785', 'washed_stone', 0),
	(2143, 'steam:110000117ace785', 'petrol', 0),
	(2144, 'steam:110000117ace785', 'fishbait', 0),
	(2145, 'steam:110000117ace785', 'opium', 0),
	(2146, 'steam:110000117ace785', 'medikit', 0),
	(2147, 'steam:110000117ace785', 'slaughtered_chicken', 0),
	(2148, 'steam:110000117ace785', 'jewels', 0),
	(2149, 'steam:110000117ace785', 'petrol_raffin', 0),
	(2150, 'steam:110000117ace785', 'bag', 0),
	(2151, 'steam:110000117ace785', 'turtle', 0),
	(2152, 'steam:110000117ace785', 'bandage', 0),
	(2153, 'steam:110000117ace785', 'iron', 0),
	(2154, 'steam:110000117ace785', 'gazbottle', 0),
	(2155, 'steam:110000117ace785', 'packaged_chicken', 0),
	(2156, 'steam:110000117ace785', 'stone', 0),
	(2157, 'steam:110000117ace785', 'essence', 0),
	(2158, 'steam:110000117ace785', 'shark', 0),
	(2159, 'steam:110000117ace785', 'fixkit', 0),
	(2160, 'steam:110000117ace785', 'carotool', 0),
	(2161, 'steam:110000100b83113', 'meth', 0),
	(2162, 'steam:110000100b83113', 'wool', 0),
	(2163, 'steam:110000100b83113', 'blowpipe', 0),
	(2164, 'steam:110000100b83113', 'cutted_wood', 0),
	(2165, 'steam:110000100b83113', 'copper', 0),
	(2166, 'steam:110000100b83113', 'moneywashid', 0),
	(2167, 'steam:110000100b83113', 'carokit', 0),
	(2168, 'steam:110000100b83113', 'coke', 0),
	(2169, 'steam:110000100b83113', 'meth_pooch', 0),
	(2170, 'steam:110000100b83113', 'opium_pooch', 0),
	(2171, 'steam:110000100b83113', 'weed', 0),
	(2172, 'steam:110000100b83113', 'fishingrod', 0),
	(2173, 'steam:110000100b83113', 'fish', 0),
	(2174, 'steam:110000100b83113', 'diamond', 0),
	(2175, 'steam:110000100b83113', 'repairkit', 0),
	(2176, 'steam:110000100b83113', 'coke_pooch', 0),
	(2177, 'steam:110000100b83113', 'gold', 0),
	(2178, 'steam:110000100b83113', 'fabric', 0),
	(2179, 'steam:110000100b83113', 'packaged_plank', 0),
	(2180, 'steam:110000100b83113', 'fixtool', 0),
	(2181, 'steam:110000100b83113', 'alive_chicken', 0),
	(2182, 'steam:110000100b83113', 'turtlebait', 0),
	(2183, 'steam:110000100b83113', 'clothe', 0),
	(2184, 'steam:110000100b83113', 'wood', 0),
	(2185, 'steam:110000100b83113', 'weed_pooch', 0),
	(2186, 'steam:110000100b83113', 'washed_stone', 0),
	(2187, 'steam:110000100b83113', 'fishbait', 0),
	(2188, 'steam:110000100b83113', 'opium', 0),
	(2189, 'steam:110000100b83113', 'clip', 0),
	(2190, 'steam:110000100b83113', 'petrol', 0),
	(2191, 'steam:110000100b83113', 'medikit', 0),
	(2192, 'steam:110000100b83113', 'jewels', 0),
	(2193, 'steam:110000100b83113', 'slaughtered_chicken', 0),
	(2194, 'steam:110000100b83113', 'bag', 0),
	(2195, 'steam:110000100b83113', 'petrol_raffin', 0),
	(2196, 'steam:110000100b83113', 'turtle', 0),
	(2197, 'steam:110000100b83113', 'bandage', 0),
	(2198, 'steam:110000100b83113', 'iron', 0),
	(2199, 'steam:110000100b83113', 'gazbottle', 0),
	(2200, 'steam:110000100b83113', 'packaged_chicken', 0),
	(2201, 'steam:110000100b83113', 'essence', 0),
	(2202, 'steam:110000100b83113', 'stone', 0),
	(2203, 'steam:110000100b83113', 'fixkit', 0),
	(2204, 'steam:110000100b83113', 'shark', 0),
	(2205, 'steam:110000100b83113', 'carotool', 0),
	(2206, 'steam:11000011338901d', 'meth', 0),
	(2207, 'steam:11000011338901d', 'wool', 0),
	(2208, 'steam:11000011338901d', 'cutted_wood', 0),
	(2209, 'steam:11000011338901d', 'blowpipe', 0),
	(2210, 'steam:11000011338901d', 'copper', 0),
	(2211, 'steam:11000011338901d', 'moneywashid', 0),
	(2212, 'steam:11000011338901d', 'carokit', 0),
	(2213, 'steam:11000011338901d', 'coke', 0),
	(2214, 'steam:11000011338901d', 'meth_pooch', 0),
	(2215, 'steam:11000011338901d', 'opium_pooch', 0),
	(2216, 'steam:11000011338901d', 'weed', 0),
	(2217, 'steam:11000011338901d', 'fishingrod', 0),
	(2218, 'steam:11000011338901d', 'fish', 0),
	(2219, 'steam:11000011338901d', 'diamond', 0),
	(2220, 'steam:11000011338901d', 'repairkit', 0),
	(2221, 'steam:11000011338901d', 'coke_pooch', 0),
	(2222, 'steam:11000011338901d', 'fabric', 0),
	(2223, 'steam:11000011338901d', 'gold', 0),
	(2224, 'steam:11000011338901d', 'packaged_plank', 0),
	(2225, 'steam:11000011338901d', 'fixtool', 0),
	(2226, 'steam:11000011338901d', 'clothe', 0),
	(2227, 'steam:11000011338901d', 'alive_chicken', 0),
	(2228, 'steam:11000011338901d', 'turtlebait', 0),
	(2229, 'steam:11000011338901d', 'wood', 0),
	(2230, 'steam:11000011338901d', 'washed_stone', 0),
	(2231, 'steam:11000011338901d', 'fishbait', 0),
	(2232, 'steam:11000011338901d', 'opium', 0),
	(2233, 'steam:11000011338901d', 'weed_pooch', 0),
	(2234, 'steam:11000011338901d', 'clip', 0),
	(2235, 'steam:11000011338901d', 'petrol', 0),
	(2236, 'steam:11000011338901d', 'slaughtered_chicken', 0),
	(2237, 'steam:11000011338901d', 'medikit', 0),
	(2238, 'steam:11000011338901d', 'jewels', 0),
	(2239, 'steam:11000011338901d', 'bag', 0),
	(2240, 'steam:11000011338901d', 'petrol_raffin', 0),
	(2241, 'steam:11000011338901d', 'turtle', 0),
	(2242, 'steam:11000011338901d', 'bandage', 0),
	(2243, 'steam:11000011338901d', 'iron', 0),
	(2244, 'steam:11000011338901d', 'packaged_chicken', 0),
	(2245, 'steam:11000011338901d', 'essence', 0),
	(2246, 'steam:11000011338901d', 'stone', 0),
	(2247, 'steam:11000011338901d', 'gazbottle', 0),
	(2248, 'steam:11000011338901d', 'fixkit', 0),
	(2249, 'steam:11000011338901d', 'shark', 0),
	(2250, 'steam:11000011338901d', 'carotool', 0),
	(2251, 'steam:11000010723c135', 'meth', 0),
	(2252, 'steam:11000010723c135', 'wool', 0),
	(2253, 'steam:11000010723c135', 'cutted_wood', 0),
	(2254, 'steam:11000010723c135', 'blowpipe', 0),
	(2255, 'steam:11000010723c135', 'copper', 0),
	(2256, 'steam:11000010723c135', 'moneywashid', 0),
	(2257, 'steam:11000010723c135', 'carokit', 0),
	(2258, 'steam:11000010723c135', 'meth_pooch', 0),
	(2259, 'steam:11000010723c135', 'coke', 4),
	(2260, 'steam:11000010723c135', 'opium_pooch', 0),
	(2261, 'steam:11000010723c135', 'weed', 0),
	(2262, 'steam:11000010723c135', 'fishingrod', 0),
	(2263, 'steam:11000010723c135', 'fish', 0),
	(2264, 'steam:11000010723c135', 'diamond', 0),
	(2265, 'steam:11000010723c135', 'repairkit', 0),
	(2266, 'steam:11000010723c135', 'fabric', 0),
	(2267, 'steam:11000010723c135', 'packaged_plank', 0),
	(2268, 'steam:11000010723c135', 'gold', 0),
	(2269, 'steam:11000010723c135', 'fixtool', 0),
	(2270, 'steam:11000010723c135', 'coke_pooch', 0),
	(2271, 'steam:11000010723c135', 'turtlebait', 0),
	(2272, 'steam:11000010723c135', 'clothe', 0),
	(2273, 'steam:11000010723c135', 'wood', 0),
	(2274, 'steam:11000010723c135', 'alive_chicken', 0),
	(2275, 'steam:11000010723c135', 'weed_pooch', 0),
	(2276, 'steam:11000010723c135', 'washed_stone', 0),
	(2277, 'steam:11000010723c135', 'fishbait', 0),
	(2278, 'steam:11000010723c135', 'clip', 0),
	(2279, 'steam:11000010723c135', 'opium', 0),
	(2280, 'steam:11000010723c135', 'petrol', 0),
	(2281, 'steam:11000010723c135', 'medikit', 0),
	(2282, 'steam:11000010723c135', 'slaughtered_chicken', 0),
	(2283, 'steam:11000010723c135', 'jewels', 0),
	(2284, 'steam:11000010723c135', 'bag', 0),
	(2285, 'steam:11000010723c135', 'petrol_raffin', 0),
	(2286, 'steam:11000010723c135', 'turtle', 0),
	(2287, 'steam:11000010723c135', 'bandage', 0),
	(2288, 'steam:11000010723c135', 'iron', 0),
	(2289, 'steam:11000010723c135', 'gazbottle', 0),
	(2290, 'steam:11000010723c135', 'packaged_chicken', 0),
	(2291, 'steam:11000010723c135', 'essence', 0),
	(2292, 'steam:11000010723c135', 'stone', 0),
	(2293, 'steam:11000010723c135', 'fixkit', 0),
	(2294, 'steam:11000010723c135', 'carotool', 0),
	(2295, 'steam:11000010723c135', 'shark', 0),
	(2296, 'steam:110000107a24fa1', 'meth', 0),
	(2297, 'steam:110000107a24fa1', 'wool', 0),
	(2298, 'steam:110000107a24fa1', 'blowpipe', 0),
	(2299, 'steam:110000107a24fa1', 'cutted_wood', 0),
	(2300, 'steam:110000107a24fa1', 'copper', 0),
	(2301, 'steam:110000107a24fa1', 'moneywashid', 0),
	(2302, 'steam:110000107a24fa1', 'carokit', 0),
	(2303, 'steam:110000107a24fa1', 'meth_pooch', 0),
	(2304, 'steam:110000107a24fa1', 'coke', 0),
	(2305, 'steam:110000107a24fa1', 'opium_pooch', 0),
	(2306, 'steam:110000107a24fa1', 'weed', 0),
	(2307, 'steam:110000107a24fa1', 'diamond', 0),
	(2308, 'steam:110000107a24fa1', 'repairkit', 0),
	(2309, 'steam:110000107a24fa1', 'fish', 0),
	(2310, 'steam:110000107a24fa1', 'fishingrod', 0),
	(2311, 'steam:110000107a24fa1', 'coke_pooch', 0),
	(2312, 'steam:110000107a24fa1', 'gold', 0),
	(2313, 'steam:110000107a24fa1', 'fabric', 0),
	(2314, 'steam:110000107a24fa1', 'packaged_plank', 0),
	(2315, 'steam:110000107a24fa1', 'fixtool', 0),
	(2316, 'steam:110000107a24fa1', 'turtlebait', 0),
	(2317, 'steam:110000107a24fa1', 'clothe', 0),
	(2318, 'steam:110000107a24fa1', 'alive_chicken', 0),
	(2319, 'steam:110000107a24fa1', 'wood', 0),
	(2320, 'steam:110000107a24fa1', 'weed_pooch', 0),
	(2321, 'steam:110000107a24fa1', 'washed_stone', 0),
	(2322, 'steam:110000107a24fa1', 'fishbait', 0),
	(2323, 'steam:110000107a24fa1', 'opium', 0),
	(2324, 'steam:110000107a24fa1', 'clip', 0),
	(2325, 'steam:110000107a24fa1', 'petrol', 0),
	(2326, 'steam:110000107a24fa1', 'medikit', 0),
	(2327, 'steam:110000107a24fa1', 'slaughtered_chicken', 0),
	(2328, 'steam:110000107a24fa1', 'jewels', 0),
	(2329, 'steam:110000107a24fa1', 'bag', 0),
	(2330, 'steam:110000107a24fa1', 'petrol_raffin', 0),
	(2331, 'steam:110000107a24fa1', 'turtle', 0),
	(2332, 'steam:110000107a24fa1', 'bandage', 0),
	(2333, 'steam:110000107a24fa1', 'iron', 0),
	(2334, 'steam:110000107a24fa1', 'gazbottle', 0),
	(2335, 'steam:110000107a24fa1', 'packaged_chicken', 0),
	(2336, 'steam:110000107a24fa1', 'essence', 0),
	(2337, 'steam:110000107a24fa1', 'stone', 0),
	(2338, 'steam:110000107a24fa1', 'fixkit', 0),
	(2339, 'steam:110000107a24fa1', 'shark', 0),
	(2340, 'steam:110000107a24fa1', 'carotool', 0),
	(2341, 'steam:110000136344c46', 'meth', 0),
	(2342, 'steam:110000136344c46', 'wool', 0),
	(2343, 'steam:110000136344c46', 'blowpipe', 0),
	(2344, 'steam:110000136344c46', 'cutted_wood', 0),
	(2345, 'steam:110000136344c46', 'copper', 0),
	(2346, 'steam:110000136344c46', 'moneywashid', 0),
	(2347, 'steam:110000136344c46', 'carokit', 0),
	(2348, 'steam:110000136344c46', 'meth_pooch', 0),
	(2349, 'steam:110000136344c46', 'coke', 0),
	(2350, 'steam:110000136344c46', 'opium_pooch', 0),
	(2351, 'steam:110000136344c46', 'weed', 0),
	(2352, 'steam:110000136344c46', 'fishingrod', 0),
	(2353, 'steam:110000136344c46', 'fish', 0),
	(2354, 'steam:110000136344c46', 'diamond', 0),
	(2355, 'steam:110000136344c46', 'repairkit', 0),
	(2356, 'steam:110000136344c46', 'coke_pooch', 0),
	(2357, 'steam:110000136344c46', 'gold', 0),
	(2358, 'steam:110000136344c46', 'fabric', 0),
	(2359, 'steam:110000136344c46', 'packaged_plank', 0),
	(2360, 'steam:110000136344c46', 'fixtool', 0),
	(2361, 'steam:110000136344c46', 'turtlebait', 0),
	(2362, 'steam:110000136344c46', 'clothe', 0),
	(2363, 'steam:110000136344c46', 'alive_chicken', 0),
	(2364, 'steam:110000136344c46', 'wood', 0),
	(2365, 'steam:110000136344c46', 'weed_pooch', 0),
	(2366, 'steam:110000136344c46', 'washed_stone', 0),
	(2367, 'steam:110000136344c46', 'fishbait', 0),
	(2368, 'steam:110000136344c46', 'opium', 0),
	(2369, 'steam:110000136344c46', 'clip', 0),
	(2370, 'steam:110000136344c46', 'petrol', 0),
	(2371, 'steam:110000136344c46', 'medikit', 0),
	(2372, 'steam:110000136344c46', 'slaughtered_chicken', 0),
	(2373, 'steam:110000136344c46', 'jewels', 0),
	(2374, 'steam:110000136344c46', 'bag', 0),
	(2375, 'steam:110000136344c46', 'petrol_raffin', 0),
	(2376, 'steam:110000136344c46', 'turtle', 0),
	(2377, 'steam:110000136344c46', 'bandage', 0),
	(2378, 'steam:110000136344c46', 'iron', 0),
	(2379, 'steam:110000136344c46', 'gazbottle', 0),
	(2380, 'steam:110000136344c46', 'packaged_chicken', 0),
	(2381, 'steam:110000136344c46', 'essence', 0),
	(2382, 'steam:110000136344c46', 'stone', 0),
	(2383, 'steam:110000136344c46', 'fixkit', 0),
	(2384, 'steam:110000136344c46', 'shark', 0),
	(2385, 'steam:110000136344c46', 'carotool', 0),
	(2386, 'steam:11000010f0d0a35', 'meth', 0),
	(2387, 'steam:11000010f0d0a35', 'wool', 0),
	(2388, 'steam:11000010f0d0a35', 'blowpipe', 0),
	(2389, 'steam:11000010f0d0a35', 'cutted_wood', 0),
	(2390, 'steam:11000010f0d0a35', 'copper', 0),
	(2391, 'steam:11000010f0d0a35', 'moneywashid', 0),
	(2392, 'steam:11000010f0d0a35', 'carokit', 0),
	(2393, 'steam:11000010f0d0a35', 'meth_pooch', 0),
	(2394, 'steam:11000010f0d0a35', 'coke', 0),
	(2395, 'steam:11000010f0d0a35', 'opium_pooch', 0),
	(2396, 'steam:11000010f0d0a35', 'weed', 0),
	(2397, 'steam:11000010f0d0a35', 'fishingrod', 0),
	(2398, 'steam:11000010f0d0a35', 'fish', 0),
	(2399, 'steam:11000010f0d0a35', 'diamond', 0),
	(2400, 'steam:11000010f0d0a35', 'repairkit', 0),
	(2401, 'steam:11000010f0d0a35', 'coke_pooch', 0),
	(2402, 'steam:11000010f0d0a35', 'gold', 0),
	(2403, 'steam:11000010f0d0a35', 'fabric', 0),
	(2404, 'steam:11000010f0d0a35', 'packaged_plank', 0),
	(2405, 'steam:11000010f0d0a35', 'fixtool', 0),
	(2406, 'steam:11000010f0d0a35', 'turtlebait', 0),
	(2407, 'steam:11000010f0d0a35', 'clothe', 0),
	(2408, 'steam:11000010f0d0a35', 'alive_chicken', 0),
	(2409, 'steam:11000010f0d0a35', 'wood', 0),
	(2410, 'steam:11000010f0d0a35', 'weed_pooch', 0),
	(2411, 'steam:11000010f0d0a35', 'washed_stone', 0),
	(2412, 'steam:11000010f0d0a35', 'fishbait', 0),
	(2413, 'steam:11000010f0d0a35', 'opium', 0),
	(2414, 'steam:11000010f0d0a35', 'clip', 0),
	(2415, 'steam:11000010f0d0a35', 'petrol', 0),
	(2416, 'steam:11000010f0d0a35', 'medikit', 0),
	(2417, 'steam:11000010f0d0a35', 'slaughtered_chicken', 0),
	(2418, 'steam:11000010f0d0a35', 'jewels', 0),
	(2419, 'steam:11000010f0d0a35', 'bag', 0),
	(2420, 'steam:11000010f0d0a35', 'petrol_raffin', 0),
	(2421, 'steam:11000010f0d0a35', 'turtle', 0),
	(2422, 'steam:11000010f0d0a35', 'bandage', 0),
	(2423, 'steam:11000010f0d0a35', 'iron', 0),
	(2424, 'steam:11000010f0d0a35', 'gazbottle', 0),
	(2425, 'steam:11000010f0d0a35', 'packaged_chicken', 0),
	(2426, 'steam:11000010f0d0a35', 'essence', 0),
	(2427, 'steam:11000010f0d0a35', 'stone', 0),
	(2428, 'steam:11000010f0d0a35', 'fixkit', 0),
	(2429, 'steam:11000010f0d0a35', 'shark', 0),
	(2430, 'steam:11000010f0d0a35', 'carotool', 0),
	(2431, 'steam:110000105128a8c', 'meth', 0),
	(2432, 'steam:110000105128a8c', 'wool', 0),
	(2433, 'steam:110000105128a8c', 'blowpipe', 0),
	(2434, 'steam:110000105128a8c', 'cutted_wood', 0),
	(2435, 'steam:110000105128a8c', 'copper', 0),
	(2436, 'steam:110000105128a8c', 'moneywashid', 0),
	(2437, 'steam:110000105128a8c', 'carokit', 0),
	(2438, 'steam:110000105128a8c', 'meth_pooch', 0),
	(2439, 'steam:110000105128a8c', 'coke', 0),
	(2440, 'steam:110000105128a8c', 'opium_pooch', 0),
	(2441, 'steam:110000105128a8c', 'weed', 0),
	(2442, 'steam:110000105128a8c', 'fishingrod', 0),
	(2443, 'steam:110000105128a8c', 'fish', 0),
	(2444, 'steam:110000105128a8c', 'diamond', 0),
	(2445, 'steam:110000105128a8c', 'repairkit', 0),
	(2446, 'steam:110000105128a8c', 'coke_pooch', 0),
	(2447, 'steam:110000105128a8c', 'gold', 0),
	(2448, 'steam:110000105128a8c', 'fabric', 0),
	(2449, 'steam:110000105128a8c', 'packaged_plank', 0),
	(2450, 'steam:110000105128a8c', 'fixtool', 0),
	(2451, 'steam:110000105128a8c', 'turtlebait', 0),
	(2452, 'steam:110000105128a8c', 'clothe', 0),
	(2453, 'steam:110000105128a8c', 'alive_chicken', 0),
	(2454, 'steam:110000105128a8c', 'wood', 0),
	(2455, 'steam:110000105128a8c', 'weed_pooch', 0),
	(2456, 'steam:110000105128a8c', 'washed_stone', 0),
	(2457, 'steam:110000105128a8c', 'fishbait', 0),
	(2458, 'steam:110000105128a8c', 'opium', 0),
	(2459, 'steam:110000105128a8c', 'clip', 0),
	(2460, 'steam:110000105128a8c', 'petrol', 0),
	(2461, 'steam:110000105128a8c', 'medikit', 0),
	(2462, 'steam:110000105128a8c', 'slaughtered_chicken', 0),
	(2463, 'steam:110000105128a8c', 'jewels', 0),
	(2464, 'steam:110000105128a8c', 'bag', 0),
	(2465, 'steam:110000105128a8c', 'petrol_raffin', 0),
	(2466, 'steam:110000105128a8c', 'turtle', 0),
	(2467, 'steam:110000105128a8c', 'bandage', 0),
	(2468, 'steam:110000105128a8c', 'iron', 0),
	(2469, 'steam:110000105128a8c', 'gazbottle', 0),
	(2470, 'steam:110000105128a8c', 'packaged_chicken', 0),
	(2471, 'steam:110000105128a8c', 'essence', 0),
	(2472, 'steam:110000105128a8c', 'stone', 0),
	(2473, 'steam:110000105128a8c', 'fixkit', 0),
	(2474, 'steam:110000105128a8c', 'shark', 0),
	(2475, 'steam:110000105128a8c', 'carotool', 0),
	(2476, 'steam:11000010a3b2583', 'meth', 0),
	(2477, 'steam:11000010a3b2583', 'blowpipe', 0),
	(2478, 'steam:11000010a3b2583', 'wool', 0),
	(2479, 'steam:11000010a3b2583', 'copper', 0),
	(2480, 'steam:11000010a3b2583', 'cutted_wood', 0),
	(2481, 'steam:11000010a3b2583', 'moneywashid', 0),
	(2482, 'steam:11000010a3b2583', 'carokit', 0),
	(2483, 'steam:11000010a3b2583', 'meth_pooch', 0),
	(2484, 'steam:11000010a3b2583', 'coke', 0),
	(2485, 'steam:11000010a3b2583', 'opium_pooch', 0),
	(2486, 'steam:11000010a3b2583', 'weed', 0),
	(2487, 'steam:11000010a3b2583', 'fishingrod', 0),
	(2488, 'steam:11000010a3b2583', 'fish', 0),
	(2489, 'steam:11000010a3b2583', 'diamond', 0),
	(2490, 'steam:11000010a3b2583', 'repairkit', 0),
	(2491, 'steam:11000010a3b2583', 'coke_pooch', 0),
	(2492, 'steam:11000010a3b2583', 'gold', 0),
	(2493, 'steam:11000010a3b2583', 'fabric', 0),
	(2494, 'steam:11000010a3b2583', 'packaged_plank', 0),
	(2495, 'steam:11000010a3b2583', 'fixtool', 0),
	(2496, 'steam:11000010a3b2583', 'turtlebait', 0),
	(2497, 'steam:11000010a3b2583', 'clothe', 0),
	(2498, 'steam:11000010a3b2583', 'alive_chicken', 0),
	(2499, 'steam:11000010a3b2583', 'wood', 0),
	(2500, 'steam:11000010a3b2583', 'weed_pooch', 0),
	(2501, 'steam:11000010a3b2583', 'washed_stone', 0),
	(2502, 'steam:11000010a3b2583', 'fishbait', 0),
	(2503, 'steam:11000010a3b2583', 'opium', 0),
	(2504, 'steam:11000010a3b2583', 'clip', 0),
	(2505, 'steam:11000010a3b2583', 'petrol', 0),
	(2506, 'steam:11000010a3b2583', 'medikit', 0),
	(2507, 'steam:11000010a3b2583', 'slaughtered_chicken', 0),
	(2508, 'steam:11000010a3b2583', 'jewels', 0),
	(2509, 'steam:11000010a3b2583', 'bag', 0),
	(2510, 'steam:11000010a3b2583', 'petrol_raffin', 0),
	(2511, 'steam:11000010a3b2583', 'turtle', 0),
	(2512, 'steam:11000010a3b2583', 'bandage', 0),
	(2513, 'steam:11000010a3b2583', 'iron', 0),
	(2514, 'steam:11000010a3b2583', 'gazbottle', 0),
	(2515, 'steam:11000010a3b2583', 'essence', 0),
	(2516, 'steam:11000010a3b2583', 'stone', 0),
	(2517, 'steam:11000010a3b2583', 'packaged_chicken', 0),
	(2518, 'steam:11000010a3b2583', 'fixkit', 0),
	(2519, 'steam:11000010a3b2583', 'shark', 0),
	(2520, 'steam:11000010a3b2583', 'carotool', 0),
	(2521, 'steam:110000105dc7164', 'meth', 0),
	(2522, 'steam:110000105dc7164', 'wool', 0),
	(2523, 'steam:110000105dc7164', 'blowpipe', 0),
	(2524, 'steam:110000105dc7164', 'cutted_wood', 0),
	(2525, 'steam:110000105dc7164', 'copper', 0),
	(2526, 'steam:110000105dc7164', 'moneywashid', 0),
	(2527, 'steam:110000105dc7164', 'carokit', 0),
	(2528, 'steam:110000105dc7164', 'coke', 0),
	(2529, 'steam:110000105dc7164', 'opium_pooch', 0),
	(2530, 'steam:110000105dc7164', 'meth_pooch', 0),
	(2531, 'steam:110000105dc7164', 'weed', 0),
	(2532, 'steam:110000105dc7164', 'fishingrod', 0),
	(2533, 'steam:110000105dc7164', 'fish', 0),
	(2534, 'steam:110000105dc7164', 'diamond', 0),
	(2535, 'steam:110000105dc7164', 'repairkit', 0),
	(2536, 'steam:110000105dc7164', 'coke_pooch', 0),
	(2537, 'steam:110000105dc7164', 'gold', 0),
	(2538, 'steam:110000105dc7164', 'fabric', 0),
	(2539, 'steam:110000105dc7164', 'packaged_plank', 0),
	(2540, 'steam:110000105dc7164', 'fixtool', 0),
	(2541, 'steam:110000105dc7164', 'turtlebait', 0),
	(2542, 'steam:110000105dc7164', 'clothe', 0),
	(2543, 'steam:110000105dc7164', 'alive_chicken', 0),
	(2544, 'steam:110000105dc7164', 'wood', 0),
	(2545, 'steam:110000105dc7164', 'weed_pooch', 0),
	(2546, 'steam:110000105dc7164', 'washed_stone', 0),
	(2547, 'steam:110000105dc7164', 'fishbait', 0),
	(2548, 'steam:110000105dc7164', 'opium', 0),
	(2549, 'steam:110000105dc7164', 'clip', 0),
	(2550, 'steam:110000105dc7164', 'petrol', 0),
	(2551, 'steam:110000105dc7164', 'medikit', 0),
	(2552, 'steam:110000105dc7164', 'slaughtered_chicken', 0),
	(2553, 'steam:110000105dc7164', 'jewels', 0),
	(2554, 'steam:110000105dc7164', 'bag', 0),
	(2555, 'steam:110000105dc7164', 'petrol_raffin', 0),
	(2556, 'steam:110000105dc7164', 'turtle', 0),
	(2557, 'steam:110000105dc7164', 'bandage', 0),
	(2558, 'steam:110000105dc7164', 'iron', 0),
	(2559, 'steam:110000105dc7164', 'gazbottle', 0),
	(2560, 'steam:110000105dc7164', 'packaged_chicken', 0),
	(2561, 'steam:110000105dc7164', 'essence', 0),
	(2562, 'steam:110000105dc7164', 'stone', 0),
	(2563, 'steam:110000105dc7164', 'fixkit', 0),
	(2564, 'steam:110000105dc7164', 'shark', 0),
	(2565, 'steam:110000105dc7164', 'carotool', 0),
	(2566, 'steam:11000010a105523', 'meth', 0),
	(2567, 'steam:11000010a105523', 'wool', 0),
	(2568, 'steam:11000010a105523', 'blowpipe', 0),
	(2569, 'steam:11000010a105523', 'cutted_wood', 0),
	(2570, 'steam:11000010a105523', 'copper', 0),
	(2571, 'steam:11000010a105523', 'moneywashid', 0),
	(2572, 'steam:11000010a105523', 'carokit', 0),
	(2573, 'steam:11000010a105523', 'meth_pooch', 0),
	(2574, 'steam:11000010a105523', 'coke', 0),
	(2575, 'steam:11000010a105523', 'opium_pooch', 0),
	(2576, 'steam:11000010a105523', 'weed', 0),
	(2577, 'steam:11000010a105523', 'fishingrod', 0),
	(2578, 'steam:11000010a105523', 'fish', 0),
	(2579, 'steam:11000010a105523', 'diamond', 0),
	(2580, 'steam:11000010a105523', 'repairkit', 0),
	(2581, 'steam:11000010a105523', 'coke_pooch', 0),
	(2582, 'steam:11000010a105523', 'gold', 0),
	(2583, 'steam:11000010a105523', 'fabric', 0),
	(2584, 'steam:11000010a105523', 'packaged_plank', 0),
	(2585, 'steam:11000010a105523', 'turtlebait', 0),
	(2586, 'steam:11000010a105523', 'fixtool', 0),
	(2587, 'steam:11000010a105523', 'clothe', 0),
	(2588, 'steam:11000010a105523', 'alive_chicken', 0),
	(2589, 'steam:11000010a105523', 'wood', 0),
	(2590, 'steam:11000010a105523', 'weed_pooch', 0),
	(2591, 'steam:11000010a105523', 'washed_stone', 0),
	(2592, 'steam:11000010a105523', 'fishbait', 0),
	(2593, 'steam:11000010a105523', 'opium', 0),
	(2594, 'steam:11000010a105523', 'clip', 0),
	(2595, 'steam:11000010a105523', 'petrol', 0),
	(2596, 'steam:11000010a105523', 'medikit', 0),
	(2597, 'steam:11000010a105523', 'slaughtered_chicken', 0),
	(2598, 'steam:11000010a105523', 'jewels', 0),
	(2599, 'steam:11000010a105523', 'bag', 0),
	(2600, 'steam:11000010a105523', 'petrol_raffin', 0),
	(2601, 'steam:11000010a105523', 'turtle', 0),
	(2602, 'steam:11000010a105523', 'bandage', 0),
	(2603, 'steam:11000010a105523', 'iron', 0),
	(2604, 'steam:11000010a105523', 'gazbottle', 0),
	(2605, 'steam:11000010a105523', 'packaged_chicken', 0),
	(2606, 'steam:11000010a105523', 'essence', 0),
	(2607, 'steam:11000010a105523', 'stone', 0),
	(2608, 'steam:11000010a105523', 'fixkit', 0),
	(2609, 'steam:11000010a105523', 'shark', 0),
	(2610, 'steam:11000010a105523', 'carotool', 0),
	(2611, 'steam:11000010ccf37ca', 'wool', 0),
	(2612, 'steam:11000010ccf37ca', 'blowpipe', 0),
	(2613, 'steam:11000010ccf37ca', 'meth', 0),
	(2614, 'steam:11000010ccf37ca', 'copper', 0),
	(2615, 'steam:11000010ccf37ca', 'cutted_wood', 0),
	(2616, 'steam:11000010ccf37ca', 'moneywashid', 0),
	(2617, 'steam:11000010ccf37ca', 'carokit', 0),
	(2618, 'steam:11000010ccf37ca', 'coke', 0),
	(2619, 'steam:11000010ccf37ca', 'meth_pooch', 0),
	(2620, 'steam:11000010ccf37ca', 'opium_pooch', 0),
	(2621, 'steam:11000010ccf37ca', 'weed', 0),
	(2622, 'steam:11000010ccf37ca', 'fishingrod', 0),
	(2623, 'steam:11000010ccf37ca', 'fish', 0),
	(2624, 'steam:11000010ccf37ca', 'diamond', 0),
	(2625, 'steam:11000010ccf37ca', 'repairkit', 0),
	(2626, 'steam:11000010ccf37ca', 'coke_pooch', 0),
	(2627, 'steam:11000010ccf37ca', 'gold', 0),
	(2628, 'steam:11000010ccf37ca', 'fabric', 0),
	(2629, 'steam:11000010ccf37ca', 'packaged_plank', 0),
	(2630, 'steam:11000010ccf37ca', 'fixtool', 0),
	(2631, 'steam:11000010ccf37ca', 'turtlebait', 0),
	(2632, 'steam:11000010ccf37ca', 'clothe', 0),
	(2633, 'steam:11000010ccf37ca', 'alive_chicken', 0),
	(2634, 'steam:11000010ccf37ca', 'wood', 0),
	(2635, 'steam:11000010ccf37ca', 'weed_pooch', 0),
	(2636, 'steam:11000010ccf37ca', 'washed_stone', 0),
	(2637, 'steam:11000010ccf37ca', 'fishbait', 0),
	(2638, 'steam:11000010ccf37ca', 'opium', 0),
	(2639, 'steam:11000010ccf37ca', 'clip', 0),
	(2640, 'steam:11000010ccf37ca', 'petrol', 0),
	(2641, 'steam:11000010ccf37ca', 'medikit', 0),
	(2642, 'steam:11000010ccf37ca', 'slaughtered_chicken', 0),
	(2643, 'steam:11000010ccf37ca', 'jewels', 0),
	(2644, 'steam:11000010ccf37ca', 'bag', 0),
	(2645, 'steam:11000010ccf37ca', 'petrol_raffin', 0),
	(2646, 'steam:11000010ccf37ca', 'turtle', 0),
	(2647, 'steam:11000010ccf37ca', 'bandage', 0),
	(2648, 'steam:11000010ccf37ca', 'iron', 0),
	(2649, 'steam:11000010ccf37ca', 'gazbottle', 0),
	(2650, 'steam:11000010ccf37ca', 'packaged_chicken', 0),
	(2651, 'steam:11000010ccf37ca', 'essence', 0),
	(2652, 'steam:11000010ccf37ca', 'stone', 0),
	(2653, 'steam:11000010ccf37ca', 'fixkit', 0),
	(2654, 'steam:11000010ccf37ca', 'shark', 0),
	(2655, 'steam:11000010ccf37ca', 'carotool', 0),
	(2656, 'steam:11000010584aa40', 'meth', 0),
	(2657, 'steam:11000010584aa40', 'wool', 0),
	(2658, 'steam:11000010584aa40', 'blowpipe', 0),
	(2659, 'steam:11000010584aa40', 'cutted_wood', 0),
	(2660, 'steam:11000010584aa40', 'copper', 0),
	(2661, 'steam:11000010584aa40', 'moneywashid', 0),
	(2662, 'steam:11000010584aa40', 'carokit', 0),
	(2663, 'steam:11000010584aa40', 'meth_pooch', 0),
	(2664, 'steam:11000010584aa40', 'coke', 0),
	(2665, 'steam:11000010584aa40', 'opium_pooch', 0),
	(2666, 'steam:11000010584aa40', 'weed', 0),
	(2667, 'steam:11000010584aa40', 'fishingrod', 0),
	(2668, 'steam:11000010584aa40', 'fish', 0),
	(2669, 'steam:11000010584aa40', 'diamond', 0),
	(2670, 'steam:11000010584aa40', 'repairkit', 0),
	(2671, 'steam:11000010584aa40', 'coke_pooch', 0),
	(2672, 'steam:11000010584aa40', 'gold', 0),
	(2673, 'steam:11000010584aa40', 'fabric', 0),
	(2674, 'steam:11000010584aa40', 'packaged_plank', 0),
	(2675, 'steam:11000010584aa40', 'fixtool', 0),
	(2676, 'steam:11000010584aa40', 'turtlebait', 0),
	(2677, 'steam:11000010584aa40', 'clothe', 0),
	(2678, 'steam:11000010584aa40', 'wood', 0),
	(2679, 'steam:11000010584aa40', 'weed_pooch', 0),
	(2680, 'steam:11000010584aa40', 'alive_chicken', 0),
	(2681, 'steam:11000010584aa40', 'washed_stone', 0),
	(2682, 'steam:11000010584aa40', 'fishbait', 0),
	(2683, 'steam:11000010584aa40', 'opium', 0),
	(2684, 'steam:11000010584aa40', 'clip', 0),
	(2685, 'steam:11000010584aa40', 'petrol', 0),
	(2686, 'steam:11000010584aa40', 'medikit', 0),
	(2687, 'steam:11000010584aa40', 'slaughtered_chicken', 0),
	(2688, 'steam:11000010584aa40', 'jewels', 0),
	(2689, 'steam:11000010584aa40', 'bag', 0),
	(2690, 'steam:11000010584aa40', 'petrol_raffin', 0),
	(2691, 'steam:11000010584aa40', 'turtle', 0),
	(2692, 'steam:11000010584aa40', 'bandage', 0),
	(2693, 'steam:11000010584aa40', 'iron', 0),
	(2694, 'steam:11000010584aa40', 'gazbottle', 0),
	(2695, 'steam:11000010584aa40', 'packaged_chicken', 0),
	(2696, 'steam:11000010584aa40', 'essence', 0),
	(2697, 'steam:11000010584aa40', 'stone', 0),
	(2698, 'steam:11000010584aa40', 'fixkit', 0),
	(2699, 'steam:11000010584aa40', 'shark', 0),
	(2700, 'steam:11000010584aa40', 'carotool', 0),
	(2701, 'steam:110000110e7f810', 'meth', 0),
	(2702, 'steam:110000110e7f810', 'wool', 0),
	(2703, 'steam:110000110e7f810', 'blowpipe', 0),
	(2704, 'steam:110000110e7f810', 'cutted_wood', 0),
	(2705, 'steam:110000110e7f810', 'copper', 0),
	(2706, 'steam:110000110e7f810', 'moneywashid', 0),
	(2707, 'steam:110000110e7f810', 'carokit', 0),
	(2708, 'steam:110000110e7f810', 'meth_pooch', 0),
	(2709, 'steam:110000110e7f810', 'coke', 0),
	(2710, 'steam:110000110e7f810', 'opium_pooch', 0),
	(2711, 'steam:110000110e7f810', 'weed', 0),
	(2712, 'steam:110000110e7f810', 'fishingrod', 0),
	(2713, 'steam:110000110e7f810', 'fish', 0),
	(2714, 'steam:110000110e7f810', 'diamond', 0),
	(2715, 'steam:110000110e7f810', 'repairkit', 0),
	(2716, 'steam:110000110e7f810', 'coke_pooch', 0),
	(2717, 'steam:110000110e7f810', 'gold', 0),
	(2718, 'steam:110000110e7f810', 'fabric', 0),
	(2719, 'steam:110000110e7f810', 'packaged_plank', 0),
	(2720, 'steam:110000110e7f810', 'fixtool', 0),
	(2721, 'steam:110000110e7f810', 'turtlebait', 0),
	(2722, 'steam:110000110e7f810', 'clothe', 0),
	(2723, 'steam:110000110e7f810', 'alive_chicken', 0),
	(2724, 'steam:110000110e7f810', 'wood', 0),
	(2725, 'steam:110000110e7f810', 'weed_pooch', 0),
	(2726, 'steam:110000110e7f810', 'washed_stone', 0),
	(2727, 'steam:110000110e7f810', 'fishbait', 0),
	(2728, 'steam:110000110e7f810', 'opium', 0),
	(2729, 'steam:110000110e7f810', 'clip', 0),
	(2730, 'steam:110000110e7f810', 'petrol', 0),
	(2731, 'steam:110000110e7f810', 'medikit', 0),
	(2732, 'steam:110000110e7f810', 'slaughtered_chicken', 0),
	(2733, 'steam:110000110e7f810', 'jewels', 0),
	(2734, 'steam:110000110e7f810', 'bag', 0),
	(2735, 'steam:110000110e7f810', 'petrol_raffin', 0),
	(2736, 'steam:110000110e7f810', 'turtle', 0),
	(2737, 'steam:110000110e7f810', 'bandage', 0),
	(2738, 'steam:110000110e7f810', 'iron', 0),
	(2739, 'steam:110000110e7f810', 'gazbottle', 0),
	(2740, 'steam:110000110e7f810', 'packaged_chicken', 0),
	(2741, 'steam:110000110e7f810', 'essence', 0),
	(2742, 'steam:110000110e7f810', 'stone', 0),
	(2743, 'steam:110000110e7f810', 'fixkit', 0),
	(2744, 'steam:110000110e7f810', 'shark', 0),
	(2745, 'steam:110000110e7f810', 'carotool', 0),
	(2746, 'steam:11000010502c8dd', 'meth', 0),
	(2747, 'steam:11000010502c8dd', 'wool', 0),
	(2748, 'steam:11000010502c8dd', 'blowpipe', 0),
	(2749, 'steam:11000010502c8dd', 'cutted_wood', 0),
	(2750, 'steam:11000010502c8dd', 'copper', 0),
	(2751, 'steam:11000010502c8dd', 'moneywashid', 0),
	(2752, 'steam:11000010502c8dd', 'carokit', 0),
	(2753, 'steam:11000010502c8dd', 'meth_pooch', 0),
	(2754, 'steam:11000010502c8dd', 'coke', 0),
	(2755, 'steam:11000010502c8dd', 'opium_pooch', 0),
	(2756, 'steam:11000010502c8dd', 'weed', 0),
	(2757, 'steam:11000010502c8dd', 'fishingrod', 0),
	(2758, 'steam:11000010502c8dd', 'fish', 0),
	(2759, 'steam:11000010502c8dd', 'diamond', 0),
	(2760, 'steam:11000010502c8dd', 'repairkit', 0),
	(2761, 'steam:11000010502c8dd', 'coke_pooch', 0),
	(2762, 'steam:11000010502c8dd', 'gold', 0),
	(2763, 'steam:11000010502c8dd', 'fabric', 0),
	(2764, 'steam:11000010502c8dd', 'packaged_plank', 0),
	(2765, 'steam:11000010502c8dd', 'fixtool', 0),
	(2766, 'steam:11000010502c8dd', 'turtlebait', 0),
	(2767, 'steam:11000010502c8dd', 'clothe', 0),
	(2768, 'steam:11000010502c8dd', 'alive_chicken', 0),
	(2769, 'steam:11000010502c8dd', 'wood', 0),
	(2770, 'steam:11000010502c8dd', 'weed_pooch', 0),
	(2771, 'steam:11000010502c8dd', 'washed_stone', 0),
	(2772, 'steam:11000010502c8dd', 'fishbait', 0),
	(2773, 'steam:11000010502c8dd', 'opium', 0),
	(2774, 'steam:11000010502c8dd', 'clip', 0),
	(2775, 'steam:11000010502c8dd', 'petrol', 0),
	(2776, 'steam:11000010502c8dd', 'medikit', 0),
	(2777, 'steam:11000010502c8dd', 'slaughtered_chicken', 0),
	(2778, 'steam:11000010502c8dd', 'jewels', 0),
	(2779, 'steam:11000010502c8dd', 'bag', 0),
	(2780, 'steam:11000010502c8dd', 'petrol_raffin', 0),
	(2781, 'steam:11000010502c8dd', 'turtle', 0),
	(2782, 'steam:11000010502c8dd', 'bandage', 0),
	(2783, 'steam:11000010502c8dd', 'iron', 0),
	(2784, 'steam:11000010502c8dd', 'gazbottle', 0),
	(2785, 'steam:11000010502c8dd', 'packaged_chicken', 0),
	(2786, 'steam:11000010502c8dd', 'essence', 0),
	(2787, 'steam:11000010502c8dd', 'stone', 0),
	(2788, 'steam:11000010502c8dd', 'fixkit', 0),
	(2789, 'steam:11000010502c8dd', 'shark', 0),
	(2790, 'steam:11000010502c8dd', 'carotool', 0),
	(2791, 'steam:11000010fc1fd64', 'meth', 0),
	(2792, 'steam:11000010fc1fd64', 'wool', 0),
	(2793, 'steam:11000010fc1fd64', 'blowpipe', 0),
	(2794, 'steam:11000010fc1fd64', 'cutted_wood', 0),
	(2795, 'steam:11000010fc1fd64', 'copper', 0),
	(2796, 'steam:11000010fc1fd64', 'moneywashid', 0),
	(2797, 'steam:11000010fc1fd64', 'carokit', 0),
	(2798, 'steam:11000010fc1fd64', 'meth_pooch', 0),
	(2799, 'steam:11000010fc1fd64', 'coke', 0),
	(2800, 'steam:11000010fc1fd64', 'opium_pooch', 0),
	(2801, 'steam:11000010fc1fd64', 'weed', 0),
	(2802, 'steam:11000010fc1fd64', 'fishingrod', 0),
	(2803, 'steam:11000010fc1fd64', 'fish', 0),
	(2804, 'steam:11000010fc1fd64', 'diamond', 0),
	(2805, 'steam:11000010fc1fd64', 'repairkit', 0),
	(2806, 'steam:11000010fc1fd64', 'coke_pooch', 0),
	(2807, 'steam:11000010fc1fd64', 'gold', 0),
	(2808, 'steam:11000010fc1fd64', 'fabric', 0),
	(2809, 'steam:11000010fc1fd64', 'packaged_plank', 0),
	(2810, 'steam:11000010fc1fd64', 'fixtool', 0),
	(2811, 'steam:11000010fc1fd64', 'turtlebait', 0),
	(2812, 'steam:11000010fc1fd64', 'clothe', 0),
	(2813, 'steam:11000010fc1fd64', 'alive_chicken', 0),
	(2814, 'steam:11000010fc1fd64', 'wood', 0),
	(2815, 'steam:11000010fc1fd64', 'weed_pooch', 0),
	(2816, 'steam:11000010fc1fd64', 'washed_stone', 0),
	(2817, 'steam:11000010fc1fd64', 'fishbait', 0),
	(2818, 'steam:11000010fc1fd64', 'opium', 0),
	(2819, 'steam:11000010fc1fd64', 'clip', 0),
	(2820, 'steam:11000010fc1fd64', 'petrol', 0),
	(2821, 'steam:11000010fc1fd64', 'medikit', 0),
	(2822, 'steam:11000010fc1fd64', 'slaughtered_chicken', 0),
	(2823, 'steam:11000010fc1fd64', 'jewels', 0),
	(2824, 'steam:11000010fc1fd64', 'bag', 0),
	(2825, 'steam:11000010fc1fd64', 'petrol_raffin', 0),
	(2826, 'steam:11000010fc1fd64', 'turtle', 0),
	(2827, 'steam:11000010fc1fd64', 'bandage', 0),
	(2828, 'steam:11000010fc1fd64', 'iron', 0),
	(2829, 'steam:11000010fc1fd64', 'gazbottle', 0),
	(2830, 'steam:11000010fc1fd64', 'packaged_chicken', 0),
	(2831, 'steam:11000010fc1fd64', 'essence', 0),
	(2832, 'steam:11000010fc1fd64', 'stone', 0),
	(2833, 'steam:11000010fc1fd64', 'fixkit', 0),
	(2834, 'steam:11000010fc1fd64', 'shark', 0),
	(2835, 'steam:11000010fc1fd64', 'carotool', 0),
	(2836, 'steam:110000104cba75c', 'meth', 0),
	(2837, 'steam:110000104cba75c', 'wool', 0),
	(2838, 'steam:110000104cba75c', 'blowpipe', 0),
	(2839, 'steam:110000104cba75c', 'cutted_wood', 0),
	(2840, 'steam:110000104cba75c', 'copper', 0),
	(2841, 'steam:110000104cba75c', 'moneywashid', 0),
	(2842, 'steam:110000104cba75c', 'carokit', 0),
	(2843, 'steam:110000104cba75c', 'meth_pooch', 0),
	(2844, 'steam:110000104cba75c', 'coke', 0),
	(2845, 'steam:110000104cba75c', 'opium_pooch', 0),
	(2846, 'steam:110000104cba75c', 'weed', 0),
	(2847, 'steam:110000104cba75c', 'fishingrod', 0),
	(2848, 'steam:110000104cba75c', 'fish', 0),
	(2849, 'steam:110000104cba75c', 'diamond', 0),
	(2850, 'steam:110000104cba75c', 'repairkit', 0),
	(2851, 'steam:110000104cba75c', 'coke_pooch', 0),
	(2852, 'steam:110000104cba75c', 'gold', 0),
	(2853, 'steam:110000104cba75c', 'fabric', 0),
	(2854, 'steam:110000104cba75c', 'packaged_plank', 0),
	(2855, 'steam:110000104cba75c', 'fixtool', 0),
	(2856, 'steam:110000104cba75c', 'turtlebait', 0),
	(2857, 'steam:110000104cba75c', 'clothe', 0),
	(2858, 'steam:110000104cba75c', 'alive_chicken', 0),
	(2859, 'steam:110000104cba75c', 'wood', 0),
	(2860, 'steam:110000104cba75c', 'weed_pooch', 0),
	(2861, 'steam:110000104cba75c', 'washed_stone', 0),
	(2862, 'steam:110000104cba75c', 'fishbait', 0),
	(2863, 'steam:110000104cba75c', 'opium', 0),
	(2864, 'steam:110000104cba75c', 'clip', 0),
	(2865, 'steam:110000104cba75c', 'petrol', 0),
	(2866, 'steam:110000104cba75c', 'medikit', 0),
	(2867, 'steam:110000104cba75c', 'slaughtered_chicken', 0),
	(2868, 'steam:110000104cba75c', 'jewels', 0),
	(2869, 'steam:110000104cba75c', 'bag', 0),
	(2870, 'steam:110000104cba75c', 'petrol_raffin', 0),
	(2871, 'steam:110000104cba75c', 'turtle', 0),
	(2872, 'steam:110000104cba75c', 'bandage', 0),
	(2873, 'steam:110000104cba75c', 'iron', 0),
	(2874, 'steam:110000104cba75c', 'gazbottle', 0),
	(2875, 'steam:110000104cba75c', 'packaged_chicken', 0),
	(2876, 'steam:110000104cba75c', 'essence', 0),
	(2877, 'steam:110000104cba75c', 'stone', 0),
	(2878, 'steam:110000104cba75c', 'fixkit', 0),
	(2879, 'steam:110000104cba75c', 'shark', 0),
	(2880, 'steam:110000104cba75c', 'carotool', 0),
	(2881, 'steam:110000131e418d6', 'meth', 0),
	(2882, 'steam:110000131e418d6', 'wool', 0),
	(2883, 'steam:110000131e418d6', 'blowpipe', 0),
	(2884, 'steam:110000131e418d6', 'cutted_wood', 0),
	(2885, 'steam:110000131e418d6', 'copper', 0),
	(2886, 'steam:110000131e418d6', 'moneywashid', 0),
	(2887, 'steam:110000131e418d6', 'carokit', 0),
	(2888, 'steam:110000131e418d6', 'meth_pooch', 0),
	(2889, 'steam:110000131e418d6', 'coke', 0),
	(2890, 'steam:110000131e418d6', 'opium_pooch', 0),
	(2891, 'steam:110000131e418d6', 'weed', 0),
	(2892, 'steam:110000131e418d6', 'fishingrod', 0),
	(2893, 'steam:110000131e418d6', 'fish', 0),
	(2894, 'steam:110000131e418d6', 'diamond', 0),
	(2895, 'steam:110000131e418d6', 'repairkit', 0),
	(2896, 'steam:110000131e418d6', 'coke_pooch', 0),
	(2897, 'steam:110000131e418d6', 'gold', 0),
	(2898, 'steam:110000131e418d6', 'fabric', 0),
	(2899, 'steam:110000131e418d6', 'packaged_plank', 0),
	(2900, 'steam:110000131e418d6', 'fixtool', 0),
	(2901, 'steam:110000131e418d6', 'turtlebait', 0),
	(2902, 'steam:110000131e418d6', 'clothe', 0),
	(2903, 'steam:110000131e418d6', 'alive_chicken', 0),
	(2904, 'steam:110000131e418d6', 'wood', 0),
	(2905, 'steam:110000131e418d6', 'weed_pooch', 0),
	(2906, 'steam:110000131e418d6', 'washed_stone', 0),
	(2907, 'steam:110000131e418d6', 'fishbait', 0),
	(2908, 'steam:110000131e418d6', 'opium', 0),
	(2909, 'steam:110000131e418d6', 'clip', 0),
	(2910, 'steam:110000131e418d6', 'petrol', 0),
	(2911, 'steam:110000131e418d6', 'medikit', 0),
	(2912, 'steam:110000131e418d6', 'slaughtered_chicken', 0),
	(2913, 'steam:110000131e418d6', 'jewels', 0),
	(2914, 'steam:110000131e418d6', 'bag', 0),
	(2915, 'steam:110000131e418d6', 'petrol_raffin', 0),
	(2916, 'steam:110000131e418d6', 'turtle', 0),
	(2917, 'steam:110000131e418d6', 'bandage', 0),
	(2918, 'steam:110000131e418d6', 'iron', 0),
	(2919, 'steam:110000131e418d6', 'gazbottle', 0),
	(2920, 'steam:110000131e418d6', 'packaged_chicken', 0),
	(2921, 'steam:110000131e418d6', 'essence', 0),
	(2922, 'steam:110000131e418d6', 'stone', 0),
	(2923, 'steam:110000131e418d6', 'fixkit', 0),
	(2924, 'steam:110000131e418d6', 'shark', 0),
	(2925, 'steam:110000131e418d6', 'carotool', 0),
	(2926, 'steam:110000103cb67f0', 'meth', 0),
	(2927, 'steam:110000103cb67f0', 'wool', 0),
	(2928, 'steam:110000103cb67f0', 'blowpipe', 0),
	(2929, 'steam:110000103cb67f0', 'cutted_wood', 0),
	(2930, 'steam:110000103cb67f0', 'copper', 0),
	(2931, 'steam:110000103cb67f0', 'moneywashid', 0),
	(2932, 'steam:110000103cb67f0', 'carokit', 0),
	(2933, 'steam:110000103cb67f0', 'coke', 0),
	(2934, 'steam:110000103cb67f0', 'meth_pooch', 0),
	(2935, 'steam:110000103cb67f0', 'opium_pooch', 0),
	(2936, 'steam:110000103cb67f0', 'weed', 0),
	(2937, 'steam:110000103cb67f0', 'fishingrod', 0),
	(2938, 'steam:110000103cb67f0', 'fish', 0),
	(2939, 'steam:110000103cb67f0', 'diamond', 0),
	(2940, 'steam:110000103cb67f0', 'repairkit', 0),
	(2941, 'steam:110000103cb67f0', 'coke_pooch', 0),
	(2942, 'steam:110000103cb67f0', 'gold', 0),
	(2943, 'steam:110000103cb67f0', 'fabric', 0),
	(2944, 'steam:110000103cb67f0', 'packaged_plank', 0),
	(2945, 'steam:110000103cb67f0', 'fixtool', 0),
	(2946, 'steam:110000103cb67f0', 'turtlebait', 0),
	(2947, 'steam:110000103cb67f0', 'clothe', 0),
	(2948, 'steam:110000103cb67f0', 'alive_chicken', 0),
	(2949, 'steam:110000103cb67f0', 'wood', 0),
	(2950, 'steam:110000103cb67f0', 'weed_pooch', 0),
	(2951, 'steam:110000103cb67f0', 'washed_stone', 0),
	(2952, 'steam:110000103cb67f0', 'fishbait', 0),
	(2953, 'steam:110000103cb67f0', 'opium', 0),
	(2954, 'steam:110000103cb67f0', 'clip', 0),
	(2955, 'steam:110000103cb67f0', 'petrol', 0),
	(2956, 'steam:110000103cb67f0', 'medikit', 0),
	(2957, 'steam:110000103cb67f0', 'slaughtered_chicken', 0),
	(2958, 'steam:110000103cb67f0', 'jewels', 0),
	(2959, 'steam:110000103cb67f0', 'bag', 0),
	(2960, 'steam:110000103cb67f0', 'petrol_raffin', 0),
	(2961, 'steam:110000103cb67f0', 'turtle', 0),
	(2962, 'steam:110000103cb67f0', 'bandage', 0),
	(2963, 'steam:110000103cb67f0', 'iron', 0),
	(2964, 'steam:110000103cb67f0', 'gazbottle', 0),
	(2965, 'steam:110000103cb67f0', 'packaged_chicken', 0),
	(2966, 'steam:110000103cb67f0', 'essence', 0),
	(2967, 'steam:110000103cb67f0', 'stone', 0),
	(2968, 'steam:110000103cb67f0', 'fixkit', 0),
	(2969, 'steam:110000103cb67f0', 'shark', 0),
	(2970, 'steam:110000103cb67f0', 'carotool', 0),
	(2971, 'steam:11000013319a446', 'fish', 0),
	(2972, 'steam:11000013319a446', 'blowpipe', 0),
	(2973, 'steam:11000013319a446', 'weed', 0),
	(2974, 'steam:11000013319a446', 'packaged_plank', 0),
	(2975, 'steam:11000013319a446', 'clothe', 0),
	(2976, 'steam:11000013319a446', 'turtle', 0),
	(2977, 'steam:11000013319a446', 'meth_pooch', 0),
	(2978, 'steam:11000013319a446', 'copper', 0),
	(2979, 'steam:11000013319a446', 'carotool', 0),
	(2980, 'steam:11000013319a446', 'essence', 0),
	(2981, 'steam:11000013319a446', 'petrol_raffin', 0),
	(2982, 'steam:11000013319a446', 'fabric', 0),
	(2983, 'steam:11000013319a446', 'clip', 0),
	(2984, 'steam:11000013319a446', 'petrol', 0),
	(2985, 'steam:11000013319a446', 'diamond', 0),
	(2986, 'steam:11000013319a446', 'coke', 0),
	(2987, 'steam:11000013319a446', 'fixkit', 0),
	(2988, 'steam:11000013319a446', 'opium_pooch', 0),
	(2989, 'steam:11000013319a446', 'shark', 0),
	(2990, 'steam:11000013319a446', 'carokit', 0),
	(2991, 'steam:11000013319a446', 'cutted_wood', 0),
	(2992, 'steam:11000013319a446', 'packaged_chicken', 0),
	(2993, 'steam:11000013319a446', 'bag', 0),
	(2994, 'steam:11000013319a446', 'iron', 0),
	(2995, 'steam:11000013319a446', 'medikit', 0),
	(2996, 'steam:11000013319a446', 'wood', 0),
	(2997, 'steam:11000013319a446', 'slaughtered_chicken', 0),
	(2998, 'steam:11000013319a446', 'gazbottle', 0),
	(2999, 'steam:11000013319a446', 'stone', 0),
	(3000, 'steam:11000013319a446', 'fishbait', 0),
	(3001, 'steam:11000013319a446', 'bandage', 0),
	(3002, 'steam:11000013319a446', 'weed_pooch', 0),
	(3003, 'steam:11000013319a446', 'jewels', 0),
	(3004, 'steam:11000013319a446', 'turtlebait', 0),
	(3005, 'steam:11000013319a446', 'repairkit', 0),
	(3006, 'steam:11000013319a446', 'washed_stone', 0),
	(3007, 'steam:11000013319a446', 'meth', 0),
	(3008, 'steam:11000013319a446', 'fixtool', 0),
	(3009, 'steam:11000013319a446', 'coke_pooch', 0),
	(3010, 'steam:11000013319a446', 'wool', 0),
	(3011, 'steam:11000013319a446', 'fishingrod', 0),
	(3012, 'steam:11000013319a446', 'alive_chicken', 0),
	(3013, 'steam:11000013319a446', 'opium', 0),
	(3014, 'steam:11000013319a446', 'gold', 0),
	(3015, 'steam:11000013319a446', 'moneywashid', 0),
	(3016, 'steam:110000100d56d75', 'fish', 0),
	(3017, 'steam:110000100d56d75', 'blowpipe', 0),
	(3018, 'steam:110000100d56d75', 'weed', 0),
	(3019, 'steam:110000100d56d75', 'packaged_plank', 0),
	(3020, 'steam:110000100d56d75', 'clothe', 0),
	(3021, 'steam:110000100d56d75', 'turtle', 0),
	(3022, 'steam:110000100d56d75', 'meth_pooch', 0),
	(3023, 'steam:110000100d56d75', 'copper', 0),
	(3024, 'steam:110000100d56d75', 'carotool', 0),
	(3025, 'steam:110000100d56d75', 'essence', 0),
	(3026, 'steam:110000100d56d75', 'petrol_raffin', 0),
	(3027, 'steam:110000100d56d75', 'fabric', 0),
	(3028, 'steam:110000100d56d75', 'clip', 0),
	(3029, 'steam:110000100d56d75', 'petrol', 0),
	(3030, 'steam:110000100d56d75', 'diamond', 0),
	(3031, 'steam:110000100d56d75', 'coke', 0),
	(3032, 'steam:110000100d56d75', 'fixkit', 0),
	(3033, 'steam:110000100d56d75', 'opium_pooch', 0),
	(3034, 'steam:110000100d56d75', 'shark', 0),
	(3035, 'steam:110000100d56d75', 'carokit', 0),
	(3036, 'steam:110000100d56d75', 'cutted_wood', 0),
	(3037, 'steam:110000100d56d75', 'packaged_chicken', 0),
	(3038, 'steam:110000100d56d75', 'bag', 0),
	(3039, 'steam:110000100d56d75', 'iron', 0),
	(3040, 'steam:110000100d56d75', 'medikit', 0),
	(3041, 'steam:110000100d56d75', 'wood', 0),
	(3042, 'steam:110000100d56d75', 'slaughtered_chicken', 0),
	(3043, 'steam:110000100d56d75', 'gazbottle', 0),
	(3044, 'steam:110000100d56d75', 'fishbait', 0),
	(3045, 'steam:110000100d56d75', 'stone', 0),
	(3046, 'steam:110000100d56d75', 'bandage', 0),
	(3047, 'steam:110000100d56d75', 'weed_pooch', 0),
	(3048, 'steam:110000100d56d75', 'jewels', 0),
	(3049, 'steam:110000100d56d75', 'turtlebait', 0),
	(3050, 'steam:110000100d56d75', 'repairkit', 0),
	(3051, 'steam:110000100d56d75', 'washed_stone', 0),
	(3052, 'steam:110000100d56d75', 'meth', 0),
	(3053, 'steam:110000100d56d75', 'fixtool', 0),
	(3054, 'steam:110000100d56d75', 'coke_pooch', 0),
	(3055, 'steam:110000100d56d75', 'wool', 0),
	(3056, 'steam:110000100d56d75', 'fishingrod', 0),
	(3057, 'steam:110000100d56d75', 'alive_chicken', 0),
	(3058, 'steam:110000100d56d75', 'opium', 0),
	(3059, 'steam:110000100d56d75', 'gold', 0),
	(3060, 'steam:110000100d56d75', 'moneywashid', 0),
	(3061, 'steam:110000138c2c651', 'fish', 0),
	(3062, 'steam:110000138c2c651', 'blowpipe', 0),
	(3063, 'steam:110000138c2c651', 'weed', 0),
	(3064, 'steam:110000138c2c651', 'packaged_plank', 0),
	(3065, 'steam:110000138c2c651', 'clothe', 0),
	(3066, 'steam:110000138c2c651', 'turtle', 0),
	(3067, 'steam:110000138c2c651', 'copper', 0),
	(3068, 'steam:110000138c2c651', 'carotool', 0),
	(3069, 'steam:110000138c2c651', 'meth_pooch', 0),
	(3070, 'steam:110000138c2c651', 'essence', 0),
	(3071, 'steam:110000138c2c651', 'petrol_raffin', 0),
	(3072, 'steam:110000138c2c651', 'fabric', 0),
	(3073, 'steam:110000138c2c651', 'clip', 0),
	(3074, 'steam:110000138c2c651', 'petrol', 0),
	(3075, 'steam:110000138c2c651', 'diamond', 0),
	(3076, 'steam:110000138c2c651', 'coke', 0),
	(3077, 'steam:110000138c2c651', 'fixkit', 0),
	(3078, 'steam:110000138c2c651', 'opium_pooch', 0),
	(3079, 'steam:110000138c2c651', 'shark', 0),
	(3080, 'steam:110000138c2c651', 'carokit', 0),
	(3081, 'steam:110000138c2c651', 'cutted_wood', 0),
	(3082, 'steam:110000138c2c651', 'packaged_chicken', 0),
	(3083, 'steam:110000138c2c651', 'bag', 0),
	(3084, 'steam:110000138c2c651', 'iron', 0),
	(3085, 'steam:110000138c2c651', 'medikit', 0),
	(3086, 'steam:110000138c2c651', 'wood', 0),
	(3087, 'steam:110000138c2c651', 'slaughtered_chicken', 0),
	(3088, 'steam:110000138c2c651', 'gazbottle', 0),
	(3089, 'steam:110000138c2c651', 'fishbait', 0),
	(3090, 'steam:110000138c2c651', 'stone', 0),
	(3091, 'steam:110000138c2c651', 'bandage', 0),
	(3092, 'steam:110000138c2c651', 'weed_pooch', 0),
	(3093, 'steam:110000138c2c651', 'jewels', 0),
	(3094, 'steam:110000138c2c651', 'turtlebait', 0),
	(3095, 'steam:110000138c2c651', 'repairkit', 0),
	(3096, 'steam:110000138c2c651', 'washed_stone', 0),
	(3097, 'steam:110000138c2c651', 'meth', 0),
	(3098, 'steam:110000138c2c651', 'fixtool', 0),
	(3099, 'steam:110000138c2c651', 'coke_pooch', 0),
	(3100, 'steam:110000138c2c651', 'wool', 0),
	(3101, 'steam:110000138c2c651', 'fishingrod', 0),
	(3102, 'steam:110000138c2c651', 'alive_chicken', 0),
	(3103, 'steam:110000138c2c651', 'opium', 0),
	(3104, 'steam:110000138c2c651', 'gold', 0),
	(3105, 'steam:110000138c2c651', 'moneywashid', 0),
	(3106, 'steam:11000010edab357', 'fish', 0),
	(3107, 'steam:11000010edab357', 'blowpipe', 0),
	(3108, 'steam:11000010edab357', 'weed', 0),
	(3109, 'steam:11000010edab357', 'packaged_plank', 0),
	(3110, 'steam:11000010edab357', 'clothe', 0),
	(3111, 'steam:11000010edab357', 'turtle', 0),
	(3112, 'steam:11000010edab357', 'copper', 0),
	(3113, 'steam:11000010edab357', 'meth_pooch', 0),
	(3114, 'steam:11000010edab357', 'carotool', 0),
	(3115, 'steam:11000010edab357', 'essence', 0),
	(3116, 'steam:11000010edab357', 'petrol_raffin', 0),
	(3117, 'steam:11000010edab357', 'fabric', 0),
	(3118, 'steam:11000010edab357', 'clip', 0),
	(3119, 'steam:11000010edab357', 'petrol', 0),
	(3120, 'steam:11000010edab357', 'diamond', 0),
	(3121, 'steam:11000010edab357', 'coke', 0),
	(3122, 'steam:11000010edab357', 'fixkit', 0),
	(3123, 'steam:11000010edab357', 'opium_pooch', 0),
	(3124, 'steam:11000010edab357', 'shark', 0),
	(3125, 'steam:11000010edab357', 'carokit', 0),
	(3126, 'steam:11000010edab357', 'cutted_wood', 0),
	(3127, 'steam:11000010edab357', 'packaged_chicken', 0),
	(3128, 'steam:11000010edab357', 'bag', 0),
	(3129, 'steam:11000010edab357', 'iron', 0),
	(3130, 'steam:11000010edab357', 'medikit', 0),
	(3131, 'steam:11000010edab357', 'wood', 0),
	(3132, 'steam:11000010edab357', 'slaughtered_chicken', 0),
	(3133, 'steam:11000010edab357', 'gazbottle', 0),
	(3134, 'steam:11000010edab357', 'stone', 0),
	(3135, 'steam:11000010edab357', 'fishbait', 0),
	(3136, 'steam:11000010edab357', 'bandage', 0),
	(3137, 'steam:11000010edab357', 'weed_pooch', 0),
	(3138, 'steam:11000010edab357', 'jewels', 0),
	(3139, 'steam:11000010edab357', 'turtlebait', 0),
	(3140, 'steam:11000010edab357', 'repairkit', 0),
	(3141, 'steam:11000010edab357', 'washed_stone', 0),
	(3142, 'steam:11000010edab357', 'meth', 0),
	(3143, 'steam:11000010edab357', 'fixtool', 0),
	(3144, 'steam:11000010edab357', 'coke_pooch', 0),
	(3145, 'steam:11000010edab357', 'wool', 0),
	(3146, 'steam:11000010edab357', 'fishingrod', 0),
	(3147, 'steam:11000010edab357', 'alive_chicken', 0),
	(3148, 'steam:11000010edab357', 'opium', 0),
	(3149, 'steam:11000010edab357', 'gold', 0),
	(3150, 'steam:11000010edab357', 'moneywashid', 0),
	(3151, 'steam:110000100020401', 'fish', 0),
	(3152, 'steam:110000100020401', 'blowpipe', 0),
	(3153, 'steam:110000100020401', 'weed', 0),
	(3154, 'steam:110000100020401', 'packaged_plank', 0),
	(3155, 'steam:110000100020401', 'clothe', 0),
	(3156, 'steam:110000100020401', 'turtle', 0),
	(3157, 'steam:110000100020401', 'meth_pooch', 0),
	(3158, 'steam:110000100020401', 'copper', 0),
	(3159, 'steam:110000100020401', 'carotool', 0),
	(3160, 'steam:110000100020401', 'essence', 0),
	(3161, 'steam:110000100020401', 'petrol_raffin', 0),
	(3162, 'steam:110000100020401', 'fabric', 0),
	(3163, 'steam:110000100020401', 'clip', 0),
	(3164, 'steam:110000100020401', 'petrol', 0),
	(3165, 'steam:110000100020401', 'diamond', 0),
	(3166, 'steam:110000100020401', 'coke', 0),
	(3167, 'steam:110000100020401', 'fixkit', 0),
	(3168, 'steam:110000100020401', 'opium_pooch', 0),
	(3169, 'steam:110000100020401', 'shark', 0),
	(3170, 'steam:110000100020401', 'carokit', 0),
	(3171, 'steam:110000100020401', 'cutted_wood', 0),
	(3172, 'steam:110000100020401', 'packaged_chicken', 0),
	(3173, 'steam:110000100020401', 'bag', 0),
	(3174, 'steam:110000100020401', 'iron', 0),
	(3175, 'steam:110000100020401', 'medikit', 0),
	(3176, 'steam:110000100020401', 'wood', 0),
	(3177, 'steam:110000100020401', 'slaughtered_chicken', 0),
	(3178, 'steam:110000100020401', 'gazbottle', 0),
	(3179, 'steam:110000100020401', 'stone', 0),
	(3180, 'steam:110000100020401', 'fishbait', 0),
	(3181, 'steam:110000100020401', 'bandage', 0),
	(3182, 'steam:110000100020401', 'weed_pooch', 0),
	(3183, 'steam:110000100020401', 'jewels', 0),
	(3184, 'steam:110000100020401', 'turtlebait', 0),
	(3185, 'steam:110000100020401', 'repairkit', 0),
	(3186, 'steam:110000100020401', 'washed_stone', 0),
	(3187, 'steam:110000100020401', 'meth', 0),
	(3188, 'steam:110000100020401', 'fixtool', 0),
	(3189, 'steam:110000100020401', 'coke_pooch', 0),
	(3190, 'steam:110000100020401', 'wool', 0),
	(3191, 'steam:110000100020401', 'fishingrod', 0),
	(3192, 'steam:110000100020401', 'alive_chicken', 0),
	(3193, 'steam:110000100020401', 'opium', 0),
	(3194, 'steam:110000100020401', 'gold', 0),
	(3195, 'steam:110000100020401', 'moneywashid', 0),
	(3196, 'steam:110000101bf4db7', 'turtlebait', 0),
	(3197, 'steam:110000101bf4db7', 'slaughtered_chicken', 0),
	(3198, 'steam:110000101bf4db7', 'medikit', 0),
	(3199, 'steam:110000101bf4db7', 'stone', 0),
	(3200, 'steam:110000101bf4db7', 'carokit', 0),
	(3201, 'steam:110000101bf4db7', 'petrol', 0),
	(3202, 'steam:110000101bf4db7', 'essence', 0),
	(3203, 'steam:110000101bf4db7', 'blowpipe', 0),
	(3204, 'steam:110000101bf4db7', 'iron', 0),
	(3205, 'steam:110000101bf4db7', 'meth', 0),
	(3206, 'steam:110000101bf4db7', 'gazbottle', 0),
	(3207, 'steam:110000101bf4db7', 'coke', 0),
	(3208, 'steam:110000101bf4db7', 'wool', 0),
	(3209, 'steam:110000101bf4db7', 'clothe', 0),
	(3210, 'steam:110000101bf4db7', 'copper', 0),
	(3211, 'steam:110000101bf4db7', 'gold', 0),
	(3212, 'steam:110000101bf4db7', 'opium_pooch', 0),
	(3213, 'steam:110000101bf4db7', 'bag', 0),
	(3214, 'steam:110000101bf4db7', 'fishingrod', 0),
	(3215, 'steam:110000101bf4db7', 'weed', 0),
	(3216, 'steam:110000101bf4db7', 'washed_stone', 0),
	(3217, 'steam:110000101bf4db7', 'jewels', 0),
	(3218, 'steam:110000101bf4db7', 'turtle', 0),
	(3219, 'steam:110000101bf4db7', 'opium', 0),
	(3220, 'steam:110000101bf4db7', 'fixkit', 0),
	(3221, 'steam:110000101bf4db7', 'alive_chicken', 0),
	(3222, 'steam:110000101bf4db7', 'fishbait', 0),
	(3223, 'steam:110000101bf4db7', 'repairkit', 0),
	(3224, 'steam:110000101bf4db7', 'moneywashid', 0),
	(3225, 'steam:110000101bf4db7', 'petrol_raffin', 0),
	(3226, 'steam:110000101bf4db7', 'cutted_wood', 0),
	(3227, 'steam:110000101bf4db7', 'wood', 0),
	(3228, 'steam:110000101bf4db7', 'packaged_chicken', 0),
	(3229, 'steam:110000101bf4db7', 'meth_pooch', 0),
	(3230, 'steam:110000101bf4db7', 'fixtool', 0),
	(3231, 'steam:110000101bf4db7', 'fabric', 0),
	(3232, 'steam:110000101bf4db7', 'clip', 0),
	(3233, 'steam:110000101bf4db7', 'coke_pooch', 0),
	(3234, 'steam:110000101bf4db7', 'weed_pooch', 0),
	(3235, 'steam:110000101bf4db7', 'shark', 0),
	(3236, 'steam:110000101bf4db7', 'diamond', 0),
	(3237, 'steam:110000101bf4db7', 'packaged_plank', 0),
	(3238, 'steam:110000101bf4db7', 'carotool', 0),
	(3239, 'steam:110000101bf4db7', 'fish', 0),
	(3240, 'steam:110000101bf4db7', 'bandage', 0),
	(3241, 'steam:11000010b2c0fc7', 'turtlebait', 0),
	(3242, 'steam:11000010b2c0fc7', 'slaughtered_chicken', 0),
	(3243, 'steam:11000010b2c0fc7', 'stone', 0),
	(3244, 'steam:11000010b2c0fc7', 'carokit', 0),
	(3245, 'steam:11000010b2c0fc7', 'medikit', 0),
	(3246, 'steam:11000010b2c0fc7', 'petrol', 0),
	(3247, 'steam:11000010b2c0fc7', 'essence', 0),
	(3248, 'steam:11000010b2c0fc7', 'blowpipe', 0),
	(3249, 'steam:11000010b2c0fc7', 'iron', 0),
	(3250, 'steam:11000010b2c0fc7', 'meth', 0),
	(3251, 'steam:11000010b2c0fc7', 'gazbottle', 0),
	(3252, 'steam:11000010b2c0fc7', 'coke', 0),
	(3253, 'steam:11000010b2c0fc7', 'wool', 0),
	(3254, 'steam:11000010b2c0fc7', 'clothe', 0),
	(3255, 'steam:11000010b2c0fc7', 'copper', 0),
	(3256, 'steam:11000010b2c0fc7', 'gold', 0),
	(3257, 'steam:11000010b2c0fc7', 'opium_pooch', 0),
	(3258, 'steam:11000010b2c0fc7', 'bag', 0),
	(3259, 'steam:11000010b2c0fc7', 'fishingrod', 0),
	(3260, 'steam:11000010b2c0fc7', 'weed', 0),
	(3261, 'steam:11000010b2c0fc7', 'washed_stone', 0),
	(3262, 'steam:11000010b2c0fc7', 'jewels', 0),
	(3263, 'steam:11000010b2c0fc7', 'turtle', 0),
	(3264, 'steam:11000010b2c0fc7', 'opium', 0),
	(3265, 'steam:11000010b2c0fc7', 'fixkit', 0),
	(3266, 'steam:11000010b2c0fc7', 'alive_chicken', 0),
	(3267, 'steam:11000010b2c0fc7', 'fishbait', 0),
	(3268, 'steam:11000010b2c0fc7', 'repairkit', 0),
	(3269, 'steam:11000010b2c0fc7', 'moneywashid', 0),
	(3270, 'steam:11000010b2c0fc7', 'petrol_raffin', 0),
	(3271, 'steam:11000010b2c0fc7', 'cutted_wood', 0),
	(3272, 'steam:11000010b2c0fc7', 'wood', 0),
	(3273, 'steam:11000010b2c0fc7', 'packaged_chicken', 0),
	(3274, 'steam:11000010b2c0fc7', 'meth_pooch', 0),
	(3275, 'steam:11000010b2c0fc7', 'fixtool', 0),
	(3276, 'steam:11000010b2c0fc7', 'fabric', 0),
	(3277, 'steam:11000010b2c0fc7', 'clip', 0),
	(3278, 'steam:11000010b2c0fc7', 'coke_pooch', 0),
	(3279, 'steam:11000010b2c0fc7', 'weed_pooch', 0),
	(3280, 'steam:11000010b2c0fc7', 'shark', 0),
	(3281, 'steam:11000010b2c0fc7', 'diamond', 0),
	(3282, 'steam:11000010b2c0fc7', 'packaged_plank', 0),
	(3283, 'steam:11000010b2c0fc7', 'carotool', 0),
	(3284, 'steam:11000010b2c0fc7', 'fish', 0),
	(3285, 'steam:11000010b2c0fc7', 'bandage', 0),
	(3286, 'steam:1100001151b9041', 'alive_chicken', 0),
	(3287, 'steam:1100001151b9041', 'stone', 0),
	(3288, 'steam:1100001151b9041', 'coke_pooch', 0),
	(3289, 'steam:1100001151b9041', 'jewels', 0),
	(3290, 'steam:1100001151b9041', 'carokit', 0),
	(3291, 'steam:1100001151b9041', 'diamond', 0),
	(3292, 'steam:1100001151b9041', 'bag', 0),
	(3293, 'steam:1100001151b9041', 'weed', 0),
	(3294, 'steam:1100001151b9041', 'fishingrod', 0),
	(3295, 'steam:1100001151b9041', 'gold', 0),
	(3296, 'steam:1100001151b9041', 'packaged_plank', 0),
	(3297, 'steam:1100001151b9041', 'iron', 0),
	(3298, 'steam:1100001151b9041', 'opium', 0),
	(3299, 'steam:1100001151b9041', 'gazbottle', 0),
	(3300, 'steam:1100001151b9041', 'fixkit', 0),
	(3301, 'steam:1100001151b9041', 'meth', 0),
	(3302, 'steam:1100001151b9041', 'washed_stone', 0),
	(3303, 'steam:1100001151b9041', 'clip', 0),
	(3304, 'steam:1100001151b9041', 'carotool', 0),
	(3305, 'steam:1100001151b9041', 'fabric', 0),
	(3306, 'steam:1100001151b9041', 'weed_pooch', 0),
	(3307, 'steam:1100001151b9041', 'opium_pooch', 0),
	(3308, 'steam:1100001151b9041', 'packaged_chicken', 0),
	(3309, 'steam:1100001151b9041', 'turtle', 0),
	(3310, 'steam:1100001151b9041', 'moneywashid', 0),
	(3311, 'steam:1100001151b9041', 'copper', 0),
	(3312, 'steam:1100001151b9041', 'clothe', 0),
	(3313, 'steam:1100001151b9041', 'shark', 0),
	(3314, 'steam:1100001151b9041', 'fish', 0),
	(3315, 'steam:1100001151b9041', 'wool', 0),
	(3316, 'steam:1100001151b9041', 'wood', 0),
	(3317, 'steam:1100001151b9041', 'essence', 0),
	(3318, 'steam:1100001151b9041', 'coke', 0),
	(3319, 'steam:1100001151b9041', 'turtlebait', 0),
	(3320, 'steam:1100001151b9041', 'fishbait', 0),
	(3321, 'steam:1100001151b9041', 'slaughtered_chicken', 0),
	(3322, 'steam:1100001151b9041', 'repairkit', 0),
	(3323, 'steam:1100001151b9041', 'petrol_raffin', 0),
	(3324, 'steam:1100001151b9041', 'bandage', 0),
	(3325, 'steam:1100001151b9041', 'petrol', 0),
	(3326, 'steam:1100001151b9041', 'meth_pooch', 0),
	(3327, 'steam:1100001151b9041', 'medikit', 0),
	(3328, 'steam:1100001151b9041', 'fixtool', 0),
	(3329, 'steam:1100001151b9041', 'cutted_wood', 0),
	(3330, 'steam:1100001151b9041', 'blowpipe', 0),
	(3331, 'steam:11000010c765b9e', 'carotool', 0),
	(3332, 'steam:11000010c765b9e', 'petrol_raffin', 0),
	(3333, 'steam:11000010c765b9e', 'opium_pooch', 0),
	(3334, 'steam:11000010c765b9e', 'fish', 0),
	(3335, 'steam:11000010c765b9e', 'weed', 420),
	(3336, 'steam:11000010c765b9e', 'petrol', 0),
	(3337, 'steam:11000010c765b9e', 'washed_stone', 0),
	(3338, 'steam:11000010c765b9e', 'clothe', 0),
	(3339, 'steam:11000010c765b9e', 'slaughtered_chicken', 0),
	(3340, 'steam:11000010c765b9e', 'fixtool', 0),
	(3341, 'steam:11000010c765b9e', 'clip', 0),
	(3342, 'steam:11000010c765b9e', 'cutted_wood', 0),
	(3343, 'steam:11000010c765b9e', 'iron', 0),
	(3344, 'steam:11000010c765b9e', 'meth', 0),
	(3345, 'steam:11000010c765b9e', 'gold', 0),
	(3346, 'steam:11000010c765b9e', 'turtle', 0),
	(3347, 'steam:11000010c765b9e', 'fishingrod', 0),
	(3348, 'steam:11000010c765b9e', 'coke', 0),
	(3349, 'steam:11000010c765b9e', 'opium', 0),
	(3350, 'steam:11000010c765b9e', 'jewels', 0),
	(3351, 'steam:11000010c765b9e', 'meth_pooch', 0),
	(3352, 'steam:11000010c765b9e', 'wool', 0),
	(3353, 'steam:11000010c765b9e', 'blowpipe', 0),
	(3354, 'steam:11000010c765b9e', 'wood', 0),
	(3355, 'steam:11000010c765b9e', 'moneywashid', 0),
	(3356, 'steam:11000010c765b9e', 'copper', 0),
	(3357, 'steam:11000010c765b9e', 'alive_chicken', 0),
	(3358, 'steam:11000010c765b9e', 'weed_pooch', 0),
	(3359, 'steam:11000010c765b9e', 'coke_pooch', 0),
	(3360, 'steam:11000010c765b9e', 'packaged_plank', 0),
	(3361, 'steam:11000010c765b9e', 'fishbait', 0),
	(3362, 'steam:11000010c765b9e', 'turtlebait', 0),
	(3363, 'steam:11000010c765b9e', 'bandage', 0),
	(3364, 'steam:11000010c765b9e', 'repairkit', 0),
	(3365, 'steam:11000010c765b9e', 'medikit', 0),
	(3366, 'steam:11000010c765b9e', 'diamond', 0),
	(3367, 'steam:11000010c765b9e', 'shark', 0),
	(3368, 'steam:11000010c765b9e', 'gazbottle', 0),
	(3369, 'steam:11000010c765b9e', 'packaged_chicken', 0),
	(3370, 'steam:11000010c765b9e', 'stone', 0),
	(3371, 'steam:11000010c765b9e', 'essence', 0),
	(3372, 'steam:11000010c765b9e', 'fabric', 0),
	(3373, 'steam:11000010c765b9e', 'bag', 0),
	(3374, 'steam:11000010c765b9e', 'fixkit', 0),
	(3375, 'steam:11000010c765b9e', 'carokit', 0),
	(3376, 'steam:1100001073d9ce8', 'fishingrod', 0),
	(3377, 'steam:1100001073d9ce8', 'weed_pooch', 0),
	(3378, 'steam:1100001073d9ce8', 'medikit', 0),
	(3379, 'steam:1100001073d9ce8', 'jewels', 0),
	(3380, 'steam:1100001073d9ce8', 'clip', 0),
	(3381, 'steam:1100001073d9ce8', 'coke_pooch', 0),
	(3382, 'steam:1100001073d9ce8', 'coke', 0),
	(3383, 'steam:1100001073d9ce8', 'weed', 0),
	(3384, 'steam:1100001073d9ce8', 'turtlebait', 0),
	(3385, 'steam:1100001073d9ce8', 'meth_pooch', 51),
	(3386, 'steam:1100001073d9ce8', 'shark', 0),
	(3387, 'steam:1100001073d9ce8', 'carotool', 0),
	(3388, 'steam:1100001073d9ce8', 'packaged_chicken', 0),
	(3389, 'steam:1100001073d9ce8', 'diamond', 0),
	(3390, 'steam:1100001073d9ce8', 'slaughtered_chicken', 0),
	(3391, 'steam:1100001073d9ce8', 'stone', 0),
	(3392, 'steam:1100001073d9ce8', 'copper', 0),
	(3393, 'steam:1100001073d9ce8', 'repairkit', 0),
	(3394, 'steam:1100001073d9ce8', 'alive_chicken', 0),
	(3395, 'steam:1100001073d9ce8', 'opium_pooch', 0),
	(3396, 'steam:1100001073d9ce8', 'fishbait', 0),
	(3397, 'steam:1100001073d9ce8', 'gold', 0),
	(3398, 'steam:1100001073d9ce8', 'fabric', 0),
	(3399, 'steam:1100001073d9ce8', 'wool', 0),
	(3400, 'steam:1100001073d9ce8', 'fixkit', 0),
	(3401, 'steam:1100001073d9ce8', 'wood', 0),
	(3402, 'steam:1100001073d9ce8', 'carokit', 0),
	(3403, 'steam:1100001073d9ce8', 'essence', 0),
	(3404, 'steam:1100001073d9ce8', 'iron', 0),
	(3405, 'steam:1100001073d9ce8', 'washed_stone', 0),
	(3406, 'steam:1100001073d9ce8', 'petrol', 0),
	(3407, 'steam:1100001073d9ce8', 'bag', 0),
	(3408, 'steam:1100001073d9ce8', 'petrol_raffin', 0),
	(3409, 'steam:1100001073d9ce8', 'packaged_plank', 0),
	(3410, 'steam:1100001073d9ce8', 'clothe', 0),
	(3411, 'steam:1100001073d9ce8', 'turtle', 0),
	(3412, 'steam:1100001073d9ce8', 'cutted_wood', 0),
	(3413, 'steam:1100001073d9ce8', 'meth', 165),
	(3414, 'steam:1100001073d9ce8', 'fixtool', 0),
	(3415, 'steam:1100001073d9ce8', 'moneywashid', 0),
	(3416, 'steam:1100001073d9ce8', 'blowpipe', 0),
	(3417, 'steam:1100001073d9ce8', 'fish', 0),
	(3418, 'steam:1100001073d9ce8', 'gazbottle', 0),
	(3419, 'steam:1100001073d9ce8', 'opium', 0),
	(3420, 'steam:1100001073d9ce8', 'bandage', 0),
	(3421, 'steam:11000010c765b9e', 'pistol', 0),
	(3422, 'steam:110000101bf4db7', 'pistol', 0),
	(3423, 'steam:11000010723c135', 'pistol', 0),
	(3424, 'steam:11000010601b981', 'pistol', 0),
	(3425, 'steam:1100001073d9ce8', 'pistol', 0),
	(3426, 'steam:1100001124879e8', 'pistol', 0),
	(3427, 'steam:11000010cb47682', 'wool', 0),
	(3428, 'steam:11000010cb47682', 'fish', 0),
	(3429, 'steam:11000010cb47682', 'packaged_chicken', 0),
	(3430, 'steam:11000010cb47682', 'meth_pooch', 0),
	(3431, 'steam:11000010cb47682', 'diamond', 0),
	(3432, 'steam:11000010cb47682', 'medikit', 0),
	(3433, 'steam:11000010cb47682', 'cutted_wood', 0),
	(3434, 'steam:11000010cb47682', 'iron', 0),
	(3435, 'steam:11000010cb47682', 'shark', 0),
	(3436, 'steam:11000010cb47682', 'blowpipe', 0),
	(3437, 'steam:11000010cb47682', 'clothe', 0),
	(3438, 'steam:11000010cb47682', 'essence', 0),
	(3439, 'steam:11000010cb47682', 'washed_stone', 0),
	(3440, 'steam:11000010cb47682', 'alive_chicken', 0),
	(3441, 'steam:11000010cb47682', 'bag', 0),
	(3442, 'steam:11000010cb47682', 'wood', 0),
	(3443, 'steam:11000010cb47682', 'weed_pooch', 0),
	(3444, 'steam:11000010cb47682', 'weed', 0),
	(3445, 'steam:11000010cb47682', 'coke_pooch', 0),
	(3446, 'steam:11000010cb47682', 'fixtool', 0),
	(3447, 'steam:11000010cb47682', 'fabric', 0),
	(3448, 'steam:11000010cb47682', 'turtlebait', 0),
	(3449, 'steam:11000010cb47682', 'gold', 0),
	(3450, 'steam:11000010cb47682', 'petrol', 0),
	(3451, 'steam:11000010cb47682', 'carotool', 0),
	(3452, 'steam:11000010cb47682', 'turtle', 0),
	(3453, 'steam:11000010cb47682', 'stone', 0),
	(3454, 'steam:11000010cb47682', 'fishbait', 0),
	(3455, 'steam:11000010cb47682', 'slaughtered_chicken', 0),
	(3456, 'steam:11000010cb47682', 'opium', 0),
	(3457, 'steam:11000010cb47682', 'pistol', 0),
	(3458, 'steam:11000010cb47682', 'copper', 0),
	(3459, 'steam:11000010cb47682', 'opium_pooch', 0),
	(3460, 'steam:11000010cb47682', 'petrol_raffin', 0),
	(3461, 'steam:11000010cb47682', 'carokit', 0),
	(3462, 'steam:11000010cb47682', 'packaged_plank', 0),
	(3463, 'steam:11000010cb47682', 'moneywashid', 0),
	(3464, 'steam:11000010cb47682', 'bandage', 0),
	(3465, 'steam:11000010cb47682', 'fishingrod', 0),
	(3466, 'steam:11000010cb47682', 'clip', 0),
	(3467, 'steam:11000010cb47682', 'coke', 0),
	(3468, 'steam:11000010cb47682', 'repairkit', 0),
	(3469, 'steam:11000010cb47682', 'meth', 0),
	(3470, 'steam:11000010cb47682', 'gazbottle', 0),
	(3471, 'steam:11000010cb47682', 'fixkit', 0),
	(3472, 'steam:11000010cb47682', 'jewels', 0),
	(3473, 'steam:11000010659c823', 'wool', 0),
	(3474, 'steam:11000010659c823', 'fish', 0),
	(3475, 'steam:11000010659c823', 'packaged_chicken', 0),
	(3476, 'steam:11000010659c823', 'meth_pooch', 0),
	(3477, 'steam:11000010659c823', 'diamond', 0),
	(3478, 'steam:11000010659c823', 'medikit', 0),
	(3479, 'steam:11000010659c823', 'cutted_wood', 0),
	(3480, 'steam:11000010659c823', 'blowpipe', 0),
	(3481, 'steam:11000010659c823', 'iron', 0),
	(3482, 'steam:11000010659c823', 'shark', 0),
	(3483, 'steam:11000010659c823', 'essence', 0),
	(3484, 'steam:11000010659c823', 'washed_stone', 0),
	(3485, 'steam:11000010659c823', 'clothe', 0),
	(3486, 'steam:11000010659c823', 'alive_chicken', 0),
	(3487, 'steam:11000010659c823', 'bag', 0),
	(3488, 'steam:11000010659c823', 'wood', 0),
	(3489, 'steam:11000010659c823', 'weed_pooch', 0),
	(3490, 'steam:11000010659c823', 'weed', 155),
	(3491, 'steam:11000010659c823', 'coke_pooch', 0),
	(3492, 'steam:11000010659c823', 'fixtool', 0),
	(3493, 'steam:11000010659c823', 'fabric', 0),
	(3494, 'steam:11000010659c823', 'turtlebait', 0),
	(3495, 'steam:11000010659c823', 'gold', 0),
	(3496, 'steam:11000010659c823', 'petrol', 0),
	(3497, 'steam:11000010659c823', 'carotool', 0),
	(3498, 'steam:11000010659c823', 'turtle', 0),
	(3499, 'steam:11000010659c823', 'stone', 0),
	(3500, 'steam:11000010659c823', 'fishbait', 0),
	(3501, 'steam:11000010659c823', 'slaughtered_chicken', 0),
	(3502, 'steam:11000010659c823', 'opium', 0),
	(3503, 'steam:11000010659c823', 'pistol', 0),
	(3504, 'steam:11000010659c823', 'copper', 0),
	(3505, 'steam:11000010659c823', 'opium_pooch', 0),
	(3506, 'steam:11000010659c823', 'carokit', 0),
	(3507, 'steam:11000010659c823', 'petrol_raffin', 0),
	(3508, 'steam:11000010659c823', 'packaged_plank', 0),
	(3509, 'steam:11000010659c823', 'moneywashid', 0),
	(3510, 'steam:11000010659c823', 'bandage', 0),
	(3511, 'steam:11000010659c823', 'fishingrod', 0),
	(3512, 'steam:11000010659c823', 'clip', 0),
	(3513, 'steam:11000010659c823', 'coke', 0),
	(3514, 'steam:11000010659c823', 'repairkit', 0),
	(3515, 'steam:11000010659c823', 'meth', 0),
	(3516, 'steam:11000010659c823', 'gazbottle', 0),
	(3517, 'steam:11000010659c823', 'fixkit', 0),
	(3518, 'steam:11000010659c823', 'jewels', 0),
	(3519, 'steam:1100001166c3189', 'wool', 0),
	(3520, 'steam:1100001166c3189', 'packaged_chicken', 0),
	(3521, 'steam:1100001166c3189', 'meth_pooch', 0),
	(3522, 'steam:1100001166c3189', 'fish', 0),
	(3523, 'steam:1100001166c3189', 'diamond', 0),
	(3524, 'steam:1100001166c3189', 'cutted_wood', 0),
	(3525, 'steam:1100001166c3189', 'medikit', 0),
	(3526, 'steam:1100001166c3189', 'iron', 0),
	(3527, 'steam:1100001166c3189', 'shark', 0),
	(3528, 'steam:1100001166c3189', 'blowpipe', 0),
	(3529, 'steam:1100001166c3189', 'clothe', 0),
	(3530, 'steam:1100001166c3189', 'essence', 0),
	(3531, 'steam:1100001166c3189', 'washed_stone', 0),
	(3532, 'steam:1100001166c3189', 'alive_chicken', 0),
	(3533, 'steam:1100001166c3189', 'bag', 0),
	(3534, 'steam:1100001166c3189', 'wood', 0),
	(3535, 'steam:1100001166c3189', 'weed_pooch', 0),
	(3536, 'steam:1100001166c3189', 'weed', 0),
	(3537, 'steam:1100001166c3189', 'coke_pooch', 0),
	(3538, 'steam:1100001166c3189', 'fixtool', 0),
	(3539, 'steam:1100001166c3189', 'fabric', 0),
	(3540, 'steam:1100001166c3189', 'turtlebait', 0),
	(3541, 'steam:1100001166c3189', 'gold', 0),
	(3542, 'steam:1100001166c3189', 'petrol', 0),
	(3543, 'steam:1100001166c3189', 'carotool', 0),
	(3544, 'steam:1100001166c3189', 'turtle', 0),
	(3545, 'steam:1100001166c3189', 'stone', 0),
	(3546, 'steam:1100001166c3189', 'fishbait', 0),
	(3547, 'steam:1100001166c3189', 'slaughtered_chicken', 0),
	(3548, 'steam:1100001166c3189', 'opium', 0),
	(3549, 'steam:1100001166c3189', 'pistol', 0),
	(3550, 'steam:1100001166c3189', 'copper', 0),
	(3551, 'steam:1100001166c3189', 'opium_pooch', 0),
	(3552, 'steam:1100001166c3189', 'petrol_raffin', 0),
	(3553, 'steam:1100001166c3189', 'carokit', 0),
	(3554, 'steam:1100001166c3189', 'packaged_plank', 0),
	(3555, 'steam:1100001166c3189', 'moneywashid', 0),
	(3556, 'steam:1100001166c3189', 'bandage', 0),
	(3557, 'steam:1100001166c3189', 'fishingrod', 0),
	(3558, 'steam:1100001166c3189', 'clip', 0),
	(3559, 'steam:1100001166c3189', 'coke', 0),
	(3560, 'steam:1100001166c3189', 'repairkit', 0),
	(3561, 'steam:1100001166c3189', 'meth', 0),
	(3562, 'steam:1100001166c3189', 'gazbottle', 0),
	(3563, 'steam:1100001166c3189', 'fixkit', 0),
	(3564, 'steam:1100001166c3189', 'jewels', 0),
	(3565, 'steam:1100001124879e8', 'umbrella', 0),
	(3566, 'steam:1100001124879e8', 'rose', 0),
	(3567, 'steam:1100001124879e8', 'bulletproof', 0),
	(3568, 'steam:1100001124879e8', 'picnic', 0),
	(3569, 'steam:1100001124879e8', 'redgull', 0),
	(3570, 'steam:1100001124879e8', 'oxygen_mask', 0),
	(3571, 'steam:1100001124879e8', 'donut', 0),
	(3572, 'steam:1100001124879e8', 'sandwich', 0),
	(3573, 'steam:110000111998809', 'carotool', 0),
	(3574, 'steam:110000111998809', 'turtle', 0),
	(3575, 'steam:110000111998809', 'fishingrod', 0),
	(3576, 'steam:110000111998809', 'moneywashid', 0),
	(3577, 'steam:110000111998809', 'gold', 0),
	(3578, 'steam:110000111998809', 'umbrella', 0),
	(3579, 'steam:110000111998809', 'turtlebait', 0),
	(3580, 'steam:110000111998809', 'rose', 0),
	(3581, 'steam:110000111998809', 'jewels', 0),
	(3582, 'steam:110000111998809', 'slaughtered_chicken', 0),
	(3583, 'steam:110000111998809', 'gazbottle', 0),
	(3584, 'steam:110000111998809', 'repairkit', 0),
	(3585, 'steam:110000111998809', 'coke_pooch', 0),
	(3586, 'steam:110000111998809', 'coke', 0),
	(3587, 'steam:110000111998809', 'essence', 0),
	(3588, 'steam:110000111998809', 'fixtool', 0),
	(3589, 'steam:110000111998809', 'clothe', 0),
	(3590, 'steam:110000111998809', 'wood', 0),
	(3591, 'steam:110000111998809', 'fixkit', 0),
	(3592, 'steam:110000111998809', 'packaged_chicken', 0),
	(3593, 'steam:110000111998809', 'petrol', 0),
	(3594, 'steam:110000111998809', 'meth', 0),
	(3595, 'steam:110000111998809', 'alive_chicken', 0),
	(3596, 'steam:110000111998809', 'cutted_wood', 0),
	(3597, 'steam:110000111998809', 'meth_pooch', 0),
	(3598, 'steam:110000111998809', 'washed_stone', 0),
	(3599, 'steam:110000111998809', 'medikit', 0),
	(3600, 'steam:110000111998809', 'packaged_plank', 0),
	(3601, 'steam:110000111998809', 'fishbait', 0),
	(3602, 'steam:110000111998809', 'stone', 0),
	(3603, 'steam:110000111998809', 'bulletproof', 0),
	(3604, 'steam:110000111998809', 'blowpipe', 0),
	(3605, 'steam:110000111998809', 'carokit', 0),
	(3606, 'steam:110000111998809', 'redgull', 0),
	(3607, 'steam:110000111998809', 'pistol', 0),
	(3608, 'steam:110000111998809', 'petrol_raffin', 0),
	(3609, 'steam:110000111998809', 'fabric', 0),
	(3610, 'steam:110000111998809', 'picnic', 0),
	(3611, 'steam:110000111998809', 'weed_pooch', 0),
	(3612, 'steam:110000111998809', 'clip', 0),
	(3613, 'steam:110000111998809', 'shark', 0),
	(3614, 'steam:110000111998809', 'bag', 0),
	(3615, 'steam:110000111998809', 'opium_pooch', 0),
	(3616, 'steam:110000111998809', 'opium', 0),
	(3617, 'steam:110000111998809', 'weed', 0),
	(3618, 'steam:110000111998809', 'bandage', 0),
	(3619, 'steam:110000111998809', 'oxygen_mask', 0),
	(3620, 'steam:110000111998809', 'diamond', 0),
	(3621, 'steam:110000111998809', 'wool', 0),
	(3622, 'steam:110000111998809', 'donut', 0),
	(3623, 'steam:110000111998809', 'fish', 0),
	(3624, 'steam:110000111998809', 'copper', 0),
	(3625, 'steam:110000111998809', 'iron', 0),
	(3626, 'steam:110000111998809', 'sandwich', 0),
	(3627, 'steam:1100001009e56e3', 'turtle', 0),
	(3628, 'steam:1100001009e56e3', 'carotool', 0),
	(3629, 'steam:1100001009e56e3', 'moneywashid', 0),
	(3630, 'steam:1100001009e56e3', 'fishingrod', 0),
	(3631, 'steam:1100001009e56e3', 'gold', 0),
	(3632, 'steam:1100001009e56e3', 'umbrella', 0),
	(3633, 'steam:1100001009e56e3', 'turtlebait', 0),
	(3634, 'steam:1100001009e56e3', 'rose', 0),
	(3635, 'steam:1100001009e56e3', 'slaughtered_chicken', 0),
	(3636, 'steam:1100001009e56e3', 'jewels', 0),
	(3637, 'steam:1100001009e56e3', 'gazbottle', 0),
	(3638, 'steam:1100001009e56e3', 'repairkit', 0),
	(3639, 'steam:1100001009e56e3', 'coke_pooch', 0),
	(3640, 'steam:1100001009e56e3', 'coke', 0),
	(3641, 'steam:1100001009e56e3', 'essence', 0),
	(3642, 'steam:1100001009e56e3', 'fixtool', 0),
	(3643, 'steam:1100001009e56e3', 'clothe', 0),
	(3644, 'steam:1100001009e56e3', 'wood', 0),
	(3645, 'steam:1100001009e56e3', 'fixkit', 0),
	(3646, 'steam:1100001009e56e3', 'petrol', 0),
	(3647, 'steam:1100001009e56e3', 'packaged_chicken', 0),
	(3648, 'steam:1100001009e56e3', 'meth', 0),
	(3649, 'steam:1100001009e56e3', 'alive_chicken', 0),
	(3650, 'steam:1100001009e56e3', 'cutted_wood', 0),
	(3651, 'steam:1100001009e56e3', 'meth_pooch', 0),
	(3652, 'steam:1100001009e56e3', 'washed_stone', 0),
	(3653, 'steam:1100001009e56e3', 'medikit', 0),
	(3654, 'steam:1100001009e56e3', 'fishbait', 0),
	(3655, 'steam:1100001009e56e3', 'packaged_plank', 0),
	(3656, 'steam:1100001009e56e3', 'stone', 0),
	(3657, 'steam:1100001009e56e3', 'bulletproof', 0),
	(3658, 'steam:1100001009e56e3', 'carokit', 0),
	(3659, 'steam:1100001009e56e3', 'blowpipe', 0),
	(3660, 'steam:1100001009e56e3', 'redgull', 0),
	(3661, 'steam:1100001009e56e3', 'pistol', 0),
	(3662, 'steam:1100001009e56e3', 'petrol_raffin', 0),
	(3663, 'steam:1100001009e56e3', 'fabric', 0),
	(3664, 'steam:1100001009e56e3', 'picnic', 0),
	(3665, 'steam:1100001009e56e3', 'weed_pooch', 0),
	(3666, 'steam:1100001009e56e3', 'clip', 0),
	(3667, 'steam:1100001009e56e3', 'shark', 0),
	(3668, 'steam:1100001009e56e3', 'bag', 0),
	(3669, 'steam:1100001009e56e3', 'opium_pooch', 0),
	(3670, 'steam:1100001009e56e3', 'opium', 0),
	(3671, 'steam:1100001009e56e3', 'weed', 0),
	(3672, 'steam:1100001009e56e3', 'bandage', 0),
	(3673, 'steam:1100001009e56e3', 'oxygen_mask', 0),
	(3674, 'steam:1100001009e56e3', 'diamond', 0),
	(3675, 'steam:1100001009e56e3', 'wool', 0),
	(3676, 'steam:1100001009e56e3', 'donut', 0),
	(3677, 'steam:1100001009e56e3', 'fish', 0),
	(3678, 'steam:1100001009e56e3', 'copper', 0),
	(3679, 'steam:1100001009e56e3', 'iron', 0),
	(3680, 'steam:1100001009e56e3', 'sandwich', 0),
	(3681, 'steam:110000116369cd9', 'turtle', 0),
	(3682, 'steam:110000116369cd9', 'carotool', 0),
	(3683, 'steam:110000116369cd9', 'moneywashid', 0),
	(3684, 'steam:110000116369cd9', 'fishingrod', 0),
	(3685, 'steam:110000116369cd9', 'gold', 0),
	(3686, 'steam:110000116369cd9', 'umbrella', 0),
	(3687, 'steam:110000116369cd9', 'turtlebait', 0),
	(3688, 'steam:110000116369cd9', 'rose', 0),
	(3689, 'steam:110000116369cd9', 'jewels', 0),
	(3690, 'steam:110000116369cd9', 'slaughtered_chicken', 0),
	(3691, 'steam:110000116369cd9', 'gazbottle', 0),
	(3692, 'steam:110000116369cd9', 'repairkit', 0),
	(3693, 'steam:110000116369cd9', 'coke_pooch', 0),
	(3694, 'steam:110000116369cd9', 'coke', 0),
	(3695, 'steam:110000116369cd9', 'essence', 0),
	(3696, 'steam:110000116369cd9', 'fixtool', 0),
	(3697, 'steam:110000116369cd9', 'clothe', 0),
	(3698, 'steam:110000116369cd9', 'wood', 0),
	(3699, 'steam:110000116369cd9', 'fixkit', 0),
	(3700, 'steam:110000116369cd9', 'petrol', 0),
	(3701, 'steam:110000116369cd9', 'packaged_chicken', 0),
	(3702, 'steam:110000116369cd9', 'meth', 0),
	(3703, 'steam:110000116369cd9', 'alive_chicken', 0),
	(3704, 'steam:110000116369cd9', 'cutted_wood', 0),
	(3705, 'steam:110000116369cd9', 'meth_pooch', 0),
	(3706, 'steam:110000116369cd9', 'washed_stone', 0),
	(3707, 'steam:110000116369cd9', 'medikit', 0),
	(3708, 'steam:110000116369cd9', 'packaged_plank', 0),
	(3709, 'steam:110000116369cd9', 'fishbait', 0),
	(3710, 'steam:110000116369cd9', 'stone', 0),
	(3711, 'steam:110000116369cd9', 'bulletproof', 0),
	(3712, 'steam:110000116369cd9', 'carokit', 0),
	(3713, 'steam:110000116369cd9', 'blowpipe', 0),
	(3714, 'steam:110000116369cd9', 'redgull', 0),
	(3715, 'steam:110000116369cd9', 'pistol', 0),
	(3716, 'steam:110000116369cd9', 'petrol_raffin', 0),
	(3717, 'steam:110000116369cd9', 'fabric', 0),
	(3718, 'steam:110000116369cd9', 'picnic', 0),
	(3719, 'steam:110000116369cd9', 'weed_pooch', 0),
	(3720, 'steam:110000116369cd9', 'clip', 0),
	(3721, 'steam:110000116369cd9', 'shark', 0),
	(3722, 'steam:110000116369cd9', 'bag', 0),
	(3723, 'steam:110000116369cd9', 'opium_pooch', 0),
	(3724, 'steam:110000116369cd9', 'opium', 0),
	(3725, 'steam:110000116369cd9', 'weed', 0),
	(3726, 'steam:110000116369cd9', 'bandage', 0),
	(3727, 'steam:110000116369cd9', 'oxygen_mask', 0),
	(3728, 'steam:110000116369cd9', 'diamond', 0),
	(3729, 'steam:110000116369cd9', 'wool', 0),
	(3730, 'steam:110000116369cd9', 'donut', 0),
	(3731, 'steam:110000116369cd9', 'fish', 0),
	(3732, 'steam:110000116369cd9', 'copper', 0),
	(3733, 'steam:110000116369cd9', 'iron', 0),
	(3734, 'steam:110000116369cd9', 'sandwich', 0),
	(3735, 'steam:11000010601b981', 'umbrella', 0),
	(3736, 'steam:11000010601b981', 'rose', 0),
	(3737, 'steam:11000010601b981', 'bulletproof', 0),
	(3738, 'steam:11000010601b981', 'redgull', 0),
	(3739, 'steam:11000010601b981', 'picnic', 0),
	(3740, 'steam:11000010601b981', 'oxygen_mask', 0),
	(3741, 'steam:11000010601b981', 'donut', 0),
	(3742, 'steam:11000010601b981', 'sandwich', 0),
	(3743, 'steam:1100001366d9112', 'turtle', 0),
	(3744, 'steam:1100001366d9112', 'carotool', 0),
	(3745, 'steam:1100001366d9112', 'moneywashid', 0),
	(3746, 'steam:1100001366d9112', 'fishingrod', 0),
	(3747, 'steam:1100001366d9112', 'gold', 0),
	(3748, 'steam:1100001366d9112', 'umbrella', 0),
	(3749, 'steam:1100001366d9112', 'turtlebait', 0),
	(3750, 'steam:1100001366d9112', 'rose', 0),
	(3751, 'steam:1100001366d9112', 'jewels', 0),
	(3752, 'steam:1100001366d9112', 'slaughtered_chicken', 0),
	(3753, 'steam:1100001366d9112', 'gazbottle', 0),
	(3754, 'steam:1100001366d9112', 'repairkit', 0),
	(3755, 'steam:1100001366d9112', 'coke_pooch', 0),
	(3756, 'steam:1100001366d9112', 'coke', 0),
	(3757, 'steam:1100001366d9112', 'essence', 0),
	(3758, 'steam:1100001366d9112', 'fixtool', 0),
	(3759, 'steam:1100001366d9112', 'clothe', 0),
	(3760, 'steam:1100001366d9112', 'wood', 0),
	(3761, 'steam:1100001366d9112', 'fixkit', 0),
	(3762, 'steam:1100001366d9112', 'petrol', 0),
	(3763, 'steam:1100001366d9112', 'packaged_chicken', 0),
	(3764, 'steam:1100001366d9112', 'meth', 0),
	(3765, 'steam:1100001366d9112', 'alive_chicken', 0),
	(3766, 'steam:1100001366d9112', 'meth_pooch', 0),
	(3767, 'steam:1100001366d9112', 'cutted_wood', 0),
	(3768, 'steam:1100001366d9112', 'washed_stone', 0),
	(3769, 'steam:1100001366d9112', 'medikit', 0),
	(3770, 'steam:1100001366d9112', 'packaged_plank', 0),
	(3771, 'steam:1100001366d9112', 'bulletproof', 0),
	(3772, 'steam:1100001366d9112', 'fishbait', 0),
	(3773, 'steam:1100001366d9112', 'stone', 0),
	(3774, 'steam:1100001366d9112', 'carokit', 0),
	(3775, 'steam:1100001366d9112', 'blowpipe', 0),
	(3776, 'steam:1100001366d9112', 'redgull', 0),
	(3777, 'steam:1100001366d9112', 'pistol', 0),
	(3778, 'steam:1100001366d9112', 'petrol_raffin', 0),
	(3779, 'steam:1100001366d9112', 'fabric', 0),
	(3780, 'steam:1100001366d9112', 'picnic', 0),
	(3781, 'steam:1100001366d9112', 'weed_pooch', 0),
	(3782, 'steam:1100001366d9112', 'clip', 0),
	(3783, 'steam:1100001366d9112', 'shark', 0),
	(3784, 'steam:1100001366d9112', 'bag', 0),
	(3785, 'steam:1100001366d9112', 'opium_pooch', 0),
	(3786, 'steam:1100001366d9112', 'opium', 0),
	(3787, 'steam:1100001366d9112', 'bandage', 0),
	(3788, 'steam:1100001366d9112', 'oxygen_mask', 0),
	(3789, 'steam:1100001366d9112', 'weed', 0),
	(3790, 'steam:1100001366d9112', 'diamond', 0),
	(3791, 'steam:1100001366d9112', 'wool', 0),
	(3792, 'steam:1100001366d9112', 'donut', 0),
	(3793, 'steam:1100001366d9112', 'fish', 0),
	(3794, 'steam:1100001366d9112', 'copper', 0),
	(3795, 'steam:1100001366d9112', 'iron', 0),
	(3796, 'steam:1100001366d9112', 'sandwich', 0);
/*!40000 ALTER TABLE `user_inventory` ENABLE KEYS */;

-- Dumping structure for table essentialmode.user_licenses
CREATE TABLE IF NOT EXISTS `user_licenses` (
  `id` int(11) NOT NULL AUTO_INCREMENT,
  `type` varchar(60) COLLATE utf8mb4_bin NOT NULL,
  `owner` varchar(60) COLLATE utf8mb4_bin NOT NULL,
  PRIMARY KEY (`id`)
) ENGINE=InnoDB AUTO_INCREMENT=15 DEFAULT CHARSET=utf8mb4 COLLATE=utf8mb4_bin;

-- Dumping data for table essentialmode.user_licenses: ~14 rows (approximately)
/*!40000 ALTER TABLE `user_licenses` DISABLE KEYS */;
INSERT INTO `user_licenses` (`id`, `type`, `owner`) VALUES
	(1, 'weapon', 'steam:11000010a44d3fb'),
	(2, 'dmv', 'steam:11000010a44d3fb'),
	(3, 'dmv', 'steam:110000102b061cf'),
	(4, 'drive', 'steam:11000010a44d3fb'),
	(5, 'drive', 'steam:110000102b061cf'),
	(6, 'weapon', 'steam:110000109c9813a'),
	(7, 'weapon', 'steam:1100001060d204f'),
	(8, 'weapon', 'steam:11000010770908b'),
	(9, 'dmv', 'steam:11000010ccf37ca'),
	(10, 'weapon', 'steam:110000101bf4db7'),
	(11, 'dmv', 'steam:110000115986142'),
	(12, 'weapon', 'steam:110000115986142'),
	(13, 'dmv', 'steam:11000010c765b9e'),
	(14, 'drive', 'steam:11000010c765b9e');
/*!40000 ALTER TABLE `user_licenses` ENABLE KEYS */;

-- Dumping structure for table essentialmode.vehicles
CREATE TABLE IF NOT EXISTS `vehicles` (
  `name` varchar(60) COLLATE utf8mb4_bin NOT NULL,
  `model` varchar(60) COLLATE utf8mb4_bin NOT NULL,
  `price` int(11) NOT NULL,
  `category` varchar(60) COLLATE utf8mb4_bin DEFAULT NULL,
  PRIMARY KEY (`model`)
) ENGINE=InnoDB DEFAULT CHARSET=utf8mb4 COLLATE=utf8mb4_bin;

-- Dumping data for table essentialmode.vehicles: ~284 rows (approximately)
/*!40000 ALTER TABLE `vehicles` DISABLE KEYS */;
INSERT INTO `vehicles` (`name`, `model`, `price`, `category`) VALUES
	('Dodge Challenger', '16challenger', 50000, 'custom_muscle'),
	('Peugeot 206', '206', 7000, 'custom_coupe'),
	('Porsche 911R', '911r', 400000, 'custom_sports'),
	('Porsche 911R WideBody', '911rwb', 480000, 'custom_sports'),
	('Audi A4', 'A4', 27000, 'custom_sedan'),
	('Akuma', 'AKUMA', 7500, 'motorcycles'),
	('BMW Hommage', 'BMWHOMMAGE', 450000, 'custom_super'),
	('BMW M6 F13', 'M6F13', 115000, 'custom_sports'),
	('BMW X6M', 'X6M', 125000, 'custom_suvs'),
	('Mercedes A45 AMG', 'a45amg', 125000, 'custom_sports'),
	('Adder', 'adder', 900000, 'super'),
	('Alpha', 'alpha', 60000, 'sports'),
	('Ferrari Aperta', 'aperta', 870000, 'custom_super'),
	('Asea', 'asea', 5500, 'sedans'),
	('Autarch', 'autarch', 1955000, 'super'),
	('Avarus', 'avarus', 18000, 'motorcycles'),
	('Bagger', 'bagger', 13500, 'motorcycles'),
	('Baller', 'baller2', 40000, 'suvs'),
	('Baller Sport', 'baller3', 60000, 'suvs'),
	('Banshee', 'banshee', 70000, 'sports'),
	('Banshee 900R', 'banshee2', 255000, 'super'),
	('Bati 801', 'bati', 12000, 'motorcycles'),
	('Bati 801RR', 'bati2', 19000, 'motorcycles'),
	('Bentley Bentayga', 'bbentayga', 250000, 'custom_luxury'),
	('Bugatti Divo', 'bdivo', 2500000, 'custom_super'),
	('Bestia GTS', 'bestiagts', 55000, 'sports'),
	('BF400', 'bf400', 6500, 'motorcycles'),
	('Bf Injection', 'bfinjection', 16000, 'offroad'),
	('Bifta', 'bifta', 12000, 'offroad'),
	('Bison', 'bison', 45000, 'vans'),
	('Blade', 'blade', 15000, 'muscle'),
	('Blazer', 'blazer', 6500, 'offroad'),
	('Blazer Sport', 'blazer4', 8500, 'offroad'),
	('Blista', 'blista', 8000, 'compacts'),
	('BMW S1000RR', 'bmws', 27000, 'custom_bikes'),
	('BMX (velo)', 'bmx', 160, 'motorcycles'),
	('Bobcat XL', 'bobcatxl', 32000, 'vans'),
	('Mercedes Brabus 850', 'brabus850', 225000, 'custom_sports'),
	('Brawler', 'brawler', 45000, 'offroad'),
	('Brioso R/A', 'brioso', 18000, 'compacts'),
	('Subaru BRZ', 'brzrbv3', 60000, 'custom_sports'),
	('Btype', 'btype', 62000, 'sportsclassics'),
	('Btype Hotroad', 'btype2', 155000, 'sportsclassics'),
	('Btype Luxe', 'btype3', 85000, 'sportsclassics'),
	('Buccaneer', 'buccaneer', 18000, 'muscle'),
	('Buccaneer Rider', 'buccaneer2', 24000, 'muscle'),
	('Buffalo', 'buffalo', 12000, 'sports'),
	('Buffalo S', 'buffalo2', 20000, 'sports'),
	('Bullet', 'bullet', 90000, 'super'),
	('Burrito', 'burrito3', 19000, 'vans'),
	('Camper', 'camper', 42000, 'vans'),
	('Toyota Camry', 'camry55', 25000, 'custom_sedan'),
	('Carbonizzare', 'carbonizzare', 75000, 'sports'),
	('Carbon RS', 'carbonrs', 18000, 'motorcycles'),
	('Casco', 'casco', 30000, 'sportsclassics'),
	('Cavalcade', 'cavalcade2', 55000, 'suvs'),
	('Cheetah', 'cheetah', 375000, 'super'),
	('Chimera', 'chimera', 38000, 'motorcycles'),
	('Chino', 'chino', 15000, 'muscle'),
	('Chino Luxe', 'chino2', 19000, 'muscle'),
	('Bugatti Chiron', 'chiron17', 1700000, 'custom_super'),
	('Cliffhanger', 'cliffhanger', 9500, 'motorcycles'),
	('Cognoscenti Cabrio', 'cogcabrio', 55000, 'coupes'),
	('Cognoscenti', 'cognoscenti', 55000, 'sedans'),
	('Comet', 'comet2', 65000, 'sports'),
	('Contender', 'contender', 70000, 'suvs'),
	('Coquette', 'coquette', 65000, 'sports'),
	('Coquette Classic', 'coquette2', 40000, 'sportsclassics'),
	('Coquette BlackFin', 'coquette3', 55000, 'muscle'),
	('Cruiser (velo)', 'cruiser', 510, 'motorcycles'),
	('Jaguar CX75', 'cx75', 780000, 'custom_super'),
	('Cyclone', 'cyclone', 1890000, 'super'),
	('Daemon', 'daemon', 11500, 'motorcycles'),
	('Daemon High', 'daemon2', 13500, 'motorcycles'),
	('Defiler', 'defiler', 9800, 'motorcycles'),
	('Jeep Demonhawk', 'demonhawk', 150000, 'custom_suvs'),
	('Ducati Diavel', 'diavel', 20000, 'custom_bikes'),
	('Dominator', 'dominator', 35000, 'muscle'),
	('Double T', 'double', 28000, 'motorcycles'),
	('Dubsta', 'dubsta', 45000, 'suvs'),
	('Dubsta Luxuary', 'dubsta2', 60000, 'suvs'),
	('Bubsta 6x6', 'dubsta3', 120000, 'offroad'),
	('Dukes', 'dukes', 28000, 'muscle'),
	('Dune Buggy', 'dune', 8000, 'offroad'),
	('Elegy', 'elegy2', 38500, 'sports'),
	('Emperor', 'emperor', 8500, 'sedans'),
	('Enduro', 'enduro', 5500, 'motorcycles'),
	('Entity XF', 'entityxf', 425000, 'super'),
	('Esskey', 'esskey', 4200, 'motorcycles'),
	('Mitsubishi Lancer EVO X', 'evo10', 35000, 'custom_sports'),
	('Exemplar', 'exemplar', 32000, 'coupes'),
	('Ferrari F12M', 'f12m', 2500000, 'custom_super'),
	('Ferrari F40', 'f40', 1800000, 'custom_super'),
	('F620', 'f620', 40000, 'coupes'),
	('Faction', 'faction', 20000, 'muscle'),
	('Faction Rider', 'faction2', 30000, 'muscle'),
	('Faction XL', 'faction3', 40000, 'muscle'),
	('Faggio', 'faggio', 1900, 'motorcycles'),
	('Vespa', 'faggio2', 2800, 'motorcycles'),
	('Felon', 'felon', 42000, 'coupes'),
	('Felon GT', 'felon2', 55000, 'coupes'),
	('Feltzer', 'feltzer2', 55000, 'sports'),
	('Stirling GT', 'feltzer3', 65000, 'sportsclassics'),
	('Honda NSX', 'filthynsx', 55000, 'custom_sports'),
	('Fixter (velo)', 'fixter', 225, 'motorcycles'),
	('FMJ', 'fmj', 185000, 'super'),
	('Fhantom', 'fq2', 17000, 'suvs'),
	('Fugitive', 'fugitive', 12000, 'sedans'),
	('Furore GT', 'furoregt', 45000, 'sports'),
	('Fusilade', 'fusilade', 40000, 'sports'),
	('Ferrari FXX K', 'fxxk16', 2800000, 'custom_super'),
	('Mercedes G65 AMG', 'g65amg', 175000, 'custom_suvs'),
	('Gargoyle', 'gargoyle', 16500, 'motorcycles'),
	('Gauntlet', 'gauntlet', 30000, 'muscle'),
	('Gang Burrito', 'gburrito', 45000, 'vans'),
	('Burrito', 'gburrito2', 29000, 'vans'),
	('Glendale', 'glendale', 6500, 'sedans'),
	('Grabger', 'granger', 50000, 'suvs'),
	('Gresley', 'gresley', 47500, 'suvs'),
	('GT 500', 'gt500', 785000, 'sportsclassics'),
	('Toyota GT86', 'gt86', 37500, 'custom_sports'),
	('Nissan GTR', 'gtr', 190000, 'custom_sports'),
	('Guardian', 'guardian', 45000, 'offroad'),
	('Hummer H6', 'h6', 130000, 'custom_offroad'),
	('Hakuchou', 'hakuchou', 31000, 'motorcycles'),
	('Hakuchou Sport', 'hakuchou2', 55000, 'motorcycles'),
	('Honda CBR1000RR', 'hcbr17', 25000, 'custom_bikes'),
	('Hermes', 'hermes', 535000, 'muscle'),
	('Hexer', 'hexer', 12000, 'motorcycles'),
	('Hotknife', 'hotknife', 125000, 'muscle'),
	('Huntley S', 'huntley', 40000, 'suvs'),
	('Hustler', 'hustler', 625000, 'muscle'),
	('BMW I8', 'i8', 125000, 'custom_sports'),
	('Infernus', 'infernus', 180000, 'super'),
	('Innovation', 'innovation', 23500, 'motorcycles'),
	('Intruder', 'intruder', 7500, 'sedans'),
	('Issi', 'issi2', 10000, 'compacts'),
	('Jackal', 'jackal', 38000, 'coupes'),
	('Jester', 'jester', 65000, 'sports'),
	('Jester(Racecar)', 'jester2', 135000, 'sports'),
	('Journey', 'journey', 6500, 'vans'),
	('Kamacho', 'kamacho', 345000, 'offroad'),
	('Khamelion', 'khamelion', 38000, 'sports'),
	('Kuruma', 'kuruma', 30000, 'sports'),
	('Landstalker', 'landstalker', 35000, 'suvs'),
	('RE-7B', 'le7b', 325000, 'super'),
	('Ferrari 458 LibertyWalk', 'lw458s', 2000000, 'custom_super'),
	('Lynx', 'lynx', 40000, 'sports'),
	('BMW M2', 'm2', 75000, 'custom_sports'),
	('BMW M3 E30', 'm3e30', 40000, 'custom_sports'),
	('BMW M3 E46', 'm3e46', 90000, 'custom_sports'),
	('BMW M5 E60', 'm5e60', 100000, 'custom_sports'),
	('Mamba', 'mamba', 70000, 'sports'),
	('Manana', 'manana', 12800, 'sportsclassics'),
	('Manchez', 'manchez', 5300, 'motorcycles'),
	('Massacro', 'massacro', 65000, 'sports'),
	('Massacro(Racecar)', 'massacro2', 130000, 'sports'),
	('Mesa', 'mesa', 16000, 'suvs'),
	('Mesa Trail', 'mesa3', 40000, 'suvs'),
	('Minivan', 'minivan', 13000, 'vans'),
	('Monroe', 'monroe', 55000, 'sportsclassics'),
	('The Liberator', 'monster', 210000, 'offroad'),
	('Moonbeam', 'moonbeam', 18000, 'vans'),
	('Moonbeam Rider', 'moonbeam2', 35000, 'vans'),
	('Mercedes Vision GT', 'mvisiongt', 1500000, 'custom_super'),
	('Nemesis', 'nemesis', 5800, 'motorcycles'),
	('Neon', 'neon', 1500000, 'sports'),
	('Kawasaki Ninja H2', 'nh2r', 55000, 'custom_bikes'),
	('Nightblade', 'nightblade', 35000, 'motorcycles'),
	('Nightshade', 'nightshade', 65000, 'muscle'),
	('9F', 'ninef', 65000, 'sports'),
	('9F Cabrio', 'ninef2', 80000, 'sports'),
	('Honda Odyssey', 'ody18', 20000, 'custom_sedan'),
	('Omnis', 'omnis', 35000, 'sports'),
	('Oracle XS', 'oracle2', 35000, 'coupes'),
	('Osiris', 'osiris', 160000, 'super'),
	('Panto', 'panto', 10000, 'compacts'),
	('Paradise', 'paradise', 19000, 'vans'),
	('Pariah', 'pariah', 1420000, 'sports'),
	('Patriot', 'patriot', 55000, 'suvs'),
	('PCJ-600', 'pcj', 6200, 'motorcycles'),
	('Penumbra', 'penumbra', 28000, 'sports'),
	('Pfister', 'pfister811', 85000, 'super'),
	('Phoenix', 'phoenix', 12500, 'muscle'),
	('Picador', 'picador', 18000, 'muscle'),
	('Pigalle', 'pigalle', 20000, 'sportsclassics'),
	('Ferrari Pista', 'pista', 650000, 'custom_super'),
	('Prairie', 'prairie', 12000, 'compacts'),
	('Premier', 'premier', 8000, 'sedans'),
	('Primo Custom', 'primo2', 14000, 'sedans'),
	('Toyota Prius', 'prius', 10000, 'custom_sedan'),
	('X80 Proto', 'prototipo', 2500000, 'super'),
	('Yamaha R25', 'r25', 30000, 'custom_bikes'),
	('Radius', 'radi', 29000, 'suvs'),
	('raiden', 'raiden', 1375000, 'sports'),
	('Rapid GT', 'rapidgt', 35000, 'sports'),
	('Rapid GT Convertible', 'rapidgt2', 45000, 'sports'),
	('Rapid GT3', 'rapidgt3', 885000, 'sportsclassics'),
	('Ford Raptor', 'raptor2017', 155000, 'custom_offroad'),
	('Reaper', 'reaper', 150000, 'super'),
	('Rebel', 'rebel2', 35000, 'offroad'),
	('Regina', 'regina', 5000, 'sedans'),
	('Retinue', 'retinue', 615000, 'sportsclassics'),
	('Revolter', 'revolter', 1610000, 'sports'),
	('riata', 'riata', 380000, 'offroad'),
	('Mercedes C63 AMG', 'rmodamgc63', 300000, 'custom_sports'),
	('BMW M4', 'rmodm4', 110000, 'custom_sports'),
	('Rocoto', 'rocoto', 45000, 'suvs'),
	('Ruffian', 'ruffian', 6800, 'motorcycles'),
	('Rumpo', 'rumpo', 15000, 'vans'),
	('Rumpo Trail', 'rumpo3', 19500, 'vans'),
	('Mercedes S500 W222', 's500w222', 150000, 'custom_luxury'),
	('Sabre Turbo', 'sabregt', 20000, 'muscle'),
	('Sabre GT', 'sabregt2', 25000, 'muscle'),
	('Sanchez', 'sanchez', 5300, 'motorcycles'),
	('Sanchez Sport', 'sanchez2', 5300, 'motorcycles'),
	('Sanctus', 'sanctus', 25000, 'motorcycles'),
	('Sandking', 'sandking', 55000, 'offroad'),
	('Savestra', 'savestra', 990000, 'sportsclassics'),
	('SC 1', 'sc1', 1603000, 'super'),
	('Schafter', 'schafter2', 25000, 'sedans'),
	('Schafter V12', 'schafter3', 50000, 'sports'),
	('Scorcher (velo)', 'scorcher', 280, 'motorcycles'),
	('Seminole', 'seminole', 25000, 'suvs'),
	('Sentinel', 'sentinel', 32000, 'coupes'),
	('Sentinel XS', 'sentinel2', 40000, 'coupes'),
	('Sentinel3', 'sentinel3', 650000, 'sports'),
	('Seven 70', 'seven70', 39500, 'sports'),
	('ETR1', 'sheava', 220000, 'super'),
	('Shotaro Concept', 'shotaro', 320000, 'motorcycles'),
	('Nissan Skyline', 'skyline69', 150000, 'custom_sports'),
	('Slam Van', 'slamvan3', 11500, 'muscle'),
	('Sovereign', 'sovereign', 22000, 'motorcycles'),
	('Jeep SRT8', 'srt8', 95000, 'custom_suvs'),
	('Stinger', 'stinger', 80000, 'sportsclassics'),
	('Stinger GT', 'stingergt', 75000, 'sportsclassics'),
	('Streiter', 'streiter', 500000, 'sports'),
	('Stretch', 'stretch', 90000, 'sedans'),
	('Subaru Impreza STI 7', 'subarusti7', 55000, 'custom_sports'),
	('Subaru Impreza WRX', 'subwrx', 65000, 'custom_sports'),
	('Sultan', 'sultan', 15000, 'sports'),
	('Sultan RS', 'sultanrs', 65000, 'super'),
	('Super Diamond', 'superd', 130000, 'sedans'),
	('Surano', 'surano', 50000, 'sports'),
	('Surfer', 'surfer', 12000, 'vans'),
	('T20', 't20', 300000, 'super'),
	('Tailgater', 'tailgater', 30000, 'sedans'),
	('Tampa', 'tampa', 16000, 'muscle'),
	('Drift Tampa', 'tampa2', 80000, 'sports'),
	('Thrust', 'thrust', 24000, 'motorcycles'),
	('Tri bike (velo)', 'tribike3', 520, 'motorcycles'),
	('Pagani Huyara', 'tricolore', 2500000, 'custom_super'),
	('Trophy Truck', 'trophytruck', 60000, 'offroad'),
	('Trophy Truck Limited', 'trophytruck2', 80000, 'offroad'),
	('Tropos', 'tropos', 40000, 'sports'),
	('Turismo R', 'turismor', 350000, 'super'),
	('Tyrus', 'tyrus', 600000, 'super'),
	('Vacca', 'vacca', 120000, 'super'),
	('Vader', 'vader', 7200, 'motorcycles'),
	('Verlierer', 'verlierer2', 70000, 'sports'),
	('Vigero', 'vigero', 12500, 'muscle'),
	('Virgo', 'virgo', 14000, 'muscle'),
	('Viseris', 'viseris', 875000, 'sportsclassics'),
	('Visione', 'visione', 2250000, 'super'),
	('Voltic', 'voltic', 90000, 'super'),
	('Volvo 850R', 'volvo850r', 25000, 'custom_sedan'),
	('Voodoo', 'voodoo', 7200, 'muscle'),
	('Vortex', 'vortex', 9800, 'motorcycles'),
	('Warrener', 'warrener', 4000, 'sedans'),
	('Washington', 'washington', 9000, 'sedans'),
	('Windsor', 'windsor', 95000, 'coupes'),
	('Windsor Drop', 'windsor2', 125000, 'coupes'),
	('Woflsbane', 'wolfsbane', 9000, 'motorcycles'),
	('Rolls Royce Wraith', 'wraith', 400000, 'custom_luxury'),
	('XLS', 'xls', 32000, 'suvs'),
	('Yosemite', 'yosemite', 485000, 'muscle'),
	('Youga', 'youga', 10800, 'vans'),
	('Youga Luxuary', 'youga2', 14500, 'vans'),
	('Z190', 'z190', 900000, 'sportsclassics'),
	('Zentorno', 'zentorno', 1500000, 'super'),
	('Zion', 'zion', 36000, 'coupes'),
	('Zion Cabrio', 'zion2', 45000, 'coupes'),
	('Zombie', 'zombiea', 9500, 'motorcycles'),
	('Zombie Luxuary', 'zombieb', 12000, 'motorcycles'),
	('Z-Type', 'ztype', 220000, 'sportsclassics');
/*!40000 ALTER TABLE `vehicles` ENABLE KEYS */;

-- Dumping structure for table essentialmode.vehicle_categories
CREATE TABLE IF NOT EXISTS `vehicle_categories` (
  `name` varchar(60) COLLATE utf8mb4_bin NOT NULL,
  `label` varchar(60) COLLATE utf8mb4_bin NOT NULL,
  PRIMARY KEY (`name`)
) ENGINE=InnoDB DEFAULT CHARSET=utf8mb4 COLLATE=utf8mb4_bin;

-- Dumping data for table essentialmode.vehicle_categories: ~20 rows (approximately)
/*!40000 ALTER TABLE `vehicle_categories` DISABLE KEYS */;
INSERT INTO `vehicle_categories` (`name`, `label`) VALUES
	('compacts', 'Compacts'),
	('coupes', 'Coupes'),
	('custom_bikes', 'Import Bike'),
	('custom_coupe', 'Import Coupe'),
	('custom_luxury', 'Import Luxury'),
	('custom_muscle', 'Import Muscle'),
	('custom_offroad', 'Import Off-Road'),
	('custom_sedan', 'Import Sedan'),
	('custom_sports', 'Import Sports'),
	('custom_super', 'Import Super'),
	('custom_suvs', 'Import SUVs'),
	('motorcycles', 'Motos'),
	('muscle', 'Muscle'),
	('offroad', 'Off Road'),
	('sedans', 'Sedans'),
	('sports', 'Sports'),
	('sportsclassics', 'Sports Classics'),
	('super', 'Super'),
	('suvs', 'SUVs'),
	('vans', 'Vans');
/*!40000 ALTER TABLE `vehicle_categories` ENABLE KEYS */;

-- Dumping structure for table essentialmode.vehicle_sold
CREATE TABLE IF NOT EXISTS `vehicle_sold` (
  `client` varchar(50) COLLATE utf8mb4_bin NOT NULL,
  `model` varchar(50) COLLATE utf8mb4_bin NOT NULL,
  `plate` varchar(50) COLLATE utf8mb4_bin NOT NULL,
  `soldby` varchar(50) COLLATE utf8mb4_bin NOT NULL,
  `date` varchar(50) COLLATE utf8mb4_bin NOT NULL,
  PRIMARY KEY (`plate`)
) ENGINE=InnoDB DEFAULT CHARSET=utf8mb4 COLLATE=utf8mb4_bin;

-- Dumping data for table essentialmode.vehicle_sold: ~0 rows (approximately)
/*!40000 ALTER TABLE `vehicle_sold` DISABLE KEYS */;
/*!40000 ALTER TABLE `vehicle_sold` ENABLE KEYS */;

-- Dumping structure for table essentialmode.weashops
CREATE TABLE IF NOT EXISTS `weashops` (
  `id` int(11) NOT NULL AUTO_INCREMENT,
  `zone` varchar(255) COLLATE utf8mb4_bin NOT NULL,
  `item` varchar(255) COLLATE utf8mb4_bin NOT NULL,
  `price` int(11) NOT NULL,
  PRIMARY KEY (`id`)
) ENGINE=InnoDB AUTO_INCREMENT=41 DEFAULT CHARSET=utf8mb4 COLLATE=utf8mb4_bin;

-- Dumping data for table essentialmode.weashops: ~12 rows (approximately)
/*!40000 ALTER TABLE `weashops` DISABLE KEYS */;
INSERT INTO `weashops` (`id`, `zone`, `item`, `price`) VALUES
	(1, 'GunShop', 'WEAPON_PISTOL', 3000),
	(2, 'BlackWeashop', 'WEAPON_PISTOL', 2000),
	(3, 'GunShop', 'WEAPON_FLASHLIGHT', 60),
	(4, 'BlackWeashop', 'WEAPON_FLASHLIGHT', 70),
	(5, 'GunShop', 'WEAPON_MACHETE', 900),
	(6, 'BlackWeashop', 'WEAPON_MACHETE', 110),
	(9, 'GunShop', 'WEAPON_BAT', 100),
	(10, 'BlackWeashop', 'WEAPON_BAT', 100),
	(11, 'GunShop', 'WEAPON_STUNGUN', 500),
	(12, 'BlackWeashop', 'WEAPON_STUNGUN', 50),
	(31, 'GunShop', 'WEAPON_BALL', 50),
	(32, 'BlackWeashop', 'WEAPON_BALL', 50);
/*!40000 ALTER TABLE `weashops` ENABLE KEYS */;

/*!40101 SET SQL_MODE=IFNULL(@OLD_SQL_MODE, '') */;
/*!40014 SET FOREIGN_KEY_CHECKS=IF(@OLD_FOREIGN_KEY_CHECKS IS NULL, 1, @OLD_FOREIGN_KEY_CHECKS) */;
/*!40101 SET CHARACTER_SET_CLIENT=@OLD_CHARACTER_SET_CLIENT */;
